2026-05-19 11:20:25,543 - INFO - Iniciando compilação do arquivo entrada.cmm.
2026-05-19 11:20:25,551 - INFO - Token: <TIPO_INT, 'i', 1, 0>
2026-05-19 11:20:25,551 - INFO - Token: <ID, 'x', 1, 2>
2026-05-19 11:20:25,551 - INFO - Token: <ATRIBUICAO, '=', 1, 4>
2026-05-19 11:20:25,551 - INFO - Token: <NUMERO, '1', 1, 6>
2026-05-19 11:20:25,551 - INFO - Token: <SOMA, '+', 1, 8>
2026-05-19 11:20:25,551 - INFO - Token: <NUMERO, '2', 1, 10>
2026-05-19 11:20:25,551 - INFO - Token: <SOMA, '+', 1, 12>
2026-05-19 11:20:25,551 - INFO - Token: <NUMERO, '3', 1, 14>
2026-05-19 11:20:25,551 - INFO - Token: <PONTO_VIRGULA, ';', 1, 15>
2026-05-19 11:20:25,551 - INFO - Token: <TIPO_INT, 'i', 2, 0>
2026-05-19 11:20:25,552 - INFO - Token: <ID, 'y', 2, 2>
2026-05-19 11:20:25,552 - INFO - Token: <ATRIBUICAO, '=', 2, 4>
2026-05-19 11:20:25,552 - INFO - Token: <NUMERO, '2', 2, 6>
2026-05-19 11:20:25,552 - INFO - Token: <MULTIPLICACAO, '*', 2, 8>
2026-05-19 11:20:25,552 - INFO - Token: <NUMERO, '3', 2, 10>
2026-05-19 11:20:25,552 - INFO - Token: <PONTO_VIRGULA, ';', 2, 11>
2026-05-19 11:20:25,552 - INFO - Token: <TIPO_INT, 'i', 3, 0>
2026-05-19 11:20:25,552 - INFO - Token: <ID, 'z', 3, 2>
2026-05-19 11:20:25,552 - INFO - Token: <ATRIBUICAO, '=', 3, 4>
2026-05-19 11:20:25,552 - INFO - Token: <NUMERO, '10', 3, 6>
2026-05-19 11:20:25,552 - INFO - Token: <DIVISAO, '/', 3, 9>
2026-05-19 11:20:25,552 - INFO - Token: <NUMERO, '2', 3, 11>
2026-05-19 11:20:25,552 - INFO - Token: <PONTO_VIRGULA, ';', 3, 12>
2026-05-19 11:20:25,552 - INFO - Token: <PT, 'pt', 5, 0>
2026-05-19 11:20:25,552 - INFO - Token: <ABRE_PARENTESES, '(', 5, 2>
2026-05-19 11:20:25,552 - INFO - Token: <ID, 'x', 5, 3>
2026-05-19 11:20:25,552 - INFO - Token: <FECHA_PARENTESES, ')', 5, 4>
2026-05-19 11:20:25,552 - INFO - Token: <PONTO_VIRGULA, ';', 5, 5>
2026-05-19 11:20:25,552 - INFO - Token: <PT, 'pt', 6, 0>
2026-05-19 11:20:25,552 - INFO - Token: <ABRE_PARENTESES, '(', 6, 2>
2026-05-19 11:20:25,552 - INFO - Token: <ID, 'y', 6, 3>
2026-05-19 11:20:25,552 - INFO - Token: <FECHA_PARENTESES, ')', 6, 4>
2026-05-19 11:20:25,552 - INFO - Token: <PONTO_VIRGULA, ';', 6, 5>
2026-05-19 11:20:25,552 - INFO - Token: <PT, 'pt', 7, 0>
2026-05-19 11:20:25,552 - INFO - Token: <ABRE_PARENTESES, '(', 7, 2>
2026-05-19 11:20:25,552 - INFO - Token: <ID, 'z', 7, 3>
2026-05-19 11:20:25,553 - INFO - Token: <FECHA_PARENTESES, ')', 7, 4>
2026-05-19 11:20:25,553 - INFO - Token: <PONTO_VIRGULA, ';', 7, 5>
2026-05-19 11:20:25,553 - INFO - Token: <TIPO_STR, 's', 8, 0>
2026-05-19 11:20:25,553 - INFO - Token: <ID, 'nome', 8, 2>
2026-05-19 11:20:25,553 - INFO - Token: <ATRIBUICAO, '=', 8, 7>
2026-05-19 11:20:25,553 - INFO - Token: <STRING, '"matheus"', 8, 9>
2026-05-19 11:20:25,553 - INFO - Token: <PONTO_VIRGULA, ';', 8, 18>
2026-05-19 11:20:25,553 - INFO - Token: <PT, 'pt', 9, 0>
2026-05-19 11:20:25,553 - INFO - Token: <ABRE_PARENTESES, '(', 9, 2>
2026-05-19 11:20:25,553 - INFO - Token: <ID, 'nome', 9, 3>
2026-05-19 11:20:25,553 - INFO - Token: <FECHA_PARENTESES, ')', 9, 7>
2026-05-19 11:20:25,553 - INFO - Token: <PONTO_VIRGULA, ';', 9, 8>
2026-05-19 11:20:25,553 - INFO - Token: <TIPO_INT, 'i', 11, 0>
2026-05-19 11:20:25,553 - INFO - Token: <ID, 'n', 11, 2>
2026-05-19 11:20:25,553 - INFO - Token: <ATRIBUICAO, '=', 11, 4>
2026-05-19 11:20:25,553 - INFO - Token: <NUMERO, '5', 11, 6>
2026-05-19 11:20:25,553 - INFO - Token: <PONTO_VIRGULA, ';', 11, 7>
2026-05-19 11:20:25,553 - INFO - Token: <TIPO_INT, 'i', 12, 0>
2026-05-19 11:20:25,553 - INFO - Token: <ID, 'r', 12, 2>
2026-05-19 11:20:25,553 - INFO - Token: <ATRIBUICAO, '=', 12, 4>
2026-05-19 11:20:25,553 - INFO - Token: <NUMERO, '0', 12, 6>
2026-05-19 11:20:25,553 - INFO - Token: <PONTO_VIRGULA, ';', 12, 7>
2026-05-19 11:20:25,553 - INFO - Token: <TIPO_INT, 'i', 13, 0>
2026-05-19 11:20:25,553 - INFO - Token: <ID, 'c', 13, 2>
2026-05-19 11:20:25,553 - INFO - Token: <ATRIBUICAO, '=', 13, 4>
2026-05-19 11:20:25,553 - INFO - Token: <NUMERO, '1', 13, 6>
2026-05-19 11:20:25,553 - INFO - Token: <PONTO_VIRGULA, ';', 13, 7>
2026-05-19 11:20:25,553 - INFO - Token: <TIPO_INT, 'i', 14, 0>
2026-05-19 11:20:25,554 - INFO - Token: <ID, 'k', 14, 2>
2026-05-19 11:20:25,554 - INFO - Token: <ATRIBUICAO, '=', 14, 4>
2026-05-19 11:20:25,554 - INFO - Token: <NUMERO, '0', 14, 6>
2026-05-19 11:20:25,554 - INFO - Token: <PONTO_VIRGULA, ';', 14, 7>
2026-05-19 11:20:25,554 - INFO - Token: <TIPO_INT, 'i', 15, 0>
2026-05-19 11:20:25,554 - INFO - Token: <ID, 'l', 15, 2>
2026-05-19 11:20:25,554 - INFO - Token: <ATRIBUICAO, '=', 15, 4>
2026-05-19 11:20:25,554 - INFO - Token: <NUMERO, '0', 15, 6>
2026-05-19 11:20:25,554 - INFO - Token: <PONTO_VIRGULA, ';', 15, 7>
2026-05-19 11:20:25,554 - INFO - Token: <TIPO_INT, 'i', 16, 0>
2026-05-19 11:20:25,554 - INFO - Token: <ID, 'd', 16, 2>
2026-05-19 11:20:25,554 - INFO - Token: <ATRIBUICAO, '=', 16, 4>
2026-05-19 11:20:25,554 - INFO - Token: <NUMERO, '0', 16, 6>
2026-05-19 11:20:25,554 - INFO - Token: <PONTO_VIRGULA, ';', 16, 7>
2026-05-19 11:20:25,554 - INFO - Token: <TIPO_INT, 'i', 17, 0>
2026-05-19 11:20:25,554 - INFO - Token: <ID, 'e', 17, 2>
2026-05-19 11:20:25,554 - INFO - Token: <ATRIBUICAO, '=', 17, 4>
2026-05-19 11:20:25,554 - INFO - Token: <NUMERO, '0', 17, 6>
2026-05-19 11:20:25,554 - INFO - Token: <PONTO_VIRGULA, ';', 17, 7>
2026-05-19 11:20:25,554 - INFO - Token: <WL, 'wl', 19, 0>
2026-05-19 11:20:25,554 - INFO - Token: <ID, 'r', 19, 3>
2026-05-19 11:20:25,554 - INFO - Token: <MENOR, '<', 19, 5>
2026-05-19 11:20:25,554 - INFO - Token: <ID, 'n', 19, 7>
2026-05-19 11:20:25,554 - INFO - Token: <DO, 'do', 19, 9>
2026-05-19 11:20:25,555 - INFO - Token: <ABRE_CHAVES, '{', 19, 12>
2026-05-19 11:20:25,555 - INFO - Token: <ID, 'c', 20, 4>
2026-05-19 11:20:25,555 - INFO - Token: <ATRIBUICAO, '=', 20, 6>
2026-05-19 11:20:25,555 - INFO - Token: <NUMERO, '1', 20, 8>
2026-05-19 11:20:25,555 - INFO - Token: <PONTO_VIRGULA, ';', 20, 9>
2026-05-19 11:20:25,555 - INFO - Token: <ID, 'k', 21, 4>
2026-05-19 11:20:25,555 - INFO - Token: <ATRIBUICAO, '=', 21, 6>
2026-05-19 11:20:25,555 - INFO - Token: <NUMERO, '0', 21, 8>
2026-05-19 11:20:25,555 - INFO - Token: <PONTO_VIRGULA, ';', 21, 9>
2026-05-19 11:20:25,555 - INFO - Token: <ID, 'l', 22, 4>
2026-05-19 11:20:25,555 - INFO - Token: <ATRIBUICAO, '=', 22, 6>
2026-05-19 11:20:25,555 - INFO - Token: <ID, 'r', 22, 8>
2026-05-19 11:20:25,555 - INFO - Token: <SOMA, '+', 22, 10>
2026-05-19 11:20:25,555 - INFO - Token: <NUMERO, '1', 22, 12>
2026-05-19 11:20:25,555 - INFO - Token: <PONTO_VIRGULA, ';', 22, 13>
2026-05-19 11:20:25,555 - INFO - Token: <WL, 'wl', 23, 4>
2026-05-19 11:20:25,555 - INFO - Token: <ID, 'k', 23, 7>
2026-05-19 11:20:25,555 - INFO - Token: <MENOR, '<', 23, 9>
2026-05-19 11:20:25,555 - INFO - Token: <ID, 'l', 23, 11>
2026-05-19 11:20:25,555 - INFO - Token: <DO, 'do', 23, 13>
2026-05-19 11:20:25,555 - INFO - Token: <ABRE_CHAVES, '{', 23, 16>
2026-05-19 11:20:25,555 - INFO - Token: <PT, 'pt', 25, 8>
2026-05-19 11:20:25,555 - INFO - Token: <ABRE_PARENTESES, '(', 25, 10>
2026-05-19 11:20:25,555 - INFO - Token: <ID, 'c', 25, 11>
2026-05-19 11:20:25,555 - INFO - Token: <FECHA_PARENTESES, ')', 25, 12>
2026-05-19 11:20:25,555 - INFO - Token: <PONTO_VIRGULA, ';', 25, 13>
2026-05-19 11:20:25,556 - INFO - Token: <ID, 'd', 26, 8>
2026-05-19 11:20:25,556 - INFO - Token: <ATRIBUICAO, '=', 26, 10>
2026-05-19 11:20:25,556 - INFO - Token: <ID, 'r', 26, 12>
2026-05-19 11:20:25,556 - INFO - Token: <SUBTRACAO, '-', 26, 14>
2026-05-19 11:20:25,556 - INFO - Token: <ID, 'k', 26, 16>
2026-05-19 11:20:25,556 - INFO - Token: <PONTO_VIRGULA, ';', 26, 17>
2026-05-19 11:20:25,556 - INFO - Token: <ID, 'e', 27, 8>
2026-05-19 11:20:25,556 - INFO - Token: <ATRIBUICAO, '=', 27, 10>
2026-05-19 11:20:25,556 - INFO - Token: <ID, 'k', 27, 12>
2026-05-19 11:20:25,556 - INFO - Token: <SOMA, '+', 27, 14>
2026-05-19 11:20:25,556 - INFO - Token: <NUMERO, '1', 27, 16>
2026-05-19 11:20:25,556 - INFO - Token: <PONTO_VIRGULA, ';', 27, 17>
2026-05-19 11:20:25,556 - INFO - Token: <ID, 'c', 28, 8>
2026-05-19 11:20:25,556 - INFO - Token: <ATRIBUICAO, '=', 28, 10>
2026-05-19 11:20:25,556 - INFO - Token: <ID, 'c', 28, 12>
2026-05-19 11:20:25,556 - INFO - Token: <MULTIPLICACAO, '*', 28, 14>
2026-05-19 11:20:25,556 - INFO - Token: <ID, 'd', 28, 16>
2026-05-19 11:20:25,556 - INFO - Token: <DIVISAO, '/', 28, 18>
2026-05-19 11:20:25,556 - INFO - Token: <ID, 'e', 28, 20>
2026-05-19 11:20:25,556 - INFO - Token: <PONTO_VIRGULA, ';', 28, 21>
2026-05-19 11:20:25,556 - INFO - Token: <ID, 'k', 30, 8>
2026-05-19 11:20:25,556 - INFO - Token: <ATRIBUICAO, '=', 30, 10>
2026-05-19 11:20:25,556 - INFO - Token: <ID, 'k', 30, 12>
2026-05-19 11:20:25,556 - INFO - Token: <SOMA, '+', 30, 14>
2026-05-19 11:20:25,556 - INFO - Token: <NUMERO, '1', 30, 16>
2026-05-19 11:20:25,556 - INFO - Token: <PONTO_VIRGULA, ';', 30, 17>
2026-05-19 11:20:25,556 - INFO - Token: <FECHA_CHAVES, '}', 31, 4>
2026-05-19 11:20:25,557 - INFO - Token: <PT, 'pt', 33, 4>
2026-05-19 11:20:25,557 - INFO - Token: <ABRE_PARENTESES, '(', 33, 6>
2026-05-19 11:20:25,557 - INFO - Token: <STRING, '"---"', 33, 7>
2026-05-19 11:20:25,557 - INFO - Token: <FECHA_PARENTESES, ')', 33, 12>
2026-05-19 11:20:25,557 - INFO - Token: <PONTO_VIRGULA, ';', 33, 13>
2026-05-19 11:20:25,557 - INFO - Token: <ID, 'r', 34, 4>
2026-05-19 11:20:25,557 - INFO - Token: <ATRIBUICAO, '=', 34, 6>
2026-05-19 11:20:25,557 - INFO - Token: <ID, 'r', 34, 8>
2026-05-19 11:20:25,557 - INFO - Token: <SOMA, '+', 34, 10>
2026-05-19 11:20:25,557 - INFO - Token: <NUMERO, '1', 34, 12>
2026-05-19 11:20:25,557 - INFO - Token: <PONTO_VIRGULA, ';', 34, 13>
2026-05-19 11:20:25,557 - INFO - Token: <FECHA_CHAVES, '}', 35, 0>
2026-05-19 11:20:25,557 - INFO - Iniciando análise sintática.
2026-05-19 11:20:25,564 - INFO - Análise sintática concluída.
2026-05-19 11:20:25,564 - INFO - Iniciando análise semântica.
2026-05-19 11:20:25,564 - INFO - Análise semântica concluída sem erros.
2026-05-19 11:20:25,564 - INFO - Análise semântica concluída.
2026-05-19 11:21:00,680 - INFO - Iniciando compilação do arquivo entrada.cmm.
2026-05-19 11:21:00,690 - INFO - Token: <TIPO_INT, 'i', 1, 0>
2026-05-19 11:21:00,690 - INFO - Token: <ID, 'x', 1, 2>
2026-05-19 11:21:00,690 - INFO - Token: <ATRIBUICAO, '=', 1, 4>
2026-05-19 11:21:00,690 - INFO - Token: <NUMERO, '1', 1, 6>
2026-05-19 11:21:00,691 - INFO - Token: <SOMA, '+', 1, 8>
2026-05-19 11:21:00,691 - INFO - Token: <NUMERO, '2', 1, 10>
2026-05-19 11:21:00,691 - INFO - Token: <SOMA, '+', 1, 12>
2026-05-19 11:21:00,691 - INFO - Token: <NUMERO, '3', 1, 14>
2026-05-19 11:21:00,691 - INFO - Token: <PONTO_VIRGULA, ';', 1, 15>
2026-05-19 11:21:00,691 - INFO - Token: <TIPO_INT, 'i', 2, 0>
2026-05-19 11:21:00,691 - INFO - Token: <ID, 'y', 2, 2>
2026-05-19 11:21:00,691 - INFO - Token: <ATRIBUICAO, '=', 2, 4>
2026-05-19 11:21:00,691 - INFO - Token: <NUMERO, '2', 2, 6>
2026-05-19 11:21:00,691 - INFO - Token: <MULTIPLICACAO, '*', 2, 8>
2026-05-19 11:21:00,691 - INFO - Token: <NUMERO, '3', 2, 10>
2026-05-19 11:21:00,691 - INFO - Token: <PONTO_VIRGULA, ';', 2, 11>
2026-05-19 11:21:00,691 - INFO - Token: <TIPO_INT, 'i', 3, 0>
2026-05-19 11:21:00,691 - INFO - Token: <ID, 'z', 3, 2>
2026-05-19 11:21:00,691 - INFO - Token: <ATRIBUICAO, '=', 3, 4>
2026-05-19 11:21:00,691 - INFO - Token: <NUMERO, '10', 3, 6>
2026-05-19 11:21:00,691 - INFO - Token: <DIVISAO, '/', 3, 9>
2026-05-19 11:21:00,692 - INFO - Token: <NUMERO, '2', 3, 11>
2026-05-19 11:21:00,692 - INFO - Token: <PONTO_VIRGULA, ';', 3, 12>
2026-05-19 11:21:00,692 - INFO - Token: <PT, 'pt', 5, 0>
2026-05-19 11:21:00,692 - INFO - Token: <ABRE_PARENTESES, '(', 5, 2>
2026-05-19 11:21:00,692 - INFO - Token: <ID, 'x', 5, 3>
2026-05-19 11:21:00,692 - INFO - Token: <FECHA_PARENTESES, ')', 5, 4>
2026-05-19 11:21:00,692 - INFO - Token: <PONTO_VIRGULA, ';', 5, 5>
2026-05-19 11:21:00,692 - INFO - Token: <PT, 'pt', 6, 0>
2026-05-19 11:21:00,692 - INFO - Token: <ABRE_PARENTESES, '(', 6, 2>
2026-05-19 11:21:00,692 - INFO - Token: <ID, 'y', 6, 3>
2026-05-19 11:21:00,692 - INFO - Token: <FECHA_PARENTESES, ')', 6, 4>
2026-05-19 11:21:00,692 - INFO - Token: <PONTO_VIRGULA, ';', 6, 5>
2026-05-19 11:21:00,693 - INFO - Token: <PT, 'pt', 7, 0>
2026-05-19 11:21:00,693 - INFO - Token: <ABRE_PARENTESES, '(', 7, 2>
2026-05-19 11:21:00,693 - INFO - Token: <ID, 'z', 7, 3>
2026-05-19 11:21:00,693 - INFO - Token: <FECHA_PARENTESES, ')', 7, 4>
2026-05-19 11:21:00,693 - INFO - Token: <PONTO_VIRGULA, ';', 7, 5>
2026-05-19 11:21:00,693 - INFO - Token: <TIPO_STR, 's', 8, 0>
2026-05-19 11:21:00,693 - INFO - Token: <ID, 'nome', 8, 2>
2026-05-19 11:21:00,693 - INFO - Token: <ATRIBUICAO, '=', 8, 7>
2026-05-19 11:21:00,693 - INFO - Token: <STRING, '"matheus"', 8, 9>
2026-05-19 11:21:00,693 - INFO - Token: <PONTO_VIRGULA, ';', 8, 18>
2026-05-19 11:21:00,693 - INFO - Token: <PT, 'pt', 9, 0>
2026-05-19 11:21:00,693 - INFO - Token: <ABRE_PARENTESES, '(', 9, 2>
2026-05-19 11:21:00,693 - INFO - Token: <ID, 'nome', 9, 3>
2026-05-19 11:21:00,693 - INFO - Token: <FECHA_PARENTESES, ')', 9, 7>
2026-05-19 11:21:00,693 - INFO - Token: <PONTO_VIRGULA, ';', 9, 8>
2026-05-19 11:21:00,693 - INFO - Token: <TIPO_INT, 'i', 11, 0>
2026-05-19 11:21:00,693 - INFO - Token: <ID, 'n', 11, 2>
2026-05-19 11:21:00,693 - INFO - Token: <ATRIBUICAO, '=', 11, 4>
2026-05-19 11:21:00,693 - INFO - Token: <NUMERO, '5', 11, 6>
2026-05-19 11:21:00,693 - INFO - Token: <PONTO_VIRGULA, ';', 11, 7>
2026-05-19 11:21:00,693 - INFO - Token: <TIPO_INT, 'i', 12, 0>
2026-05-19 11:21:00,693 - INFO - Token: <ID, 'r', 12, 2>
2026-05-19 11:21:00,694 - INFO - Token: <ATRIBUICAO, '=', 12, 4>
2026-05-19 11:21:00,694 - INFO - Token: <NUMERO, '0', 12, 6>
2026-05-19 11:21:00,694 - INFO - Token: <PONTO_VIRGULA, ';', 12, 7>
2026-05-19 11:21:00,694 - INFO - Token: <TIPO_INT, 'i', 13, 0>
2026-05-19 11:21:00,694 - INFO - Token: <ID, 'c', 13, 2>
2026-05-19 11:21:00,694 - INFO - Token: <ATRIBUICAO, '=', 13, 4>
2026-05-19 11:21:00,694 - INFO - Token: <NUMERO, '1', 13, 6>
2026-05-19 11:21:00,694 - INFO - Token: <PONTO_VIRGULA, ';', 13, 7>
2026-05-19 11:21:00,694 - INFO - Token: <TIPO_INT, 'i', 14, 0>
2026-05-19 11:21:00,694 - INFO - Token: <ID, 'k', 14, 2>
2026-05-19 11:21:00,694 - INFO - Token: <ATRIBUICAO, '=', 14, 4>
2026-05-19 11:21:00,695 - INFO - Token: <NUMERO, '0', 14, 6>
2026-05-19 11:21:00,695 - INFO - Token: <PONTO_VIRGULA, ';', 14, 7>
2026-05-19 11:21:00,695 - INFO - Token: <TIPO_INT, 'i', 15, 0>
2026-05-19 11:21:00,695 - INFO - Token: <ID, 'l', 15, 2>
2026-05-19 11:21:00,695 - INFO - Token: <ATRIBUICAO, '=', 15, 4>
2026-05-19 11:21:00,695 - INFO - Token: <NUMERO, '0', 15, 6>
2026-05-19 11:21:00,695 - INFO - Token: <PONTO_VIRGULA, ';', 15, 7>
2026-05-19 11:21:00,695 - INFO - Token: <TIPO_INT, 'i', 16, 0>
2026-05-19 11:21:00,695 - INFO - Token: <ID, 'd', 16, 2>
2026-05-19 11:21:00,695 - INFO - Token: <ATRIBUICAO, '=', 16, 4>
2026-05-19 11:21:00,695 - INFO - Token: <NUMERO, '0', 16, 6>
2026-05-19 11:21:00,695 - INFO - Token: <PONTO_VIRGULA, ';', 16, 7>
2026-05-19 11:21:00,695 - INFO - Token: <TIPO_INT, 'i', 17, 0>
2026-05-19 11:21:00,695 - INFO - Token: <ID, 'e', 17, 2>
2026-05-19 11:21:00,695 - INFO - Token: <ATRIBUICAO, '=', 17, 4>
2026-05-19 11:21:00,695 - INFO - Token: <NUMERO, '0', 17, 6>
2026-05-19 11:21:00,696 - INFO - Token: <PONTO_VIRGULA, ';', 17, 7>
2026-05-19 11:21:00,696 - INFO - Token: <WL, 'wl', 19, 0>
2026-05-19 11:21:00,696 - INFO - Token: <ID, 'r', 19, 3>
2026-05-19 11:21:00,696 - INFO - Token: <MENOR, '<', 19, 5>
2026-05-19 11:21:00,696 - INFO - Token: <ID, 'n', 19, 7>
2026-05-19 11:21:00,696 - INFO - Token: <DO, 'do', 19, 9>
2026-05-19 11:21:00,696 - INFO - Token: <ABRE_CHAVES, '{', 19, 12>
2026-05-19 11:21:00,696 - INFO - Token: <ID, 'c', 20, 4>
2026-05-19 11:21:00,696 - INFO - Token: <ATRIBUICAO, '=', 20, 6>
2026-05-19 11:21:00,696 - INFO - Token: <NUMERO, '1', 20, 8>
2026-05-19 11:21:00,696 - INFO - Token: <PONTO_VIRGULA, ';', 20, 9>
2026-05-19 11:21:00,697 - INFO - Token: <ID, 'k', 21, 4>
2026-05-19 11:21:00,697 - INFO - Token: <ATRIBUICAO, '=', 21, 6>
2026-05-19 11:21:00,697 - INFO - Token: <NUMERO, '0', 21, 8>
2026-05-19 11:21:00,697 - INFO - Token: <PONTO_VIRGULA, ';', 21, 9>
2026-05-19 11:21:00,697 - INFO - Token: <ID, 'l', 22, 4>
2026-05-19 11:21:00,697 - INFO - Token: <ATRIBUICAO, '=', 22, 6>
2026-05-19 11:21:00,697 - INFO - Token: <ID, 'r', 22, 8>
2026-05-19 11:21:00,697 - INFO - Token: <SOMA, '+', 22, 10>
2026-05-19 11:21:00,697 - INFO - Token: <NUMERO, '1', 22, 12>
2026-05-19 11:21:00,697 - INFO - Token: <PONTO_VIRGULA, ';', 22, 13>
2026-05-19 11:21:00,697 - INFO - Token: <WL, 'wl', 23, 4>
2026-05-19 11:21:00,697 - INFO - Token: <ID, 'k', 23, 7>
2026-05-19 11:21:00,697 - INFO - Token: <MENOR, '<', 23, 9>
2026-05-19 11:21:00,697 - INFO - Token: <ID, 'l', 23, 11>
2026-05-19 11:21:00,697 - INFO - Token: <DO, 'do', 23, 13>
2026-05-19 11:21:00,697 - INFO - Token: <ABRE_CHAVES, '{', 23, 16>
2026-05-19 11:21:00,697 - INFO - Token: <PT, 'pt', 25, 8>
2026-05-19 11:21:00,697 - INFO - Token: <ABRE_PARENTESES, '(', 25, 10>
2026-05-19 11:21:00,698 - INFO - Token: <ID, 'c', 25, 11>
2026-05-19 11:21:00,698 - INFO - Token: <FECHA_PARENTESES, ')', 25, 12>
2026-05-19 11:21:00,698 - INFO - Token: <PONTO_VIRGULA, ';', 25, 13>
2026-05-19 11:21:00,698 - INFO - Token: <ID, 'd', 26, 8>
2026-05-19 11:21:00,698 - INFO - Token: <ATRIBUICAO, '=', 26, 10>
2026-05-19 11:21:00,698 - INFO - Token: <ID, 'r', 26, 12>
2026-05-19 11:21:00,698 - INFO - Token: <SUBTRACAO, '-', 26, 14>
2026-05-19 11:21:00,698 - INFO - Token: <ID, 'k', 26, 16>
2026-05-19 11:21:00,698 - INFO - Token: <PONTO_VIRGULA, ';', 26, 17>
2026-05-19 11:21:00,698 - INFO - Token: <ID, 'e', 27, 8>
2026-05-19 11:21:00,698 - INFO - Token: <ATRIBUICAO, '=', 27, 10>
2026-05-19 11:21:00,698 - INFO - Token: <ID, 'k', 27, 12>
2026-05-19 11:21:00,698 - INFO - Token: <SOMA, '+', 27, 14>
2026-05-19 11:21:00,698 - INFO - Token: <NUMERO, '1', 27, 16>
2026-05-19 11:21:00,698 - INFO - Token: <PONTO_VIRGULA, ';', 27, 17>
2026-05-19 11:21:00,698 - INFO - Token: <ID, 'c', 28, 8>
2026-05-19 11:21:00,698 - INFO - Token: <ATRIBUICAO, '=', 28, 10>
2026-05-19 11:21:00,698 - INFO - Token: <ID, 'c', 28, 12>
2026-05-19 11:21:00,698 - INFO - Token: <MULTIPLICACAO, '*', 28, 14>
2026-05-19 11:21:00,698 - INFO - Token: <ID, 'd', 28, 16>
2026-05-19 11:21:00,698 - INFO - Token: <DIVISAO, '/', 28, 18>
2026-05-19 11:21:00,698 - INFO - Token: <ID, 'e', 28, 20>
2026-05-19 11:21:00,698 - INFO - Token: <PONTO_VIRGULA, ';', 28, 21>
2026-05-19 11:21:00,699 - INFO - Token: <ID, 'k', 30, 8>
2026-05-19 11:21:00,699 - INFO - Token: <ATRIBUICAO, '=', 30, 10>
2026-05-19 11:21:00,699 - INFO - Token: <ID, 'k', 30, 12>
2026-05-19 11:21:00,699 - INFO - Token: <SOMA, '+', 30, 14>
2026-05-19 11:21:00,699 - INFO - Token: <NUMERO, '1', 30, 16>
2026-05-19 11:21:00,699 - INFO - Token: <PONTO_VIRGULA, ';', 30, 17>
2026-05-19 11:21:00,699 - INFO - Token: <FECHA_CHAVES, '}', 31, 4>
2026-05-19 11:21:00,699 - INFO - Token: <PT, 'pt', 33, 4>
2026-05-19 11:21:00,699 - INFO - Token: <ABRE_PARENTESES, '(', 33, 6>
2026-05-19 11:21:00,699 - INFO - Token: <STRING, '"---"', 33, 7>
2026-05-19 11:21:00,699 - INFO - Token: <FECHA_PARENTESES, ')', 33, 12>
2026-05-19 11:21:00,699 - INFO - Token: <PONTO_VIRGULA, ';', 33, 13>
2026-05-19 11:21:00,699 - INFO - Token: <ID, 'r', 34, 4>
2026-05-19 11:21:00,699 - INFO - Token: <ATRIBUICAO, '=', 34, 6>
2026-05-19 11:21:00,699 - INFO - Token: <ID, 'r', 34, 8>
2026-05-19 11:21:00,699 - INFO - Token: <SOMA, '+', 34, 10>
2026-05-19 11:21:00,699 - INFO - Token: <NUMERO, '1', 34, 12>
2026-05-19 11:21:00,699 - INFO - Token: <PONTO_VIRGULA, ';', 34, 13>
2026-05-19 11:21:00,699 - INFO - Token: <FECHA_CHAVES, '}', 35, 0>
2026-05-19 11:21:00,699 - INFO - Iniciando análise sintática.
2026-05-19 11:21:00,706 - INFO - Análise sintática concluída.
2026-05-19 11:21:00,706 - INFO - Iniciando análise semântica.
2026-05-19 11:21:00,707 - INFO - Análise semântica concluída sem erros.
2026-05-19 11:21:00,707 - INFO - Análise semântica concluída.
2026-05-19 11:21:21,210 - INFO - Iniciando compilação do arquivo entrada.cmm.
2026-05-19 11:21:21,218 - INFO - Token: <TIPO_INT, 'i', 1, 0>
2026-05-19 11:21:21,218 - INFO - Token: <ID, 'x', 1, 2>
2026-05-19 11:21:21,218 - INFO - Token: <ATRIBUICAO, '=', 1, 4>
2026-05-19 11:21:21,218 - INFO - Token: <NUMERO, '1', 1, 6>
2026-05-19 11:21:21,218 - INFO - Token: <SOMA, '+', 1, 8>
2026-05-19 11:21:21,218 - INFO - Token: <NUMERO, '2', 1, 10>
2026-05-19 11:21:21,218 - INFO - Token: <SOMA, '+', 1, 12>
2026-05-19 11:21:21,218 - INFO - Token: <NUMERO, '3', 1, 14>
2026-05-19 11:21:21,218 - INFO - Token: <PONTO_VIRGULA, ';', 1, 15>
2026-05-19 11:21:21,218 - INFO - Token: <TIPO_INT, 'i', 2, 0>
2026-05-19 11:21:21,219 - INFO - Token: <ID, 'y', 2, 2>
2026-05-19 11:21:21,219 - INFO - Token: <ATRIBUICAO, '=', 2, 4>
2026-05-19 11:21:21,219 - INFO - Token: <NUMERO, '2', 2, 6>
2026-05-19 11:21:21,219 - INFO - Token: <MULTIPLICACAO, '*', 2, 8>
2026-05-19 11:21:21,219 - INFO - Token: <NUMERO, '3', 2, 10>
2026-05-19 11:21:21,219 - INFO - Token: <PONTO_VIRGULA, ';', 2, 11>
2026-05-19 11:21:21,219 - INFO - Token: <TIPO_INT, 'i', 3, 0>
2026-05-19 11:21:21,219 - INFO - Token: <ID, 'z', 3, 2>
2026-05-19 11:21:21,219 - INFO - Token: <ATRIBUICAO, '=', 3, 4>
2026-05-19 11:21:21,219 - INFO - Token: <NUMERO, '10', 3, 6>
2026-05-19 11:21:21,219 - INFO - Token: <DIVISAO, '/', 3, 9>
2026-05-19 11:21:21,219 - INFO - Token: <NUMERO, '2', 3, 11>
2026-05-19 11:21:21,219 - INFO - Token: <PONTO_VIRGULA, ';', 3, 12>
2026-05-19 11:21:21,219 - INFO - Token: <PT, 'pt', 5, 0>
2026-05-19 11:21:21,219 - INFO - Token: <ABRE_PARENTESES, '(', 5, 2>
2026-05-19 11:21:21,219 - INFO - Token: <ID, 'x', 5, 3>
2026-05-19 11:21:21,219 - INFO - Token: <FECHA_PARENTESES, ')', 5, 4>
2026-05-19 11:21:21,219 - INFO - Token: <PONTO_VIRGULA, ';', 5, 5>
2026-05-19 11:21:21,219 - INFO - Token: <PT, 'pt', 6, 0>
2026-05-19 11:21:21,219 - INFO - Token: <ABRE_PARENTESES, '(', 6, 2>
2026-05-19 11:21:21,219 - INFO - Token: <ID, 'y', 6, 3>
2026-05-19 11:21:21,219 - INFO - Token: <FECHA_PARENTESES, ')', 6, 4>
2026-05-19 11:21:21,219 - INFO - Token: <PONTO_VIRGULA, ';', 6, 5>
2026-05-19 11:21:21,219 - INFO - Token: <PT, 'pt', 7, 0>
2026-05-19 11:21:21,219 - INFO - Token: <ABRE_PARENTESES, '(', 7, 2>
2026-05-19 11:21:21,220 - INFO - Token: <ID, 'z', 7, 3>
2026-05-19 11:21:21,220 - INFO - Token: <FECHA_PARENTESES, ')', 7, 4>
2026-05-19 11:21:21,220 - INFO - Token: <PONTO_VIRGULA, ';', 7, 5>
2026-05-19 11:21:21,220 - INFO - Token: <TIPO_STR, 's', 8, 0>
2026-05-19 11:21:21,220 - INFO - Token: <ID, 'nome', 8, 2>
2026-05-19 11:21:21,220 - INFO - Token: <ATRIBUICAO, '=', 8, 7>
2026-05-19 11:21:21,220 - INFO - Token: <STRING, '"matheus"', 8, 9>
2026-05-19 11:21:21,220 - INFO - Token: <PONTO_VIRGULA, ';', 8, 18>
2026-05-19 11:21:21,220 - INFO - Token: <PT, 'pt', 9, 0>
2026-05-19 11:21:21,220 - INFO - Token: <ABRE_PARENTESES, '(', 9, 2>
2026-05-19 11:21:21,220 - INFO - Token: <ID, 'nome', 9, 3>
2026-05-19 11:21:21,220 - INFO - Token: <FECHA_PARENTESES, ')', 9, 7>
2026-05-19 11:21:21,220 - INFO - Token: <PONTO_VIRGULA, ';', 9, 8>
2026-05-19 11:21:21,220 - INFO - Token: <TIPO_INT, 'i', 11, 0>
2026-05-19 11:21:21,220 - INFO - Token: <ID, 'n', 11, 2>
2026-05-19 11:21:21,220 - INFO - Token: <ATRIBUICAO, '=', 11, 4>
2026-05-19 11:21:21,220 - INFO - Token: <NUMERO, '5', 11, 6>
2026-05-19 11:21:21,220 - INFO - Token: <PONTO_VIRGULA, ';', 11, 7>
2026-05-19 11:21:21,220 - INFO - Token: <TIPO_INT, 'i', 12, 0>
2026-05-19 11:21:21,220 - INFO - Token: <ID, 'r', 12, 2>
2026-05-19 11:21:21,220 - INFO - Token: <ATRIBUICAO, '=', 12, 4>
2026-05-19 11:21:21,220 - INFO - Token: <NUMERO, '0', 12, 6>
2026-05-19 11:21:21,220 - INFO - Token: <PONTO_VIRGULA, ';', 12, 7>
2026-05-19 11:21:21,220 - INFO - Token: <TIPO_INT, 'i', 13, 0>
2026-05-19 11:21:21,220 - INFO - Token: <ID, 'c', 13, 2>
2026-05-19 11:21:21,220 - INFO - Token: <ATRIBUICAO, '=', 13, 4>
2026-05-19 11:21:21,221 - INFO - Token: <NUMERO, '1', 13, 6>
2026-05-19 11:21:21,221 - INFO - Token: <PONTO_VIRGULA, ';', 13, 7>
2026-05-19 11:21:21,221 - INFO - Token: <TIPO_INT, 'i', 14, 0>
2026-05-19 11:21:21,221 - INFO - Token: <ID, 'k', 14, 2>
2026-05-19 11:21:21,221 - INFO - Token: <ATRIBUICAO, '=', 14, 4>
2026-05-19 11:21:21,221 - INFO - Token: <NUMERO, '0', 14, 6>
2026-05-19 11:21:21,221 - INFO - Token: <PONTO_VIRGULA, ';', 14, 7>
2026-05-19 11:21:21,221 - INFO - Token: <TIPO_INT, 'i', 15, 0>
2026-05-19 11:21:21,221 - INFO - Token: <ID, 'l', 15, 2>
2026-05-19 11:21:21,221 - INFO - Token: <ATRIBUICAO, '=', 15, 4>
2026-05-19 11:21:21,221 - INFO - Token: <NUMERO, '0', 15, 6>
2026-05-19 11:21:21,221 - INFO - Token: <PONTO_VIRGULA, ';', 15, 7>
2026-05-19 11:21:21,221 - INFO - Token: <TIPO_INT, 'i', 16, 0>
2026-05-19 11:21:21,221 - INFO - Token: <ID, 'd', 16, 2>
2026-05-19 11:21:21,221 - INFO - Token: <ATRIBUICAO, '=', 16, 4>
2026-05-19 11:21:21,221 - INFO - Token: <NUMERO, '0', 16, 6>
2026-05-19 11:21:21,221 - INFO - Token: <PONTO_VIRGULA, ';', 16, 7>
2026-05-19 11:21:21,221 - INFO - Token: <TIPO_INT, 'i', 17, 0>
2026-05-19 11:21:21,221 - INFO - Token: <ID, 'e', 17, 2>
2026-05-19 11:21:21,221 - INFO - Token: <ATRIBUICAO, '=', 17, 4>
2026-05-19 11:21:21,221 - INFO - Token: <NUMERO, '0', 17, 6>
2026-05-19 11:21:21,221 - INFO - Token: <PONTO_VIRGULA, ';', 17, 7>
2026-05-19 11:21:21,221 - INFO - Token: <WL, 'wl', 19, 0>
2026-05-19 11:21:21,221 - INFO - Token: <ID, 'r', 19, 3>
2026-05-19 11:21:21,221 - INFO - Token: <MENOR, '<', 19, 5>
2026-05-19 11:21:21,221 - INFO - Token: <ID, 'n', 19, 7>
2026-05-19 11:21:21,222 - INFO - Token: <DO, 'do', 19, 9>
2026-05-19 11:21:21,222 - INFO - Token: <ABRE_CHAVES, '{', 19, 12>
2026-05-19 11:21:21,222 - INFO - Token: <ID, 'c', 20, 4>
2026-05-19 11:21:21,222 - INFO - Token: <ATRIBUICAO, '=', 20, 6>
2026-05-19 11:21:21,222 - INFO - Token: <NUMERO, '1', 20, 8>
2026-05-19 11:21:21,222 - INFO - Token: <PONTO_VIRGULA, ';', 20, 9>
2026-05-19 11:21:21,222 - INFO - Token: <ID, 'k', 21, 4>
2026-05-19 11:21:21,222 - INFO - Token: <ATRIBUICAO, '=', 21, 6>
2026-05-19 11:21:21,222 - INFO - Token: <NUMERO, '0', 21, 8>
2026-05-19 11:21:21,222 - INFO - Token: <PONTO_VIRGULA, ';', 21, 9>
2026-05-19 11:21:21,222 - INFO - Token: <ID, 'l', 22, 4>
2026-05-19 11:21:21,222 - INFO - Token: <ATRIBUICAO, '=', 22, 6>
2026-05-19 11:21:21,222 - INFO - Token: <ID, 'r', 22, 8>
2026-05-19 11:21:21,222 - INFO - Token: <SOMA, '+', 22, 10>
2026-05-19 11:21:21,222 - INFO - Token: <NUMERO, '1', 22, 12>
2026-05-19 11:21:21,222 - INFO - Token: <PONTO_VIRGULA, ';', 22, 13>
2026-05-19 11:21:21,222 - INFO - Token: <WL, 'wl', 23, 4>
2026-05-19 11:21:21,222 - INFO - Token: <ID, 'k', 23, 7>
2026-05-19 11:21:21,222 - INFO - Token: <MENOR, '<', 23, 9>
2026-05-19 11:21:21,222 - INFO - Token: <ID, 'l', 23, 11>
2026-05-19 11:21:21,222 - INFO - Token: <DO, 'do', 23, 13>
2026-05-19 11:21:21,222 - INFO - Token: <ABRE_CHAVES, '{', 23, 16>
2026-05-19 11:21:21,222 - INFO - Token: <PT, 'pt', 25, 8>
2026-05-19 11:21:21,222 - INFO - Token: <ABRE_PARENTESES, '(', 25, 10>
2026-05-19 11:21:21,222 - INFO - Token: <ID, 'c', 25, 11>
2026-05-19 11:21:21,222 - INFO - Token: <FECHA_PARENTESES, ')', 25, 12>
2026-05-19 11:21:21,223 - INFO - Token: <PONTO_VIRGULA, ';', 25, 13>
2026-05-19 11:21:21,223 - INFO - Token: <ID, 'd', 26, 8>
2026-05-19 11:21:21,223 - INFO - Token: <ATRIBUICAO, '=', 26, 10>
2026-05-19 11:21:21,223 - INFO - Token: <ID, 'r', 26, 12>
2026-05-19 11:21:21,223 - INFO - Token: <SUBTRACAO, '-', 26, 14>
2026-05-19 11:21:21,223 - INFO - Token: <ID, 'k', 26, 16>
2026-05-19 11:21:21,223 - INFO - Token: <PONTO_VIRGULA, ';', 26, 17>
2026-05-19 11:21:21,223 - INFO - Token: <ID, 'e', 27, 8>
2026-05-19 11:21:21,223 - INFO - Token: <ATRIBUICAO, '=', 27, 10>
2026-05-19 11:21:21,223 - INFO - Token: <ID, 'k', 27, 12>
2026-05-19 11:21:21,223 - INFO - Token: <SOMA, '+', 27, 14>
2026-05-19 11:21:21,223 - INFO - Token: <NUMERO, '1', 27, 16>
2026-05-19 11:21:21,223 - INFO - Token: <PONTO_VIRGULA, ';', 27, 17>
2026-05-19 11:21:21,223 - INFO - Token: <ID, 'c', 28, 8>
2026-05-19 11:21:21,223 - INFO - Token: <ATRIBUICAO, '=', 28, 10>
2026-05-19 11:21:21,223 - INFO - Token: <ID, 'c', 28, 12>
2026-05-19 11:21:21,223 - INFO - Token: <MULTIPLICACAO, '*', 28, 14>
2026-05-19 11:21:21,223 - INFO - Token: <ID, 'd', 28, 16>
2026-05-19 11:21:21,223 - INFO - Token: <DIVISAO, '/', 28, 18>
2026-05-19 11:21:21,224 - INFO - Token: <ID, 'e', 28, 20>
2026-05-19 11:21:21,224 - INFO - Token: <PONTO_VIRGULA, ';', 28, 21>
2026-05-19 11:21:21,224 - INFO - Token: <ID, 'k', 30, 8>
2026-05-19 11:21:21,224 - INFO - Token: <ATRIBUICAO, '=', 30, 10>
2026-05-19 11:21:21,224 - INFO - Token: <ID, 'k', 30, 12>
2026-05-19 11:21:21,224 - INFO - Token: <SOMA, '+', 30, 14>
2026-05-19 11:21:21,224 - INFO - Token: <NUMERO, '1', 30, 16>
2026-05-19 11:21:21,224 - INFO - Token: <PONTO_VIRGULA, ';', 30, 17>
2026-05-19 11:21:21,224 - INFO - Token: <FECHA_CHAVES, '}', 31, 4>
2026-05-19 11:21:21,224 - INFO - Token: <PT, 'pt', 33, 4>
2026-05-19 11:21:21,224 - INFO - Token: <ABRE_PARENTESES, '(', 33, 6>
2026-05-19 11:21:21,224 - INFO - Token: <STRING, '"---"', 33, 7>
2026-05-19 11:21:21,224 - INFO - Token: <FECHA_PARENTESES, ')', 33, 12>
2026-05-19 11:21:21,224 - INFO - Token: <PONTO_VIRGULA, ';', 33, 13>
2026-05-19 11:21:21,224 - INFO - Token: <ID, 'r', 34, 4>
2026-05-19 11:21:21,224 - INFO - Token: <ATRIBUICAO, '=', 34, 6>
2026-05-19 11:21:21,224 - INFO - Token: <ID, 'r', 34, 8>
2026-05-19 11:21:21,224 - INFO - Token: <SOMA, '+', 34, 10>
2026-05-19 11:21:21,224 - INFO - Token: <NUMERO, '1', 34, 12>
2026-05-19 11:21:21,224 - INFO - Token: <PONTO_VIRGULA, ';', 34, 13>
2026-05-19 11:21:21,224 - INFO - Token: <FECHA_CHAVES, '}', 35, 0>
2026-05-19 11:21:21,224 - INFO - Iniciando análise sintática.
2026-05-19 11:21:21,230 - INFO - Análise sintática concluída.
2026-05-19 11:21:21,230 - INFO - Iniciando análise semântica.
2026-05-19 11:21:21,230 - INFO - Análise semântica concluída sem erros.
2026-05-19 11:21:21,230 - INFO - Análise semântica concluída.
2026-05-19 12:01:49,238 - INFO - Iniciando compilação do arquivo entrada.cmm.
2026-05-19 12:01:49,248 - INFO - Token: <TIPO_INT, 'i', 1, 0>
2026-05-19 12:01:49,248 - INFO - Token: <ID, 'x', 1, 2>
2026-05-19 12:01:49,248 - INFO - Token: <ATRIBUICAO, '=', 1, 4>
2026-05-19 12:01:49,248 - INFO - Token: <NUMERO, '1', 1, 6>
2026-05-19 12:01:49,248 - INFO - Token: <SOMA, '+', 1, 8>
2026-05-19 12:01:49,248 - INFO - Token: <NUMERO, '2', 1, 10>
2026-05-19 12:01:49,248 - INFO - Token: <SOMA, '+', 1, 12>
2026-05-19 12:01:49,248 - INFO - Token: <NUMERO, '3', 1, 14>
2026-05-19 12:01:49,248 - INFO - Token: <PONTO_VIRGULA, ';', 1, 15>
2026-05-19 12:01:49,248 - INFO - Token: <TIPO_INT, 'i', 2, 0>
2026-05-19 12:01:49,248 - INFO - Token: <ID, 'y', 2, 2>
2026-05-19 12:01:49,248 - INFO - Token: <ATRIBUICAO, '=', 2, 4>
2026-05-19 12:01:49,248 - INFO - Token: <NUMERO, '2', 2, 6>
2026-05-19 12:01:49,248 - INFO - Token: <MULTIPLICACAO, '*', 2, 8>
2026-05-19 12:01:49,248 - INFO - Token: <NUMERO, '3', 2, 10>
2026-05-19 12:01:49,248 - INFO - Token: <PONTO_VIRGULA, ';', 2, 11>
2026-05-19 12:01:49,248 - INFO - Token: <TIPO_INT, 'i', 3, 0>
2026-05-19 12:01:49,249 - INFO - Token: <ID, 'z', 3, 2>
2026-05-19 12:01:49,249 - INFO - Token: <ATRIBUICAO, '=', 3, 4>
2026-05-19 12:01:49,249 - INFO - Token: <NUMERO, '10', 3, 6>
2026-05-19 12:01:49,249 - INFO - Token: <DIVISAO, '/', 3, 9>
2026-05-19 12:01:49,249 - INFO - Token: <NUMERO, '2', 3, 11>
2026-05-19 12:01:49,249 - INFO - Token: <PONTO_VIRGULA, ';', 3, 12>
2026-05-19 12:01:49,249 - INFO - Token: <PT, 'pt', 5, 0>
2026-05-19 12:01:49,249 - INFO - Token: <ABRE_PARENTESES, '(', 5, 2>
2026-05-19 12:01:49,249 - INFO - Token: <ID, 'x', 5, 3>
2026-05-19 12:01:49,249 - INFO - Token: <FECHA_PARENTESES, ')', 5, 4>
2026-05-19 12:01:49,249 - INFO - Token: <PONTO_VIRGULA, ';', 5, 5>
2026-05-19 12:01:49,249 - INFO - Token: <PT, 'pt', 6, 0>
2026-05-19 12:01:49,249 - INFO - Token: <ABRE_PARENTESES, '(', 6, 2>
2026-05-19 12:01:49,249 - INFO - Token: <ID, 'y', 6, 3>
2026-05-19 12:01:49,249 - INFO - Token: <FECHA_PARENTESES, ')', 6, 4>
2026-05-19 12:01:49,249 - INFO - Token: <PONTO_VIRGULA, ';', 6, 5>
2026-05-19 12:01:49,249 - INFO - Token: <PT, 'pt', 7, 0>
2026-05-19 12:01:49,249 - INFO - Token: <ABRE_PARENTESES, '(', 7, 2>
2026-05-19 12:01:49,249 - INFO - Token: <ID, 'z', 7, 3>
2026-05-19 12:01:49,249 - INFO - Token: <FECHA_PARENTESES, ')', 7, 4>
2026-05-19 12:01:49,249 - INFO - Token: <PONTO_VIRGULA, ';', 7, 5>
2026-05-19 12:01:49,249 - INFO - Token: <TIPO_STR, 's', 8, 0>
2026-05-19 12:01:49,249 - INFO - Token: <ID, 'nome', 8, 2>
2026-05-19 12:01:49,250 - INFO - Token: <ATRIBUICAO, '=', 8, 7>
2026-05-19 12:01:49,250 - INFO - Token: <STRING, '"matheus"', 8, 9>
2026-05-19 12:01:49,250 - INFO - Token: <PONTO_VIRGULA, ';', 8, 18>
2026-05-19 12:01:49,250 - INFO - Token: <PT, 'pt', 9, 0>
2026-05-19 12:01:49,250 - INFO - Token: <ABRE_PARENTESES, '(', 9, 2>
2026-05-19 12:01:49,250 - INFO - Token: <ID, 'nome', 9, 3>
2026-05-19 12:01:49,250 - INFO - Token: <FECHA_PARENTESES, ')', 9, 7>
2026-05-19 12:01:49,250 - INFO - Token: <PONTO_VIRGULA, ';', 9, 8>
2026-05-19 12:01:49,250 - INFO - Token: <TIPO_INT, 'i', 11, 0>
2026-05-19 12:01:49,250 - INFO - Token: <ID, 'n', 11, 2>
2026-05-19 12:01:49,250 - INFO - Token: <ATRIBUICAO, '=', 11, 4>
2026-05-19 12:01:49,250 - INFO - Token: <NUMERO, '5', 11, 6>
2026-05-19 12:01:49,250 - INFO - Token: <PONTO_VIRGULA, ';', 11, 7>
2026-05-19 12:01:49,250 - INFO - Token: <TIPO_INT, 'i', 12, 0>
2026-05-19 12:01:49,250 - INFO - Token: <ID, 'r', 12, 2>
2026-05-19 12:01:49,250 - INFO - Token: <ATRIBUICAO, '=', 12, 4>
2026-05-19 12:01:49,250 - INFO - Token: <NUMERO, '0', 12, 6>
2026-05-19 12:01:49,250 - INFO - Token: <PONTO_VIRGULA, ';', 12, 7>
2026-05-19 12:01:49,250 - INFO - Token: <TIPO_INT, 'i', 13, 0>
2026-05-19 12:01:49,250 - INFO - Token: <ID, 'c', 13, 2>
2026-05-19 12:01:49,250 - INFO - Token: <ATRIBUICAO, '=', 13, 4>
2026-05-19 12:01:49,250 - INFO - Token: <NUMERO, '1', 13, 6>
2026-05-19 12:01:49,250 - INFO - Token: <PONTO_VIRGULA, ';', 13, 7>
2026-05-19 12:01:49,250 - INFO - Token: <TIPO_INT, 'i', 14, 0>
2026-05-19 12:01:49,250 - INFO - Token: <ID, 'k', 14, 2>
2026-05-19 12:01:49,251 - INFO - Token: <ATRIBUICAO, '=', 14, 4>
2026-05-19 12:01:49,251 - INFO - Token: <NUMERO, '0', 14, 6>
2026-05-19 12:01:49,251 - INFO - Token: <PONTO_VIRGULA, ';', 14, 7>
2026-05-19 12:01:49,251 - INFO - Token: <TIPO_INT, 'i', 15, 0>
2026-05-19 12:01:49,251 - INFO - Token: <ID, 'l', 15, 2>
2026-05-19 12:01:49,251 - INFO - Token: <ATRIBUICAO, '=', 15, 4>
2026-05-19 12:01:49,251 - INFO - Token: <NUMERO, '0', 15, 6>
2026-05-19 12:01:49,251 - INFO - Token: <PONTO_VIRGULA, ';', 15, 7>
2026-05-19 12:01:49,251 - INFO - Token: <TIPO_INT, 'i', 16, 0>
2026-05-19 12:01:49,251 - INFO - Token: <ID, 'd', 16, 2>
2026-05-19 12:01:49,251 - INFO - Token: <ATRIBUICAO, '=', 16, 4>
2026-05-19 12:01:49,251 - INFO - Token: <NUMERO, '0', 16, 6>
2026-05-19 12:01:49,251 - INFO - Token: <PONTO_VIRGULA, ';', 16, 7>
2026-05-19 12:01:49,251 - INFO - Token: <TIPO_INT, 'i', 17, 0>
2026-05-19 12:01:49,251 - INFO - Token: <ID, 'e', 17, 2>
2026-05-19 12:01:49,251 - INFO - Token: <ATRIBUICAO, '=', 17, 4>
2026-05-19 12:01:49,251 - INFO - Token: <NUMERO, '0', 17, 6>
2026-05-19 12:01:49,251 - INFO - Token: <PONTO_VIRGULA, ';', 17, 7>
2026-05-19 12:01:49,251 - INFO - Token: <WL, 'wl', 19, 0>
2026-05-19 12:01:49,251 - INFO - Token: <ID, 'r', 19, 3>
2026-05-19 12:01:49,251 - INFO - Token: <MENOR, '<', 19, 5>
2026-05-19 12:01:49,251 - INFO - Token: <ID, 'n', 19, 7>
2026-05-19 12:01:49,251 - INFO - Token: <DO, 'do', 19, 9>
2026-05-19 12:01:49,251 - INFO - Token: <ABRE_CHAVES, '{', 19, 12>
2026-05-19 12:01:49,251 - INFO - Token: <ID, 'c', 20, 4>
2026-05-19 12:01:49,251 - INFO - Token: <ATRIBUICAO, '=', 20, 6>
2026-05-19 12:01:49,252 - INFO - Token: <NUMERO, '1', 20, 8>
2026-05-19 12:01:49,252 - INFO - Token: <PONTO_VIRGULA, ';', 20, 9>
2026-05-19 12:01:49,252 - INFO - Token: <ID, 'k', 21, 4>
2026-05-19 12:01:49,252 - INFO - Token: <ATRIBUICAO, '=', 21, 6>
2026-05-19 12:01:49,252 - INFO - Token: <NUMERO, '0', 21, 8>
2026-05-19 12:01:49,252 - INFO - Token: <PONTO_VIRGULA, ';', 21, 9>
2026-05-19 12:01:49,252 - INFO - Token: <ID, 'l', 22, 4>
2026-05-19 12:01:49,252 - INFO - Token: <ATRIBUICAO, '=', 22, 6>
2026-05-19 12:01:49,252 - INFO - Token: <ID, 'r', 22, 8>
2026-05-19 12:01:49,252 - INFO - Token: <SOMA, '+', 22, 10>
2026-05-19 12:01:49,252 - INFO - Token: <NUMERO, '1', 22, 12>
2026-05-19 12:01:49,252 - INFO - Token: <PONTO_VIRGULA, ';', 22, 13>
2026-05-19 12:01:49,252 - INFO - Token: <WL, 'wl', 23, 4>
2026-05-19 12:01:49,252 - INFO - Token: <ID, 'k', 23, 7>
2026-05-19 12:01:49,252 - INFO - Token: <MENOR, '<', 23, 9>
2026-05-19 12:01:49,252 - INFO - Token: <ID, 'l', 23, 11>
2026-05-19 12:01:49,252 - INFO - Token: <DO, 'do', 23, 13>
2026-05-19 12:01:49,252 - INFO - Token: <ABRE_CHAVES, '{', 23, 16>
2026-05-19 12:01:49,252 - INFO - Token: <PT, 'pt', 25, 8>
2026-05-19 12:01:49,252 - INFO - Token: <ABRE_PARENTESES, '(', 25, 10>
2026-05-19 12:01:49,252 - INFO - Token: <ID, 'c', 25, 11>
2026-05-19 12:01:49,252 - INFO - Token: <FECHA_PARENTESES, ')', 25, 12>
2026-05-19 12:01:49,252 - INFO - Token: <PONTO_VIRGULA, ';', 25, 13>
2026-05-19 12:01:49,253 - INFO - Token: <ID, 'd', 26, 8>
2026-05-19 12:01:49,253 - INFO - Token: <ATRIBUICAO, '=', 26, 10>
2026-05-19 12:01:49,253 - INFO - Token: <ID, 'r', 26, 12>
2026-05-19 12:01:49,253 - INFO - Token: <SUBTRACAO, '-', 26, 14>
2026-05-19 12:01:49,253 - INFO - Token: <ID, 'k', 26, 16>
2026-05-19 12:01:49,253 - INFO - Token: <PONTO_VIRGULA, ';', 26, 17>
2026-05-19 12:01:49,253 - INFO - Token: <ID, 'e', 27, 8>
2026-05-19 12:01:49,253 - INFO - Token: <ATRIBUICAO, '=', 27, 10>
2026-05-19 12:01:49,253 - INFO - Token: <ID, 'k', 27, 12>
2026-05-19 12:01:49,253 - INFO - Token: <SOMA, '+', 27, 14>
2026-05-19 12:01:49,253 - INFO - Token: <NUMERO, '1', 27, 16>
2026-05-19 12:01:49,253 - INFO - Token: <PONTO_VIRGULA, ';', 27, 17>
2026-05-19 12:01:49,253 - INFO - Token: <ID, 'c', 28, 8>
2026-05-19 12:01:49,253 - INFO - Token: <ATRIBUICAO, '=', 28, 10>
2026-05-19 12:01:49,253 - INFO - Token: <ID, 'c', 28, 12>
2026-05-19 12:01:49,253 - INFO - Token: <MULTIPLICACAO, '*', 28, 14>
2026-05-19 12:01:49,254 - INFO - Token: <ID, 'd', 28, 16>
2026-05-19 12:01:49,254 - INFO - Token: <DIVISAO, '/', 28, 18>
2026-05-19 12:01:49,254 - INFO - Token: <ID, 'e', 28, 20>
2026-05-19 12:01:49,254 - INFO - Token: <PONTO_VIRGULA, ';', 28, 21>
2026-05-19 12:01:49,254 - INFO - Token: <ID, 'k', 30, 8>
2026-05-19 12:01:49,254 - INFO - Token: <ATRIBUICAO, '=', 30, 10>
2026-05-19 12:01:49,254 - INFO - Token: <ID, 'k', 30, 12>
2026-05-19 12:01:49,254 - INFO - Token: <SOMA, '+', 30, 14>
2026-05-19 12:01:49,254 - INFO - Token: <NUMERO, '1', 30, 16>
2026-05-19 12:01:49,254 - INFO - Token: <PONTO_VIRGULA, ';', 30, 17>
2026-05-19 12:01:49,254 - INFO - Token: <FECHA_CHAVES, '}', 31, 4>
2026-05-19 12:01:49,254 - INFO - Token: <PT, 'pt', 33, 4>
2026-05-19 12:01:49,254 - INFO - Token: <ABRE_PARENTESES, '(', 33, 6>
2026-05-19 12:01:49,254 - INFO - Token: <STRING, '"---"', 33, 7>
2026-05-19 12:01:49,254 - INFO - Token: <FECHA_PARENTESES, ')', 33, 12>
2026-05-19 12:01:49,254 - INFO - Token: <PONTO_VIRGULA, ';', 33, 13>
2026-05-19 12:01:49,254 - INFO - Token: <ID, 'r', 34, 4>
2026-05-19 12:01:49,254 - INFO - Token: <ATRIBUICAO, '=', 34, 6>
2026-05-19 12:01:49,254 - INFO - Token: <ID, 'r', 34, 8>
2026-05-19 12:01:49,254 - INFO - Token: <SOMA, '+', 34, 10>
2026-05-19 12:01:49,254 - INFO - Token: <NUMERO, '1', 34, 12>
2026-05-19 12:01:49,254 - INFO - Token: <PONTO_VIRGULA, ';', 34, 13>
2026-05-19 12:01:49,254 - INFO - Token: <FECHA_CHAVES, '}', 35, 0>
2026-05-19 12:01:49,255 - INFO - Iniciando análise sintática.
2026-05-19 12:01:49,262 - INFO - Análise sintática concluída.
2026-05-19 12:01:49,262 - INFO - Iniciando análise semântica.
2026-05-19 12:01:49,262 - INFO - Análise semântica concluída sem erros.
2026-05-19 12:01:49,262 - INFO - Análise semântica concluída.
2026-05-19 12:04:42,946 - INFO - Iniciando compilação do arquivo teste_compilador.cmm.
2026-05-19 12:04:42,960 - INFO - Token: <TIPO_INT, 'i', 5, 0>
2026-05-19 12:04:42,960 - INFO - Token: <ID, 'x', 5, 2>
2026-05-19 12:04:42,960 - INFO - Token: <ATRIBUICAO, '=', 5, 4>
2026-05-19 12:04:42,960 - INFO - Token: <NUMERO, '10', 5, 6>
2026-05-19 12:04:42,960 - INFO - Token: <PONTO_VIRGULA, ';', 5, 8>
2026-05-19 12:04:42,960 - INFO - Token: <TIPO_INT, 'i', 6, 0>
2026-05-19 12:04:42,960 - INFO - Token: <ID, 'y', 6, 2>
2026-05-19 12:04:42,960 - INFO - Token: <ATRIBUICAO, '=', 6, 4>
2026-05-19 12:04:42,960 - INFO - Token: <NUMERO, '3', 6, 6>
2026-05-19 12:04:42,961 - INFO - Token: <PONTO_VIRGULA, ';', 6, 7>
2026-05-19 12:04:42,961 - INFO - Token: <TIPO_INT, 'i', 7, 0>
2026-05-19 12:04:42,961 - INFO - Token: <ID, 'soma', 7, 2>
2026-05-19 12:04:42,961 - INFO - Token: <ATRIBUICAO, '=', 7, 7>
2026-05-19 12:04:42,961 - INFO - Token: <ID, 'x', 7, 9>
2026-05-19 12:04:42,961 - INFO - Token: <SOMA, '+', 7, 11>
2026-05-19 12:04:42,961 - INFO - Token: <ID, 'y', 7, 13>
2026-05-19 12:04:42,961 - INFO - Token: <PONTO_VIRGULA, ';', 7, 14>
2026-05-19 12:04:42,961 - INFO - Token: <TIPO_INT, 'i', 8, 0>
2026-05-19 12:04:42,961 - INFO - Token: <ID, 'produto', 8, 2>
2026-05-19 12:04:42,961 - INFO - Token: <ATRIBUICAO, '=', 8, 10>
2026-05-19 12:04:42,961 - INFO - Token: <ID, 'x', 8, 12>
2026-05-19 12:04:42,961 - INFO - Token: <MULTIPLICACAO, '*', 8, 14>
2026-05-19 12:04:42,962 - INFO - Token: <ID, 'y', 8, 16>
2026-05-19 12:04:42,962 - INFO - Token: <PONTO_VIRGULA, ';', 8, 17>
2026-05-19 12:04:42,962 - INFO - Token: <TIPO_INT, 'i', 9, 0>
2026-05-19 12:04:42,962 - INFO - Token: <ID, 'contador', 9, 2>
2026-05-19 12:04:42,962 - INFO - Token: <ATRIBUICAO, '=', 9, 11>
2026-05-19 12:04:42,962 - INFO - Token: <NUMERO, '0', 9, 13>
2026-05-19 12:04:42,962 - INFO - Token: <PONTO_VIRGULA, ';', 9, 14>
2026-05-19 12:04:42,962 - INFO - Token: <TIPO_STR, 's', 10, 0>
2026-05-19 12:04:42,962 - INFO - Token: <ID, 'nome', 10, 2>
2026-05-19 12:04:42,962 - INFO - Token: <ATRIBUICAO, '=', 10, 7>
2026-05-19 12:04:42,962 - INFO - Token: <STRING, '"cmaismenos"', 10, 9>
2026-05-19 12:04:42,962 - INFO - Token: <PONTO_VIRGULA, ';', 10, 21>
2026-05-19 12:04:42,962 - INFO - Token: <PT, 'pt', 12, 0>
2026-05-19 12:04:42,962 - INFO - Token: <ABRE_PARENTESES, '(', 12, 2>
2026-05-19 12:04:42,962 - INFO - Token: <STRING, '"=== TESTE DO COMPILADOR ==="', 12, 3>
2026-05-19 12:04:42,962 - INFO - Token: <FECHA_PARENTESES, ')', 12, 32>
2026-05-19 12:04:42,963 - INFO - Token: <PONTO_VIRGULA, ';', 12, 33>
2026-05-19 12:04:42,963 - INFO - Token: <PT, 'pt', 13, 0>
2026-05-19 12:04:42,963 - INFO - Token: <ABRE_PARENTESES, '(', 13, 2>
2026-05-19 12:04:42,963 - INFO - Token: <ID, 'nome', 13, 3>
2026-05-19 12:04:42,963 - INFO - Token: <FECHA_PARENTESES, ')', 13, 7>
2026-05-19 12:04:42,963 - INFO - Token: <PONTO_VIRGULA, ';', 13, 8>
2026-05-19 12:04:42,963 - INFO - Token: <PT, 'pt', 14, 0>
2026-05-19 12:04:42,963 - INFO - Token: <ABRE_PARENTESES, '(', 14, 2>
2026-05-19 12:04:42,963 - INFO - Token: <ID, 'soma', 14, 3>
2026-05-19 12:04:42,963 - INFO - Token: <FECHA_PARENTESES, ')', 14, 7>
2026-05-19 12:04:42,963 - INFO - Token: <PONTO_VIRGULA, ';', 14, 8>
2026-05-19 12:04:42,963 - INFO - Token: <PT, 'pt', 15, 0>
2026-05-19 12:04:42,963 - INFO - Token: <ABRE_PARENTESES, '(', 15, 2>
2026-05-19 12:04:42,963 - INFO - Token: <ID, 'produto', 15, 3>
2026-05-19 12:04:42,963 - INFO - Token: <FECHA_PARENTESES, ')', 15, 10>
2026-05-19 12:04:42,963 - INFO - Token: <PONTO_VIRGULA, ';', 15, 11>
2026-05-19 12:04:42,963 - INFO - Token: <IF, 'if', 17, 0>
2026-05-19 12:04:42,964 - INFO - Token: <ID, 'soma', 17, 3>
2026-05-19 12:04:42,964 - INFO - Token: <MAIOR, '>', 17, 8>
2026-05-19 12:04:42,964 - INFO - Token: <ID, 'produto', 17, 10>
2026-05-19 12:04:42,964 - INFO - Token: <ABRE_CHAVES, '{', 17, 18>
2026-05-19 12:04:42,964 - INFO - Token: <PT, 'pt', 18, 4>
2026-05-19 12:04:42,964 - INFO - Token: <ABRE_PARENTESES, '(', 18, 6>
2026-05-19 12:04:42,964 - INFO - Token: <STRING, '"soma maior"', 18, 7>
2026-05-19 12:04:42,964 - INFO - Token: <FECHA_PARENTESES, ')', 18, 19>
2026-05-19 12:04:42,964 - INFO - Token: <PONTO_VIRGULA, ';', 18, 20>
2026-05-19 12:04:42,964 - INFO - Token: <FECHA_CHAVES, '}', 19, 0>
2026-05-19 12:04:42,964 - INFO - Token: <EL, 'el', 19, 2>
2026-05-19 12:04:42,964 - INFO - Token: <ABRE_CHAVES, '{', 19, 5>
2026-05-19 12:04:42,964 - INFO - Token: <PT, 'pt', 20, 4>
2026-05-19 12:04:42,964 - INFO - Token: <ABRE_PARENTESES, '(', 20, 6>
2026-05-19 12:04:42,964 - INFO - Token: <STRING, '"produto maior ou igual"', 20, 7>
2026-05-19 12:04:42,964 - INFO - Token: <FECHA_PARENTESES, ')', 20, 31>
2026-05-19 12:04:42,965 - INFO - Token: <PONTO_VIRGULA, ';', 20, 32>
2026-05-19 12:04:42,965 - INFO - Token: <FECHA_CHAVES, '}', 21, 0>
2026-05-19 12:04:42,965 - INFO - Token: <WL, 'wl', 23, 0>
2026-05-19 12:04:42,965 - INFO - Token: <ID, 'contador', 23, 3>
2026-05-19 12:04:42,965 - INFO - Token: <MENOR, '<', 23, 12>
2026-05-19 12:04:42,965 - INFO - Token: <NUMERO, '3', 23, 14>
2026-05-19 12:04:42,965 - INFO - Token: <DO, 'do', 23, 16>
2026-05-19 12:04:42,965 - INFO - Token: <ABRE_CHAVES, '{', 23, 19>
2026-05-19 12:04:42,965 - INFO - Token: <PT, 'pt', 24, 4>
2026-05-19 12:04:42,965 - INFO - Token: <ABRE_PARENTESES, '(', 24, 6>
2026-05-19 12:04:42,965 - INFO - Token: <ID, 'contador', 24, 7>
2026-05-19 12:04:42,965 - INFO - Token: <FECHA_PARENTESES, ')', 24, 15>
2026-05-19 12:04:42,965 - INFO - Token: <PONTO_VIRGULA, ';', 24, 16>
2026-05-19 12:04:42,965 - INFO - Token: <ID, 'contador', 25, 4>
2026-05-19 12:04:42,965 - INFO - Token: <ATRIBUICAO, '=', 25, 13>
2026-05-19 12:04:42,965 - INFO - Token: <ID, 'contador', 25, 15>
2026-05-19 12:04:42,966 - INFO - Token: <SOMA, '+', 25, 24>
2026-05-19 12:04:42,966 - INFO - Token: <NUMERO, '1', 25, 26>
2026-05-19 12:04:42,966 - INFO - Token: <PONTO_VIRGULA, ';', 25, 27>
2026-05-19 12:04:42,966 - INFO - Token: <FECHA_CHAVES, '}', 26, 0>
2026-05-19 12:04:42,966 - INFO - Token: <PT, 'pt', 28, 0>
2026-05-19 12:04:42,966 - INFO - Token: <ABRE_PARENTESES, '(', 28, 2>
2026-05-19 12:04:42,966 - INFO - Token: <STRING, '"=== FIM DO TESTE ==="', 28, 3>
2026-05-19 12:04:42,966 - INFO - Token: <FECHA_PARENTESES, ')', 28, 25>
2026-05-19 12:04:42,966 - INFO - Token: <PONTO_VIRGULA, ';', 28, 26>
2026-05-19 12:04:42,966 - INFO - Iniciando análise sintática.
2026-05-19 12:04:42,973 - INFO - Análise sintática concluída.
2026-05-19 12:04:42,973 - INFO - Iniciando análise semântica.
2026-05-19 12:04:42,974 - INFO - Análise semântica concluída sem erros.
2026-05-19 12:04:42,974 - INFO - Análise semântica concluída.
2026-05-19 12:04:45,650 - INFO - Iniciando compilação do arquivo ./teste_compilador.cmm.
2026-05-19 12:04:45,658 - INFO - Token: <TIPO_INT, 'i', 5, 0>
2026-05-19 12:04:45,658 - INFO - Token: <ID, 'x', 5, 2>
2026-05-19 12:04:45,658 - INFO - Token: <ATRIBUICAO, '=', 5, 4>
2026-05-19 12:04:45,658 - INFO - Token: <NUMERO, '10', 5, 6>
2026-05-19 12:04:45,658 - INFO - Token: <PONTO_VIRGULA, ';', 5, 8>
2026-05-19 12:04:45,658 - INFO - Token: <TIPO_INT, 'i', 6, 0>
2026-05-19 12:04:45,658 - INFO - Token: <ID, 'y', 6, 2>
2026-05-19 12:04:45,658 - INFO - Token: <ATRIBUICAO, '=', 6, 4>
2026-05-19 12:04:45,658 - INFO - Token: <NUMERO, '3', 6, 6>
2026-05-19 12:04:45,658 - INFO - Token: <PONTO_VIRGULA, ';', 6, 7>
2026-05-19 12:04:45,658 - INFO - Token: <TIPO_INT, 'i', 7, 0>
2026-05-19 12:04:45,658 - INFO - Token: <ID, 'soma', 7, 2>
2026-05-19 12:04:45,658 - INFO - Token: <ATRIBUICAO, '=', 7, 7>
2026-05-19 12:04:45,659 - INFO - Token: <ID, 'x', 7, 9>
2026-05-19 12:04:45,659 - INFO - Token: <SOMA, '+', 7, 11>
2026-05-19 12:04:45,659 - INFO - Token: <ID, 'y', 7, 13>
2026-05-19 12:04:45,659 - INFO - Token: <PONTO_VIRGULA, ';', 7, 14>
2026-05-19 12:04:45,659 - INFO - Token: <TIPO_INT, 'i', 8, 0>
2026-05-19 12:04:45,659 - INFO - Token: <ID, 'produto', 8, 2>
2026-05-19 12:04:45,659 - INFO - Token: <ATRIBUICAO, '=', 8, 10>
2026-05-19 12:04:45,659 - INFO - Token: <ID, 'x', 8, 12>
2026-05-19 12:04:45,659 - INFO - Token: <MULTIPLICACAO, '*', 8, 14>
2026-05-19 12:04:45,659 - INFO - Token: <ID, 'y', 8, 16>
2026-05-19 12:04:45,659 - INFO - Token: <PONTO_VIRGULA, ';', 8, 17>
2026-05-19 12:04:45,659 - INFO - Token: <TIPO_INT, 'i', 9, 0>
2026-05-19 12:04:45,659 - INFO - Token: <ID, 'contador', 9, 2>
2026-05-19 12:04:45,659 - INFO - Token: <ATRIBUICAO, '=', 9, 11>
2026-05-19 12:04:45,659 - INFO - Token: <NUMERO, '0', 9, 13>
2026-05-19 12:04:45,659 - INFO - Token: <PONTO_VIRGULA, ';', 9, 14>
2026-05-19 12:04:45,659 - INFO - Token: <TIPO_STR, 's', 10, 0>
2026-05-19 12:04:45,659 - INFO - Token: <ID, 'nome', 10, 2>
2026-05-19 12:04:45,659 - INFO - Token: <ATRIBUICAO, '=', 10, 7>
2026-05-19 12:04:45,659 - INFO - Token: <STRING, '"cmaismenos"', 10, 9>
2026-05-19 12:04:45,659 - INFO - Token: <PONTO_VIRGULA, ';', 10, 21>
2026-05-19 12:04:45,659 - INFO - Token: <PT, 'pt', 12, 0>
2026-05-19 12:04:45,659 - INFO - Token: <ABRE_PARENTESES, '(', 12, 2>
2026-05-19 12:04:45,659 - INFO - Token: <STRING, '"=== TESTE DO COMPILADOR ==="', 12, 3>
2026-05-19 12:04:45,659 - INFO - Token: <FECHA_PARENTESES, ')', 12, 32>
2026-05-19 12:04:45,659 - INFO - Token: <PONTO_VIRGULA, ';', 12, 33>
2026-05-19 12:04:45,660 - INFO - Token: <PT, 'pt', 13, 0>
2026-05-19 12:04:45,660 - INFO - Token: <ABRE_PARENTESES, '(', 13, 2>
2026-05-19 12:04:45,660 - INFO - Token: <ID, 'nome', 13, 3>
2026-05-19 12:04:45,660 - INFO - Token: <FECHA_PARENTESES, ')', 13, 7>
2026-05-19 12:04:45,660 - INFO - Token: <PONTO_VIRGULA, ';', 13, 8>
2026-05-19 12:04:45,660 - INFO - Token: <PT, 'pt', 14, 0>
2026-05-19 12:04:45,660 - INFO - Token: <ABRE_PARENTESES, '(', 14, 2>
2026-05-19 12:04:45,660 - INFO - Token: <ID, 'soma', 14, 3>
2026-05-19 12:04:45,660 - INFO - Token: <FECHA_PARENTESES, ')', 14, 7>
2026-05-19 12:04:45,660 - INFO - Token: <PONTO_VIRGULA, ';', 14, 8>
2026-05-19 12:04:45,660 - INFO - Token: <PT, 'pt', 15, 0>
2026-05-19 12:04:45,660 - INFO - Token: <ABRE_PARENTESES, '(', 15, 2>
2026-05-19 12:04:45,660 - INFO - Token: <ID, 'produto', 15, 3>
2026-05-19 12:04:45,660 - INFO - Token: <FECHA_PARENTESES, ')', 15, 10>
2026-05-19 12:04:45,660 - INFO - Token: <PONTO_VIRGULA, ';', 15, 11>
2026-05-19 12:04:45,660 - INFO - Token: <IF, 'if', 17, 0>
2026-05-19 12:04:45,660 - INFO - Token: <ID, 'soma', 17, 3>
2026-05-19 12:04:45,660 - INFO - Token: <MAIOR, '>', 17, 8>
2026-05-19 12:04:45,660 - INFO - Token: <ID, 'produto', 17, 10>
2026-05-19 12:04:45,660 - INFO - Token: <ABRE_CHAVES, '{', 17, 18>
2026-05-19 12:04:45,660 - INFO - Token: <PT, 'pt', 18, 4>
2026-05-19 12:04:45,660 - INFO - Token: <ABRE_PARENTESES, '(', 18, 6>
2026-05-19 12:04:45,660 - INFO - Token: <STRING, '"soma maior"', 18, 7>
2026-05-19 12:04:45,660 - INFO - Token: <FECHA_PARENTESES, ')', 18, 19>
2026-05-19 12:04:45,660 - INFO - Token: <PONTO_VIRGULA, ';', 18, 20>
2026-05-19 12:04:45,660 - INFO - Token: <FECHA_CHAVES, '}', 19, 0>
2026-05-19 12:04:45,660 - INFO - Token: <EL, 'el', 19, 2>
2026-05-19 12:04:45,660 - INFO - Token: <ABRE_CHAVES, '{', 19, 5>
2026-05-19 12:04:45,661 - INFO - Token: <PT, 'pt', 20, 4>
2026-05-19 12:04:45,661 - INFO - Token: <ABRE_PARENTESES, '(', 20, 6>
2026-05-19 12:04:45,661 - INFO - Token: <STRING, '"produto maior ou igual"', 20, 7>
2026-05-19 12:04:45,661 - INFO - Token: <FECHA_PARENTESES, ')', 20, 31>
2026-05-19 12:04:45,661 - INFO - Token: <PONTO_VIRGULA, ';', 20, 32>
2026-05-19 12:04:45,661 - INFO - Token: <FECHA_CHAVES, '}', 21, 0>
2026-05-19 12:04:45,661 - INFO - Token: <WL, 'wl', 23, 0>
2026-05-19 12:04:45,661 - INFO - Token: <ID, 'contador', 23, 3>
2026-05-19 12:04:45,661 - INFO - Token: <MENOR, '<', 23, 12>
2026-05-19 12:04:45,661 - INFO - Token: <NUMERO, '3', 23, 14>
2026-05-19 12:04:45,661 - INFO - Token: <DO, 'do', 23, 16>
2026-05-19 12:04:45,661 - INFO - Token: <ABRE_CHAVES, '{', 23, 19>
2026-05-19 12:04:45,661 - INFO - Token: <PT, 'pt', 24, 4>
2026-05-19 12:04:45,661 - INFO - Token: <ABRE_PARENTESES, '(', 24, 6>
2026-05-19 12:04:45,661 - INFO - Token: <ID, 'contador', 24, 7>
2026-05-19 12:04:45,661 - INFO - Token: <FECHA_PARENTESES, ')', 24, 15>
2026-05-19 12:04:45,661 - INFO - Token: <PONTO_VIRGULA, ';', 24, 16>
2026-05-19 12:04:45,661 - INFO - Token: <ID, 'contador', 25, 4>
2026-05-19 12:04:45,661 - INFO - Token: <ATRIBUICAO, '=', 25, 13>
2026-05-19 12:04:45,661 - INFO - Token: <ID, 'contador', 25, 15>
2026-05-19 12:04:45,661 - INFO - Token: <SOMA, '+', 25, 24>
2026-05-19 12:04:45,661 - INFO - Token: <NUMERO, '1', 25, 26>
2026-05-19 12:04:45,661 - INFO - Token: <PONTO_VIRGULA, ';', 25, 27>
2026-05-19 12:04:45,661 - INFO - Token: <FECHA_CHAVES, '}', 26, 0>
2026-05-19 12:04:45,661 - INFO - Token: <PT, 'pt', 28, 0>
2026-05-19 12:04:45,661 - INFO - Token: <ABRE_PARENTESES, '(', 28, 2>
2026-05-19 12:04:45,661 - INFO - Token: <STRING, '"=== FIM DO TESTE ==="', 28, 3>
2026-05-19 12:04:45,661 - INFO - Token: <FECHA_PARENTESES, ')', 28, 25>
2026-05-19 12:04:45,662 - INFO - Token: <PONTO_VIRGULA, ';', 28, 26>
2026-05-19 12:04:45,662 - INFO - Iniciando análise sintática.
2026-05-19 12:04:45,666 - INFO - Análise sintática concluída.
2026-05-19 12:04:45,666 - INFO - Iniciando análise semântica.
2026-05-19 12:04:45,666 - INFO - Análise semântica concluída sem erros.
2026-05-19 12:04:45,666 - INFO - Análise semântica concluída.
2026-05-19 12:06:32,938 - INFO - Iniciando compilação do arquivo teste_compilador.cmm.
2026-05-19 12:06:32,945 - INFO - Token: <TIPO_INT, 'i', 5, 0>
2026-05-19 12:06:32,945 - INFO - Token: <ID, 'x', 5, 2>
2026-05-19 12:06:32,945 - INFO - Token: <ATRIBUICAO, '=', 5, 4>
2026-05-19 12:06:32,946 - INFO - Token: <NUMERO, '10', 5, 6>
2026-05-19 12:06:32,946 - INFO - Token: <PONTO_VIRGULA, ';', 5, 8>
2026-05-19 12:06:32,946 - INFO - Token: <TIPO_INT, 'i', 6, 0>
2026-05-19 12:06:32,946 - INFO - Token: <ID, 'y', 6, 2>
2026-05-19 12:06:32,946 - INFO - Token: <ATRIBUICAO, '=', 6, 4>
2026-05-19 12:06:32,946 - INFO - Token: <NUMERO, '3', 6, 6>
2026-05-19 12:06:32,946 - INFO - Token: <PONTO_VIRGULA, ';', 6, 7>
2026-05-19 12:06:32,946 - INFO - Token: <TIPO_INT, 'i', 7, 0>
2026-05-19 12:06:32,946 - INFO - Token: <ID, 'soma', 7, 2>
2026-05-19 12:06:32,946 - INFO - Token: <ATRIBUICAO, '=', 7, 7>
2026-05-19 12:06:32,946 - INFO - Token: <ID, 'x', 7, 9>
2026-05-19 12:06:32,946 - INFO - Token: <SOMA, '+', 7, 11>
2026-05-19 12:06:32,946 - INFO - Token: <ID, 'y', 7, 13>
2026-05-19 12:06:32,946 - INFO - Token: <PONTO_VIRGULA, ';', 7, 14>
2026-05-19 12:06:32,946 - INFO - Token: <TIPO_INT, 'i', 8, 0>
2026-05-19 12:06:32,946 - INFO - Token: <ID, 'produto', 8, 2>
2026-05-19 12:06:32,946 - INFO - Token: <ATRIBUICAO, '=', 8, 10>
2026-05-19 12:06:32,946 - INFO - Token: <ID, 'x', 8, 12>
2026-05-19 12:06:32,946 - INFO - Token: <MULTIPLICACAO, '*', 8, 14>
2026-05-19 12:06:32,946 - INFO - Token: <ID, 'y', 8, 16>
2026-05-19 12:06:32,946 - INFO - Token: <PONTO_VIRGULA, ';', 8, 17>
2026-05-19 12:06:32,946 - INFO - Token: <TIPO_INT, 'i', 9, 0>
2026-05-19 12:06:32,946 - INFO - Token: <ID, 'contador', 9, 2>
2026-05-19 12:06:32,946 - INFO - Token: <ATRIBUICAO, '=', 9, 11>
2026-05-19 12:06:32,946 - INFO - Token: <NUMERO, '0', 9, 13>
2026-05-19 12:06:32,946 - INFO - Token: <PONTO_VIRGULA, ';', 9, 14>
2026-05-19 12:06:32,947 - INFO - Token: <TIPO_STR, 's', 10, 0>
2026-05-19 12:06:32,947 - INFO - Token: <ID, 'nome', 10, 2>
2026-05-19 12:06:32,947 - INFO - Token: <ATRIBUICAO, '=', 10, 7>
2026-05-19 12:06:32,947 - INFO - Token: <STRING, '"cmaismenos"', 10, 9>
2026-05-19 12:06:32,947 - INFO - Token: <PONTO_VIRGULA, ';', 10, 21>
2026-05-19 12:06:32,947 - INFO - Token: <PT, 'pt', 12, 0>
2026-05-19 12:06:32,947 - INFO - Token: <ABRE_PARENTESES, '(', 12, 2>
2026-05-19 12:06:32,947 - INFO - Token: <STRING, '"=== TESTE DO COMPILADOR ==="', 12, 3>
2026-05-19 12:06:32,947 - INFO - Token: <FECHA_PARENTESES, ')', 12, 32>
2026-05-19 12:06:32,947 - INFO - Token: <PONTO_VIRGULA, ';', 12, 33>
2026-05-19 12:06:32,947 - INFO - Token: <PT, 'pt', 13, 0>
2026-05-19 12:06:32,947 - INFO - Token: <ABRE_PARENTESES, '(', 13, 2>
2026-05-19 12:06:32,947 - INFO - Token: <ID, 'nome', 13, 3>
2026-05-19 12:06:32,947 - INFO - Token: <FECHA_PARENTESES, ')', 13, 7>
2026-05-19 12:06:32,947 - INFO - Token: <PONTO_VIRGULA, ';', 13, 8>
2026-05-19 12:06:32,947 - INFO - Token: <PT, 'pt', 14, 0>
2026-05-19 12:06:32,947 - INFO - Token: <ABRE_PARENTESES, '(', 14, 2>
2026-05-19 12:06:32,947 - INFO - Token: <ID, 'soma', 14, 3>
2026-05-19 12:06:32,947 - INFO - Token: <FECHA_PARENTESES, ')', 14, 7>
2026-05-19 12:06:32,947 - INFO - Token: <PONTO_VIRGULA, ';', 14, 8>
2026-05-19 12:06:32,947 - INFO - Token: <PT, 'pt', 15, 0>
2026-05-19 12:06:32,947 - INFO - Token: <ABRE_PARENTESES, '(', 15, 2>
2026-05-19 12:06:32,947 - INFO - Token: <ID, 'produto', 15, 3>
2026-05-19 12:06:32,947 - INFO - Token: <FECHA_PARENTESES, ')', 15, 10>
2026-05-19 12:06:32,947 - INFO - Token: <PONTO_VIRGULA, ';', 15, 11>
2026-05-19 12:06:32,947 - INFO - Token: <IF, 'if', 17, 0>
2026-05-19 12:06:32,947 - INFO - Token: <ID, 'soma', 17, 3>
2026-05-19 12:06:32,948 - INFO - Token: <MAIOR, '>', 17, 8>
2026-05-19 12:06:32,948 - INFO - Token: <ID, 'produto', 17, 10>
2026-05-19 12:06:32,948 - INFO - Token: <ABRE_CHAVES, '{', 17, 18>
2026-05-19 12:06:32,948 - INFO - Token: <PT, 'pt', 18, 4>
2026-05-19 12:06:32,948 - INFO - Token: <ABRE_PARENTESES, '(', 18, 6>
2026-05-19 12:06:32,948 - INFO - Token: <STRING, '"soma maior"', 18, 7>
2026-05-19 12:06:32,948 - INFO - Token: <FECHA_PARENTESES, ')', 18, 19>
2026-05-19 12:06:32,948 - INFO - Token: <PONTO_VIRGULA, ';', 18, 20>
2026-05-19 12:06:32,948 - INFO - Token: <FECHA_CHAVES, '}', 19, 0>
2026-05-19 12:06:32,948 - INFO - Token: <EL, 'el', 19, 2>
2026-05-19 12:06:32,948 - INFO - Token: <ABRE_CHAVES, '{', 19, 5>
2026-05-19 12:06:32,948 - INFO - Token: <PT, 'pt', 20, 4>
2026-05-19 12:06:32,948 - INFO - Token: <ABRE_PARENTESES, '(', 20, 6>
2026-05-19 12:06:32,948 - INFO - Token: <STRING, '"produto maior ou igual"', 20, 7>
2026-05-19 12:06:32,948 - INFO - Token: <FECHA_PARENTESES, ')', 20, 31>
2026-05-19 12:06:32,948 - INFO - Token: <PONTO_VIRGULA, ';', 20, 32>
2026-05-19 12:06:32,948 - INFO - Token: <FECHA_CHAVES, '}', 21, 0>
2026-05-19 12:06:32,948 - INFO - Token: <WL, 'wl', 23, 0>
2026-05-19 12:06:32,948 - INFO - Token: <ID, 'contador', 23, 3>
2026-05-19 12:06:32,948 - INFO - Token: <MENOR, '<', 23, 12>
2026-05-19 12:06:32,948 - INFO - Token: <NUMERO, '3', 23, 14>
2026-05-19 12:06:32,948 - INFO - Token: <DO, 'do', 23, 16>
2026-05-19 12:06:32,948 - INFO - Token: <ABRE_CHAVES, '{', 23, 19>
2026-05-19 12:06:32,948 - INFO - Token: <PT, 'pt', 24, 4>
2026-05-19 12:06:32,948 - INFO - Token: <ABRE_PARENTESES, '(', 24, 6>
2026-05-19 12:06:32,948 - INFO - Token: <ID, 'contador', 24, 7>
2026-05-19 12:06:32,948 - INFO - Token: <FECHA_PARENTESES, ')', 24, 15>
2026-05-19 12:06:32,949 - INFO - Token: <PONTO_VIRGULA, ';', 24, 16>
2026-05-19 12:06:32,949 - INFO - Token: <ID, 'contador', 25, 4>
2026-05-19 12:06:32,949 - INFO - Token: <ATRIBUICAO, '=', 25, 13>
2026-05-19 12:06:32,949 - INFO - Token: <ID, 'contador', 25, 15>
2026-05-19 12:06:32,949 - INFO - Token: <SOMA, '+', 25, 24>
2026-05-19 12:06:32,949 - INFO - Token: <NUMERO, '1', 25, 26>
2026-05-19 12:06:32,949 - INFO - Token: <PONTO_VIRGULA, ';', 25, 27>
2026-05-19 12:06:32,949 - INFO - Token: <FECHA_CHAVES, '}', 26, 0>
2026-05-19 12:06:32,949 - INFO - Token: <PT, 'pt', 28, 0>
2026-05-19 12:06:32,949 - INFO - Token: <ABRE_PARENTESES, '(', 28, 2>
2026-05-19 12:06:32,949 - INFO - Token: <STRING, '"=== FIM DO TESTE ==="', 28, 3>
2026-05-19 12:06:32,949 - INFO - Token: <FECHA_PARENTESES, ')', 28, 25>
2026-05-19 12:06:32,949 - INFO - Token: <PONTO_VIRGULA, ';', 28, 26>
2026-05-19 12:06:32,949 - INFO - Iniciando análise sintática.
2026-05-19 12:06:32,954 - INFO - Análise sintática concluída.
2026-05-19 12:06:32,954 - INFO - Iniciando análise semântica.
2026-05-19 12:06:32,954 - INFO - Análise semântica concluída sem erros.
2026-05-19 12:06:32,954 - INFO - Análise semântica concluída.
2026-05-19 12:07:53,299 - INFO - Iniciando compilação do arquivo teste_erro_lexico.cmm.
2026-05-19 12:07:53,302 - ERROR - ERRO LÉXICO [Linha 7, Coluna 3] Lexema: '' | Mensagem: Token não reconhecido pelo analisador léxico: '@'.
2026-05-19 12:07:53,302 - INFO - Iniciando compilação do arquivo teste_erro_sintatico.cmm.
2026-05-19 12:07:53,302 - INFO - Iniciando compilação do arquivo teste_erros_semanticos.cmm.
2026-05-19 12:07:53,303 - INFO - Token: <TIPO_INT, 'i', 6, 0>
2026-05-19 12:07:53,303 - INFO - Token: <ID, 'x', 6, 2>
2026-05-19 12:07:53,303 - INFO - Token: <ATRIBUICAO, '=', 6, 4>
2026-05-19 12:07:53,303 - INFO - Token: <NUMERO, '10', 6, 6>
2026-05-19 12:07:53,303 - INFO - Token: <PONTO_VIRGULA, ';', 6, 8>
2026-05-19 12:07:53,303 - INFO - Token: <PT, 'pt', 7, 0>
2026-05-19 12:07:53,303 - INFO - Token: <ABRE_PARENTESES, '(', 7, 2>
2026-05-19 12:07:53,303 - INFO - Token: <FECHA_PARENTESES, ')', 7, 4>
2026-05-19 12:07:53,303 - INFO - Token: <PONTO_VIRGULA, ';', 7, 5>
2026-05-19 12:07:53,303 - INFO - Iniciando análise sintática.
2026-05-19 12:07:53,304 - ERROR - ERRO SINTÁTICO [Linha 7, Coluna 4] Lexema: ')' | Mensagem: entrada incompatível ')' esperado {'(', STRING, ID, NUMERO}
2026-05-19 12:07:53,305 - INFO - Análise sintática concluída.
2026-05-19 12:07:53,306 - INFO - Token: <TIPO_INT, 'i', 6, 0>
2026-05-19 12:07:53,306 - INFO - Token: <ID, 'x', 6, 2>
2026-05-19 12:07:53,306 - INFO - Token: <ATRIBUICAO, '=', 6, 4>
2026-05-19 12:07:53,307 - INFO - Token: <NUMERO, '10', 6, 6>
2026-05-19 12:07:53,307 - INFO - Token: <PT, 'pt', 7, 0>
2026-05-19 12:07:53,307 - INFO - Token: <ABRE_PARENTESES, '(', 7, 2>
2026-05-19 12:07:53,307 - INFO - Token: <ID, 'x', 7, 3>
2026-05-19 12:07:53,307 - INFO - Token: <FECHA_PARENTESES, ')', 7, 4>
2026-05-19 12:07:53,307 - INFO - Token: <PONTO_VIRGULA, ';', 7, 5>
2026-05-19 12:07:53,307 - INFO - Iniciando análise sintática.
2026-05-19 12:07:53,308 - ERROR - ERRO SINTÁTICO [Linha 7, Coluna 0] Lexema: 'pt' | Mensagem: faltando ';' at 'pt'
2026-05-19 12:07:53,309 - INFO - Análise sintática concluída.
2026-05-19 12:07:53,309 - INFO - Token: <TIPO_INT, 'i', 6, 0>
2026-05-19 12:07:53,309 - INFO - Token: <ID, 'x', 6, 2>
2026-05-19 12:07:53,309 - INFO - Token: <ATRIBUICAO, '=', 6, 4>
2026-05-19 12:07:53,309 - INFO - Token: <NUMERO, '10', 6, 6>
2026-05-19 12:07:53,309 - INFO - Token: <PONTO_VIRGULA, ';', 6, 8>
2026-05-19 12:07:53,309 - INFO - Token: <TIPO_STR, 's', 7, 0>
2026-05-19 12:07:53,309 - INFO - Token: <ID, 'nome', 7, 2>
2026-05-19 12:07:53,310 - INFO - Token: <ATRIBUICAO, '=', 7, 7>
2026-05-19 12:07:53,310 - INFO - Token: <STRING, '"ana"', 7, 9>
2026-05-19 12:07:53,310 - INFO - Token: <PONTO_VIRGULA, ';', 7, 14>
2026-05-19 12:07:53,310 - INFO - Token: <PT, 'pt', 10, 0>
2026-05-19 12:07:53,310 - INFO - Token: <ABRE_PARENTESES, '(', 10, 2>
2026-05-19 12:07:53,310 - INFO - Token: <ID, 'y', 10, 3>
2026-05-19 12:07:53,310 - INFO - Token: <FECHA_PARENTESES, ')', 10, 4>
2026-05-19 12:07:53,310 - INFO - Token: <PONTO_VIRGULA, ';', 10, 5>
2026-05-19 12:07:53,310 - INFO - Token: <ID, 'x', 13, 0>
2026-05-19 12:07:53,310 - INFO - Token: <ATRIBUICAO, '=', 13, 2>
2026-05-19 12:07:53,310 - INFO - Token: <ID, 'nome', 13, 4>
2026-05-19 12:07:53,310 - INFO - Token: <PONTO_VIRGULA, ';', 13, 8>
2026-05-19 12:07:53,310 - INFO - Token: <ID, 'nome', 16, 0>
2026-05-19 12:07:53,310 - INFO - Token: <ATRIBUICAO, '=', 16, 5>
2026-05-19 12:07:53,310 - INFO - Token: <ID, 'x', 16, 7>
2026-05-19 12:07:53,310 - INFO - Token: <SOMA, '+', 16, 9>
2026-05-19 12:07:53,310 - INFO - Token: <NUMERO, '1', 16, 11>
2026-05-19 12:07:53,310 - INFO - Token: <PONTO_VIRGULA, ';', 16, 12>
2026-05-19 12:07:53,310 - INFO - Token: <TIPO_INT, 'i', 19, 0>
2026-05-19 12:07:53,310 - INFO - Token: <ID, 'x', 19, 2>
2026-05-19 12:07:53,310 - INFO - Token: <ATRIBUICAO, '=', 19, 4>
2026-05-19 12:07:53,311 - INFO - Token: <NUMERO, '20', 19, 6>
2026-05-19 12:07:53,311 - INFO - Token: <PONTO_VIRGULA, ';', 19, 8>
2026-05-19 12:07:53,311 - INFO - Token: <PT, 'pt', 22, 0>
2026-05-19 12:07:53,311 - INFO - Token: <ABRE_PARENTESES, '(', 22, 2>
2026-05-19 12:07:53,311 - INFO - Token: <ID, 'nome', 22, 3>
2026-05-19 12:07:53,311 - INFO - Token: <SOMA, '+', 22, 8>
2026-05-19 12:07:53,311 - INFO - Token: <NUMERO, '2', 22, 10>
2026-05-19 12:07:53,311 - INFO - Token: <FECHA_PARENTESES, ')', 22, 11>
2026-05-19 12:07:53,311 - INFO - Token: <PONTO_VIRGULA, ';', 22, 12>
2026-05-19 12:07:53,311 - INFO - Token: <IF, 'if', 25, 0>
2026-05-19 12:07:53,311 - INFO - Token: <ID, 'x', 25, 3>
2026-05-19 12:07:53,311 - INFO - Token: <IGUAL, '==', 25, 5>
2026-05-19 12:07:53,311 - INFO - Token: <ID, 'nome', 25, 8>
2026-05-19 12:07:53,311 - INFO - Token: <ABRE_CHAVES, '{', 25, 13>
2026-05-19 12:07:53,311 - INFO - Token: <PT, 'pt', 26, 4>
2026-05-19 12:07:53,311 - INFO - Token: <ABRE_PARENTESES, '(', 26, 6>
2026-05-19 12:07:53,311 - INFO - Token: <ID, 'x', 26, 7>
2026-05-19 12:07:53,311 - INFO - Token: <FECHA_PARENTESES, ')', 26, 8>
2026-05-19 12:07:53,311 - INFO - Token: <PONTO_VIRGULA, ';', 26, 9>
2026-05-19 12:07:53,311 - INFO - Token: <FECHA_CHAVES, '}', 27, 0>
2026-05-19 12:07:53,311 - INFO - Token: <IF, 'if', 30, 0>
2026-05-19 12:07:53,311 - INFO - Token: <ID, 'nome', 30, 3>
2026-05-19 12:07:53,312 - INFO - Token: <MENOR, '<', 30, 8>
2026-05-19 12:07:53,312 - INFO - Token: <ID, 'x', 30, 10>
2026-05-19 12:07:53,312 - INFO - Token: <ABRE_CHAVES, '{', 30, 12>
2026-05-19 12:07:53,312 - INFO - Token: <PT, 'pt', 31, 4>
2026-05-19 12:07:53,312 - INFO - Token: <ABRE_PARENTESES, '(', 31, 6>
2026-05-19 12:07:53,312 - INFO - Token: <ID, 'nome', 31, 7>
2026-05-19 12:07:53,312 - INFO - Token: <FECHA_PARENTESES, ')', 31, 11>
2026-05-19 12:07:53,312 - INFO - Token: <PONTO_VIRGULA, ';', 31, 12>
2026-05-19 12:07:53,312 - INFO - Token: <FECHA_CHAVES, '}', 32, 0>
2026-05-19 12:07:53,312 - INFO - Iniciando análise sintática.
2026-05-19 12:07:53,317 - INFO - Análise sintática concluída.
2026-05-19 12:07:53,317 - INFO - Iniciando análise semântica.
2026-05-19 12:07:53,317 - ERROR - Análise semântica encontrou 7 erro(s).
2026-05-19 12:07:53,318 - ERROR - SEM-001 [Linha 10, Coluna 3] Lexema: 'y' | Contexto: uso de variável | Mensagem: Variável 'y' usada antes de ser declarada. | Sugestão: Declare 'y' antes de usar esse identificador em uma expressão.
2026-05-19 12:07:53,318 - ERROR - SEM-003 [Linha 13, Coluna 0] Lexema: 'x' | Contexto: atribuição | Mensagem: Variável 'x' é do tipo inteiro, mas recebeu expressão do tipo texto. | Sugestão: Atribua um valor compatível com o tipo declarado da variável.
2026-05-19 12:07:53,318 - ERROR - SEM-003 [Linha 16, Coluna 0] Lexema: 'nome' | Contexto: atribuição | Mensagem: Variável 'nome' é do tipo texto, mas recebeu expressão do tipo inteiro. | Sugestão: Atribua um valor compatível com o tipo declarado da variável.
2026-05-19 12:07:53,318 - ERROR - SEM-002 [Linha 19, Coluna 2] Lexema: 'x' | Contexto: declaração de variável | Mensagem: Variável 'x' já foi declarada neste escopo. | Sugestão: Use outro nome ou remova a declaração duplicada. A declaração anterior está na linha 6, coluna 2.
2026-05-19 12:07:53,318 - ERROR - SEM-005 [Linha 22, Coluna 3] Lexema: 'nome' | Contexto: expressão aritmética | Mensagem: Operadores '+' e '-' só podem ser usados com inteiros. | Sugestão: Remova strings da expressão ou use apenas variáveis inteiras.
2026-05-19 12:07:53,318 - ERROR - SEM-006 [Linha 25, Coluna 3] Lexema: 'x' | Contexto: comparação | Mensagem: Comparação '==' recebeu valores de tipos diferentes: inteiro e texto. | Sugestão: Compare valores do mesmo tipo.
2026-05-19 12:07:53,318 - ERROR - SEM-006 [Linha 30, Coluna 3] Lexema: 'nome' | Contexto: comparação | Mensagem: Comparação '<' só pode ser usada com inteiros. | Sugestão: Use '<' e '>' apenas entre números ou variáveis inteiras.
2026-05-19 12:07:53,318 - INFO - Análise semântica concluída.
2026-05-19 12:08:11,863 - INFO - Iniciando compilação do arquivo teste_erro_sintatico.cmm.
2026-05-19 12:08:11,866 - INFO - Iniciando compilação do arquivo teste_erro_lexico.cmm.
2026-05-19 12:08:11,867 - INFO - Token: <TIPO_INT, 'i', 6, 0>
2026-05-19 12:08:11,867 - INFO - Token: <ID, 'x', 6, 2>
2026-05-19 12:08:11,867 - INFO - Token: <ATRIBUICAO, '=', 6, 4>
2026-05-19 12:08:11,867 - INFO - Token: <NUMERO, '10', 6, 6>
2026-05-19 12:08:11,867 - INFO - Token: <PT, 'pt', 7, 0>
2026-05-19 12:08:11,867 - INFO - Token: <ABRE_PARENTESES, '(', 7, 2>
2026-05-19 12:08:11,867 - INFO - Token: <ID, 'x', 7, 3>
2026-05-19 12:08:11,867 - INFO - Token: <FECHA_PARENTESES, ')', 7, 4>
2026-05-19 12:08:11,867 - INFO - Token: <PONTO_VIRGULA, ';', 7, 5>
2026-05-19 12:08:11,868 - INFO - Iniciando análise sintática.
2026-05-19 12:08:11,869 - ERROR - ERRO SINTÁTICO [Linha 7, Coluna 0] Lexema: 'pt' | Mensagem: faltando ';' at 'pt'
2026-05-19 12:08:11,869 - INFO - Análise sintática concluída.
2026-05-19 12:08:11,870 - ERROR - ERRO LÉXICO [Linha 7, Coluna 3] Lexema: '' | Mensagem: Token não reconhecido pelo analisador léxico: '@'.
2026-05-19 12:08:11,871 - INFO - Token: <TIPO_INT, 'i', 6, 0>
2026-05-19 12:08:11,871 - INFO - Token: <ID, 'x', 6, 2>
2026-05-19 12:08:11,871 - INFO - Token: <ATRIBUICAO, '=', 6, 4>
2026-05-19 12:08:11,871 - INFO - Token: <NUMERO, '10', 6, 6>
2026-05-19 12:08:11,871 - INFO - Token: <PONTO_VIRGULA, ';', 6, 8>
2026-05-19 12:08:11,871 - INFO - Token: <PT, 'pt', 7, 0>
2026-05-19 12:08:11,871 - INFO - Token: <ABRE_PARENTESES, '(', 7, 2>
2026-05-19 12:08:11,871 - INFO - Token: <FECHA_PARENTESES, ')', 7, 4>
2026-05-19 12:08:11,871 - INFO - Token: <PONTO_VIRGULA, ';', 7, 5>
2026-05-19 12:16:36,834 - INFO - Iniciando compilação do arquivo entrada.cmm.
2026-05-19 12:16:36,844 - INFO - Token: <TIPO_INT, 'i', 1, 0>
2026-05-19 12:16:36,844 - INFO - Token: <ID, 'x', 1, 2>
2026-05-19 12:16:36,844 - INFO - Token: <ATRIBUICAO, '=', 1, 4>
2026-05-19 12:16:36,844 - INFO - Token: <NUMERO, '1', 1, 6>
2026-05-19 12:16:36,844 - INFO - Token: <SOMA, '+', 1, 8>
2026-05-19 12:16:36,844 - INFO - Token: <NUMERO, '2', 1, 10>
2026-05-19 12:16:36,844 - INFO - Token: <SOMA, '+', 1, 12>
2026-05-19 12:16:36,844 - INFO - Token: <NUMERO, '3', 1, 14>
2026-05-19 12:16:36,845 - INFO - Token: <PONTO_VIRGULA, ';', 1, 15>
2026-05-19 12:16:36,845 - INFO - Token: <TIPO_INT, 'i', 2, 0>
2026-05-19 12:16:36,845 - INFO - Token: <ID, 'y', 2, 2>
2026-05-19 12:16:36,845 - INFO - Token: <ATRIBUICAO, '=', 2, 4>
2026-05-19 12:16:36,845 - INFO - Token: <NUMERO, '2', 2, 6>
2026-05-19 12:16:36,845 - INFO - Token: <MULTIPLICACAO, '*', 2, 8>
2026-05-19 12:16:36,845 - INFO - Token: <NUMERO, '3', 2, 10>
2026-05-19 12:16:36,845 - INFO - Token: <PONTO_VIRGULA, ';', 2, 11>
2026-05-19 12:16:36,845 - INFO - Token: <TIPO_INT, 'i', 3, 0>
2026-05-19 12:16:36,845 - INFO - Token: <ID, 'z', 3, 2>
2026-05-19 12:16:36,845 - INFO - Token: <ATRIBUICAO, '=', 3, 4>
2026-05-19 12:16:36,845 - INFO - Token: <NUMERO, '10', 3, 6>
2026-05-19 12:16:36,845 - INFO - Token: <DIVISAO, '/', 3, 9>
2026-05-19 12:16:36,845 - INFO - Token: <NUMERO, '2', 3, 11>
2026-05-19 12:16:36,845 - INFO - Token: <PONTO_VIRGULA, ';', 3, 12>
2026-05-19 12:16:36,845 - INFO - Token: <PT, 'pt', 5, 0>
2026-05-19 12:16:36,845 - INFO - Token: <ABRE_PARENTESES, '(', 5, 2>
2026-05-19 12:16:36,845 - INFO - Token: <ID, 'x', 5, 3>
2026-05-19 12:16:36,845 - INFO - Token: <FECHA_PARENTESES, ')', 5, 4>
2026-05-19 12:16:36,845 - INFO - Token: <PONTO_VIRGULA, ';', 5, 5>
2026-05-19 12:16:36,845 - INFO - Token: <PT, 'pt', 6, 0>
2026-05-19 12:16:36,845 - INFO - Token: <ABRE_PARENTESES, '(', 6, 2>
2026-05-19 12:16:36,845 - INFO - Token: <ID, 'y', 6, 3>
2026-05-19 12:16:36,845 - INFO - Token: <FECHA_PARENTESES, ')', 6, 4>
2026-05-19 12:16:36,846 - INFO - Token: <PONTO_VIRGULA, ';', 6, 5>
2026-05-19 12:16:36,846 - INFO - Token: <PT, 'pt', 7, 0>
2026-05-19 12:16:36,846 - INFO - Token: <ABRE_PARENTESES, '(', 7, 2>
2026-05-19 12:16:36,846 - INFO - Token: <ID, 'z', 7, 3>
2026-05-19 12:16:36,846 - INFO - Token: <FECHA_PARENTESES, ')', 7, 4>
2026-05-19 12:16:36,846 - INFO - Token: <PONTO_VIRGULA, ';', 7, 5>
2026-05-19 12:16:36,846 - INFO - Token: <TIPO_STR, 's', 8, 0>
2026-05-19 12:16:36,846 - INFO - Token: <ID, 'nome', 8, 2>
2026-05-19 12:16:36,846 - INFO - Token: <ATRIBUICAO, '=', 8, 7>
2026-05-19 12:16:36,846 - INFO - Token: <STRING, '"matheus"', 8, 9>
2026-05-19 12:16:36,846 - INFO - Token: <PONTO_VIRGULA, ';', 8, 18>
2026-05-19 12:16:36,846 - INFO - Token: <PT, 'pt', 9, 0>
2026-05-19 12:16:36,846 - INFO - Token: <ABRE_PARENTESES, '(', 9, 2>
2026-05-19 12:16:36,846 - INFO - Token: <ID, 'nome', 9, 3>
2026-05-19 12:16:36,846 - INFO - Token: <FECHA_PARENTESES, ')', 9, 7>
2026-05-19 12:16:36,846 - INFO - Token: <PONTO_VIRGULA, ';', 9, 8>
2026-05-19 12:16:36,846 - INFO - Token: <TIPO_INT, 'i', 11, 0>
2026-05-19 12:16:36,846 - INFO - Token: <ID, 'n', 11, 2>
2026-05-19 12:16:36,846 - INFO - Token: <ATRIBUICAO, '=', 11, 4>
2026-05-19 12:16:36,846 - INFO - Token: <NUMERO, '5', 11, 6>
2026-05-19 12:16:36,846 - INFO - Token: <PONTO_VIRGULA, ';', 11, 7>
2026-05-19 12:16:36,846 - INFO - Token: <TIPO_INT, 'i', 12, 0>
2026-05-19 12:16:36,846 - INFO - Token: <ID, 'r', 12, 2>
2026-05-19 12:16:36,847 - INFO - Token: <ATRIBUICAO, '=', 12, 4>
2026-05-19 12:16:36,847 - INFO - Token: <NUMERO, '0', 12, 6>
2026-05-19 12:16:36,847 - INFO - Token: <PONTO_VIRGULA, ';', 12, 7>
2026-05-19 12:16:36,847 - INFO - Token: <TIPO_INT, 'i', 13, 0>
2026-05-19 12:16:36,847 - INFO - Token: <ID, 'c', 13, 2>
2026-05-19 12:16:36,847 - INFO - Token: <ATRIBUICAO, '=', 13, 4>
2026-05-19 12:16:36,847 - INFO - Token: <NUMERO, '1', 13, 6>
2026-05-19 12:16:36,847 - INFO - Token: <PONTO_VIRGULA, ';', 13, 7>
2026-05-19 12:16:36,847 - INFO - Token: <TIPO_INT, 'i', 14, 0>
2026-05-19 12:16:36,847 - INFO - Token: <ID, 'k', 14, 2>
2026-05-19 12:16:36,847 - INFO - Token: <ATRIBUICAO, '=', 14, 4>
2026-05-19 12:16:36,847 - INFO - Token: <NUMERO, '0', 14, 6>
2026-05-19 12:16:36,847 - INFO - Token: <PONTO_VIRGULA, ';', 14, 7>
2026-05-19 12:16:36,847 - INFO - Token: <TIPO_INT, 'i', 15, 0>
2026-05-19 12:16:36,847 - INFO - Token: <ID, 'l', 15, 2>
2026-05-19 12:16:36,847 - INFO - Token: <ATRIBUICAO, '=', 15, 4>
2026-05-19 12:16:36,847 - INFO - Token: <NUMERO, '0', 15, 6>
2026-05-19 12:16:36,847 - INFO - Token: <PONTO_VIRGULA, ';', 15, 7>
2026-05-19 12:16:36,847 - INFO - Token: <TIPO_INT, 'i', 16, 0>
2026-05-19 12:16:36,847 - INFO - Token: <ID, 'd', 16, 2>
2026-05-19 12:16:36,847 - INFO - Token: <ATRIBUICAO, '=', 16, 4>
2026-05-19 12:16:36,847 - INFO - Token: <NUMERO, '0', 16, 6>
2026-05-19 12:16:36,847 - INFO - Token: <PONTO_VIRGULA, ';', 16, 7>
2026-05-19 12:16:36,847 - INFO - Token: <TIPO_INT, 'i', 17, 0>
2026-05-19 12:16:36,848 - INFO - Token: <ID, 'e', 17, 2>
2026-05-19 12:16:36,848 - INFO - Token: <ATRIBUICAO, '=', 17, 4>
2026-05-19 12:16:36,848 - INFO - Token: <NUMERO, '0', 17, 6>
2026-05-19 12:16:36,848 - INFO - Token: <PONTO_VIRGULA, ';', 17, 7>
2026-05-19 12:16:36,848 - INFO - Token: <WL, 'wl', 19, 0>
2026-05-19 12:16:36,848 - INFO - Token: <ID, 'r', 19, 3>
2026-05-19 12:16:36,848 - INFO - Token: <MENOR, '<', 19, 5>
2026-05-19 12:16:36,848 - INFO - Token: <ID, 'n', 19, 7>
2026-05-19 12:16:36,848 - INFO - Token: <DO, 'do', 19, 9>
2026-05-19 12:16:36,848 - INFO - Token: <ABRE_CHAVES, '{', 19, 12>
2026-05-19 12:16:36,848 - INFO - Token: <ID, 'c', 20, 4>
2026-05-19 12:16:36,848 - INFO - Token: <ATRIBUICAO, '=', 20, 6>
2026-05-19 12:16:36,848 - INFO - Token: <NUMERO, '1', 20, 8>
2026-05-19 12:16:36,848 - INFO - Token: <PONTO_VIRGULA, ';', 20, 9>
2026-05-19 12:16:36,848 - INFO - Token: <ID, 'k', 21, 4>
2026-05-19 12:16:36,848 - INFO - Token: <ATRIBUICAO, '=', 21, 6>
2026-05-19 12:16:36,848 - INFO - Token: <NUMERO, '0', 21, 8>
2026-05-19 12:16:36,848 - INFO - Token: <PONTO_VIRGULA, ';', 21, 9>
2026-05-19 12:16:36,848 - INFO - Token: <ID, 'l', 22, 4>
2026-05-19 12:16:36,848 - INFO - Token: <ATRIBUICAO, '=', 22, 6>
2026-05-19 12:16:36,848 - INFO - Token: <ID, 'r', 22, 8>
2026-05-19 12:16:36,848 - INFO - Token: <SOMA, '+', 22, 10>
2026-05-19 12:16:36,848 - INFO - Token: <NUMERO, '1', 22, 12>
2026-05-19 12:16:36,848 - INFO - Token: <PONTO_VIRGULA, ';', 22, 13>
2026-05-19 12:16:36,848 - INFO - Token: <WL, 'wl', 23, 4>
2026-05-19 12:16:36,849 - INFO - Token: <ID, 'k', 23, 7>
2026-05-19 12:16:36,849 - INFO - Token: <MENOR, '<', 23, 9>
2026-05-19 12:16:36,849 - INFO - Token: <ID, 'l', 23, 11>
2026-05-19 12:16:36,849 - INFO - Token: <DO, 'do', 23, 13>
2026-05-19 12:16:36,849 - INFO - Token: <ABRE_CHAVES, '{', 23, 16>
2026-05-19 12:16:36,849 - INFO - Token: <PT, 'pt', 25, 8>
2026-05-19 12:16:36,849 - INFO - Token: <ABRE_PARENTESES, '(', 25, 10>
2026-05-19 12:16:36,849 - INFO - Token: <ID, 'c', 25, 11>
2026-05-19 12:16:36,849 - INFO - Token: <FECHA_PARENTESES, ')', 25, 12>
2026-05-19 12:16:36,849 - INFO - Token: <PONTO_VIRGULA, ';', 25, 13>
2026-05-19 12:16:36,849 - INFO - Token: <ID, 'd', 26, 8>
2026-05-19 12:16:36,849 - INFO - Token: <ATRIBUICAO, '=', 26, 10>
2026-05-19 12:16:36,849 - INFO - Token: <ID, 'r', 26, 12>
2026-05-19 12:16:36,849 - INFO - Token: <SUBTRACAO, '-', 26, 14>
2026-05-19 12:16:36,849 - INFO - Token: <ID, 'k', 26, 16>
2026-05-19 12:16:36,849 - INFO - Token: <PONTO_VIRGULA, ';', 26, 17>
2026-05-19 12:16:36,849 - INFO - Token: <ID, 'e', 27, 8>
2026-05-19 12:16:36,849 - INFO - Token: <ATRIBUICAO, '=', 27, 10>
2026-05-19 12:16:36,849 - INFO - Token: <ID, 'k', 27, 12>
2026-05-19 12:16:36,849 - INFO - Token: <SOMA, '+', 27, 14>
2026-05-19 12:16:36,849 - INFO - Token: <NUMERO, '1', 27, 16>
2026-05-19 12:16:36,849 - INFO - Token: <PONTO_VIRGULA, ';', 27, 17>
2026-05-19 12:16:36,849 - INFO - Token: <ID, 'c', 28, 8>
2026-05-19 12:16:36,849 - INFO - Token: <ATRIBUICAO, '=', 28, 10>
2026-05-19 12:16:36,849 - INFO - Token: <ID, 'c', 28, 12>
2026-05-19 12:16:36,850 - INFO - Token: <MULTIPLICACAO, '*', 28, 14>
2026-05-19 12:16:36,850 - INFO - Token: <ID, 'd', 28, 16>
2026-05-19 12:16:36,850 - INFO - Token: <DIVISAO, '/', 28, 18>
2026-05-19 12:16:36,850 - INFO - Token: <ID, 'e', 28, 20>
2026-05-19 12:16:36,850 - INFO - Token: <PONTO_VIRGULA, ';', 28, 21>
2026-05-19 12:16:36,850 - INFO - Token: <ID, 'k', 30, 8>
2026-05-19 12:16:36,850 - INFO - Token: <ATRIBUICAO, '=', 30, 10>
2026-05-19 12:16:36,850 - INFO - Token: <ID, 'k', 30, 12>
2026-05-19 12:16:36,850 - INFO - Token: <SOMA, '+', 30, 14>
2026-05-19 12:16:36,850 - INFO - Token: <NUMERO, '1', 30, 16>
2026-05-19 12:16:36,850 - INFO - Token: <PONTO_VIRGULA, ';', 30, 17>
2026-05-19 12:16:36,850 - INFO - Token: <FECHA_CHAVES, '}', 31, 4>
2026-05-19 12:16:36,850 - INFO - Token: <PT, 'pt', 33, 4>
2026-05-19 12:16:36,850 - INFO - Token: <ABRE_PARENTESES, '(', 33, 6>
2026-05-19 12:16:36,850 - INFO - Token: <STRING, '"---"', 33, 7>
2026-05-19 12:16:36,850 - INFO - Token: <FECHA_PARENTESES, ')', 33, 12>
2026-05-19 12:16:36,850 - INFO - Token: <PONTO_VIRGULA, ';', 33, 13>
2026-05-19 12:16:36,850 - INFO - Token: <ID, 'r', 34, 4>
2026-05-19 12:16:36,850 - INFO - Token: <ATRIBUICAO, '=', 34, 6>
2026-05-19 12:16:36,850 - INFO - Token: <ID, 'r', 34, 8>
2026-05-19 12:16:36,850 - INFO - Token: <SOMA, '+', 34, 10>
2026-05-19 12:16:36,850 - INFO - Token: <NUMERO, '1', 34, 12>
2026-05-19 12:16:36,850 - INFO - Token: <PONTO_VIRGULA, ';', 34, 13>
2026-05-19 12:16:36,850 - INFO - Token: <FECHA_CHAVES, '}', 35, 0>
2026-05-19 12:16:36,851 - INFO - Iniciando análise sintática.
2026-05-19 12:16:36,856 - INFO - Análise sintática concluída.
2026-05-19 12:16:36,856 - INFO - Iniciando análise semântica.
2026-05-19 12:16:36,857 - INFO - Análise semântica concluída sem erros.
2026-05-19 12:16:36,857 - INFO - Análise semântica concluída.
2026-05-19 12:24:57,657 - INFO - Iniciando compilação do arquivo entrada.cmm.
2026-05-19 12:24:57,667 - INFO - Token: <TIPO_INT, 'i', 1, 0>
2026-05-19 12:24:57,667 - INFO - Token: <ID, 'x', 1, 2>
2026-05-19 12:24:57,667 - INFO - Token: <ATRIBUICAO, '=', 1, 4>
2026-05-19 12:24:57,667 - INFO - Token: <NUMERO, '1', 1, 6>
2026-05-19 12:24:57,667 - INFO - Token: <SOMA, '+', 1, 8>
2026-05-19 12:24:57,667 - INFO - Token: <NUMERO, '2', 1, 10>
2026-05-19 12:24:57,667 - INFO - Token: <SOMA, '+', 1, 12>
2026-05-19 12:24:57,667 - INFO - Token: <NUMERO, '3', 1, 14>
2026-05-19 12:24:57,667 - INFO - Token: <PONTO_VIRGULA, ';', 1, 15>
2026-05-19 12:24:57,667 - INFO - Token: <TIPO_INT, 'i', 2, 0>
2026-05-19 12:24:57,667 - INFO - Token: <ID, 'y', 2, 2>
2026-05-19 12:24:57,667 - INFO - Token: <ATRIBUICAO, '=', 2, 4>
2026-05-19 12:24:57,667 - INFO - Token: <NUMERO, '2', 2, 6>
2026-05-19 12:24:57,667 - INFO - Token: <MULTIPLICACAO, '*', 2, 8>
2026-05-19 12:24:57,667 - INFO - Token: <NUMERO, '3', 2, 10>
2026-05-19 12:24:57,668 - INFO - Token: <PONTO_VIRGULA, ';', 2, 11>
2026-05-19 12:24:57,668 - INFO - Token: <TIPO_INT, 'i', 3, 0>
2026-05-19 12:24:57,668 - INFO - Token: <ID, 'z', 3, 2>
2026-05-19 12:24:57,668 - INFO - Token: <ATRIBUICAO, '=', 3, 4>
2026-05-19 12:24:57,668 - INFO - Token: <NUMERO, '10', 3, 6>
2026-05-19 12:24:57,668 - INFO - Token: <DIVISAO, '/', 3, 9>
2026-05-19 12:24:57,668 - INFO - Token: <NUMERO, '2', 3, 11>
2026-05-19 12:24:57,668 - INFO - Token: <PONTO_VIRGULA, ';', 3, 12>
2026-05-19 12:24:57,668 - INFO - Token: <PT, 'pt', 5, 0>
2026-05-19 12:24:57,668 - INFO - Token: <ABRE_PARENTESES, '(', 5, 2>
2026-05-19 12:24:57,668 - INFO - Token: <ID, 'x', 5, 3>
2026-05-19 12:24:57,668 - INFO - Token: <FECHA_PARENTESES, ')', 5, 4>
2026-05-19 12:24:57,668 - INFO - Token: <PONTO_VIRGULA, ';', 5, 5>
2026-05-19 12:24:57,668 - INFO - Token: <PT, 'pt', 6, 0>
2026-05-19 12:24:57,668 - INFO - Token: <ABRE_PARENTESES, '(', 6, 2>
2026-05-19 12:24:57,668 - INFO - Token: <ID, 'y', 6, 3>
2026-05-19 12:24:57,668 - INFO - Token: <FECHA_PARENTESES, ')', 6, 4>
2026-05-19 12:24:57,668 - INFO - Token: <PONTO_VIRGULA, ';', 6, 5>
2026-05-19 12:24:57,668 - INFO - Token: <PT, 'pt', 7, 0>
2026-05-19 12:24:57,668 - INFO - Token: <ABRE_PARENTESES, '(', 7, 2>
2026-05-19 12:24:57,668 - INFO - Token: <ID, 'z', 7, 3>
2026-05-19 12:24:57,668 - INFO - Token: <FECHA_PARENTESES, ')', 7, 4>
2026-05-19 12:24:57,668 - INFO - Token: <PONTO_VIRGULA, ';', 7, 5>
2026-05-19 12:24:57,668 - INFO - Token: <TIPO_STR, 's', 8, 0>
2026-05-19 12:24:57,668 - INFO - Token: <ID, 'nome', 8, 2>
2026-05-19 12:24:57,668 - INFO - Token: <ATRIBUICAO, '=', 8, 7>
2026-05-19 12:24:57,669 - INFO - Token: <STRING, '"matheus"', 8, 9>
2026-05-19 12:24:57,669 - INFO - Token: <PONTO_VIRGULA, ';', 8, 18>
2026-05-19 12:24:57,669 - INFO - Token: <PT, 'pt', 9, 0>
2026-05-19 12:24:57,669 - INFO - Token: <ABRE_PARENTESES, '(', 9, 2>
2026-05-19 12:24:57,669 - INFO - Token: <ID, 'nome', 9, 3>
2026-05-19 12:24:57,669 - INFO - Token: <FECHA_PARENTESES, ')', 9, 7>
2026-05-19 12:24:57,669 - INFO - Token: <PONTO_VIRGULA, ';', 9, 8>
2026-05-19 12:24:57,669 - INFO - Token: <TIPO_INT, 'i', 11, 0>
2026-05-19 12:24:57,669 - INFO - Token: <ID, 'n', 11, 2>
2026-05-19 12:24:57,669 - INFO - Token: <ATRIBUICAO, '=', 11, 4>
2026-05-19 12:24:57,669 - INFO - Token: <NUMERO, '5', 11, 6>
2026-05-19 12:24:57,669 - INFO - Token: <PONTO_VIRGULA, ';', 11, 7>
2026-05-19 12:24:57,669 - INFO - Token: <TIPO_INT, 'i', 12, 0>
2026-05-19 12:24:57,669 - INFO - Token: <ID, 'r', 12, 2>
2026-05-19 12:24:57,669 - INFO - Token: <ATRIBUICAO, '=', 12, 4>
2026-05-19 12:24:57,669 - INFO - Token: <NUMERO, '0', 12, 6>
2026-05-19 12:24:57,669 - INFO - Token: <PONTO_VIRGULA, ';', 12, 7>
2026-05-19 12:24:57,669 - INFO - Token: <TIPO_INT, 'i', 13, 0>
2026-05-19 12:24:57,669 - INFO - Token: <ID, 'c', 13, 2>
2026-05-19 12:24:57,669 - INFO - Token: <ATRIBUICAO, '=', 13, 4>
2026-05-19 12:24:57,669 - INFO - Token: <NUMERO, '1', 13, 6>
2026-05-19 12:24:57,669 - INFO - Token: <PONTO_VIRGULA, ';', 13, 7>
2026-05-19 12:24:57,669 - INFO - Token: <TIPO_INT, 'i', 14, 0>
2026-05-19 12:24:57,669 - INFO - Token: <ID, 'k', 14, 2>
2026-05-19 12:24:57,669 - INFO - Token: <ATRIBUICAO, '=', 14, 4>
2026-05-19 12:24:57,669 - INFO - Token: <NUMERO, '0', 14, 6>
2026-05-19 12:24:57,670 - INFO - Token: <PONTO_VIRGULA, ';', 14, 7>
2026-05-19 12:24:57,670 - INFO - Token: <TIPO_INT, 'i', 15, 0>
2026-05-19 12:24:57,670 - INFO - Token: <ID, 'l', 15, 2>
2026-05-19 12:24:57,670 - INFO - Token: <ATRIBUICAO, '=', 15, 4>
2026-05-19 12:24:57,670 - INFO - Token: <NUMERO, '0', 15, 6>
2026-05-19 12:24:57,670 - INFO - Token: <PONTO_VIRGULA, ';', 15, 7>
2026-05-19 12:24:57,670 - INFO - Token: <TIPO_INT, 'i', 16, 0>
2026-05-19 12:24:57,670 - INFO - Token: <ID, 'd', 16, 2>
2026-05-19 12:24:57,670 - INFO - Token: <ATRIBUICAO, '=', 16, 4>
2026-05-19 12:24:57,670 - INFO - Token: <NUMERO, '0', 16, 6>
2026-05-19 12:24:57,670 - INFO - Token: <PONTO_VIRGULA, ';', 16, 7>
2026-05-19 12:24:57,670 - INFO - Token: <TIPO_INT, 'i', 17, 0>
2026-05-19 12:24:57,670 - INFO - Token: <ID, 'e', 17, 2>
2026-05-19 12:24:57,670 - INFO - Token: <ATRIBUICAO, '=', 17, 4>
2026-05-19 12:24:57,670 - INFO - Token: <NUMERO, '0', 17, 6>
2026-05-19 12:24:57,670 - INFO - Token: <PONTO_VIRGULA, ';', 17, 7>
2026-05-19 12:24:57,670 - INFO - Token: <WL, 'wl', 19, 0>
2026-05-19 12:24:57,670 - INFO - Token: <ID, 'r', 19, 3>
2026-05-19 12:24:57,670 - INFO - Token: <MENOR, '<', 19, 5>
2026-05-19 12:24:57,670 - INFO - Token: <ID, 'n', 19, 7>
2026-05-19 12:24:57,670 - INFO - Token: <DO, 'do', 19, 9>
2026-05-19 12:24:57,670 - INFO - Token: <ABRE_CHAVES, '{', 19, 12>
2026-05-19 12:24:57,670 - INFO - Token: <ID, 'c', 20, 4>
2026-05-19 12:24:57,670 - INFO - Token: <ATRIBUICAO, '=', 20, 6>
2026-05-19 12:24:57,671 - INFO - Token: <NUMERO, '1', 20, 8>
2026-05-19 12:24:57,671 - INFO - Token: <PONTO_VIRGULA, ';', 20, 9>
2026-05-19 12:24:57,671 - INFO - Token: <ID, 'k', 21, 4>
2026-05-19 12:24:57,671 - INFO - Token: <ATRIBUICAO, '=', 21, 6>
2026-05-19 12:24:57,671 - INFO - Token: <NUMERO, '0', 21, 8>
2026-05-19 12:24:57,671 - INFO - Token: <PONTO_VIRGULA, ';', 21, 9>
2026-05-19 12:24:57,671 - INFO - Token: <ID, 'l', 22, 4>
2026-05-19 12:24:57,671 - INFO - Token: <ATRIBUICAO, '=', 22, 6>
2026-05-19 12:24:57,671 - INFO - Token: <ID, 'r', 22, 8>
2026-05-19 12:24:57,671 - INFO - Token: <SOMA, '+', 22, 10>
2026-05-19 12:24:57,671 - INFO - Token: <NUMERO, '1', 22, 12>
2026-05-19 12:24:57,671 - INFO - Token: <PONTO_VIRGULA, ';', 22, 13>
2026-05-19 12:24:57,671 - INFO - Token: <WL, 'wl', 23, 4>
2026-05-19 12:24:57,671 - INFO - Token: <ID, 'k', 23, 7>
2026-05-19 12:24:57,671 - INFO - Token: <MENOR, '<', 23, 9>
2026-05-19 12:24:57,671 - INFO - Token: <ID, 'l', 23, 11>
2026-05-19 12:24:57,671 - INFO - Token: <DO, 'do', 23, 13>
2026-05-19 12:24:57,671 - INFO - Token: <ABRE_CHAVES, '{', 23, 16>
2026-05-19 12:24:57,671 - INFO - Token: <PT, 'pt', 25, 8>
2026-05-19 12:24:57,671 - INFO - Token: <ABRE_PARENTESES, '(', 25, 10>
2026-05-19 12:24:57,671 - INFO - Token: <ID, 'c', 25, 11>
2026-05-19 12:24:57,672 - INFO - Token: <FECHA_PARENTESES, ')', 25, 12>
2026-05-19 12:24:57,672 - INFO - Token: <PONTO_VIRGULA, ';', 25, 13>
2026-05-19 12:24:57,672 - INFO - Token: <ID, 'd', 26, 8>
2026-05-19 12:24:57,672 - INFO - Token: <ATRIBUICAO, '=', 26, 10>
2026-05-19 12:24:57,672 - INFO - Token: <ID, 'r', 26, 12>
2026-05-19 12:24:57,672 - INFO - Token: <SUBTRACAO, '-', 26, 14>
2026-05-19 12:24:57,672 - INFO - Token: <ID, 'k', 26, 16>
2026-05-19 12:24:57,672 - INFO - Token: <PONTO_VIRGULA, ';', 26, 17>
2026-05-19 12:24:57,672 - INFO - Token: <ID, 'e', 27, 8>
2026-05-19 12:24:57,672 - INFO - Token: <ATRIBUICAO, '=', 27, 10>
2026-05-19 12:24:57,672 - INFO - Token: <ID, 'k', 27, 12>
2026-05-19 12:24:57,672 - INFO - Token: <SOMA, '+', 27, 14>
2026-05-19 12:24:57,672 - INFO - Token: <NUMERO, '1', 27, 16>
2026-05-19 12:24:57,672 - INFO - Token: <PONTO_VIRGULA, ';', 27, 17>
2026-05-19 12:24:57,672 - INFO - Token: <ID, 'c', 28, 8>
2026-05-19 12:24:57,672 - INFO - Token: <ATRIBUICAO, '=', 28, 10>
2026-05-19 12:24:57,672 - INFO - Token: <ID, 'c', 28, 12>
2026-05-19 12:24:57,672 - INFO - Token: <MULTIPLICACAO, '*', 28, 14>
2026-05-19 12:24:57,672 - INFO - Token: <ID, 'd', 28, 16>
2026-05-19 12:24:57,672 - INFO - Token: <DIVISAO, '/', 28, 18>
2026-05-19 12:24:57,672 - INFO - Token: <ID, 'e', 28, 20>
2026-05-19 12:24:57,672 - INFO - Token: <PONTO_VIRGULA, ';', 28, 21>
2026-05-19 12:24:57,672 - INFO - Token: <ID, 'k', 30, 8>
2026-05-19 12:24:57,672 - INFO - Token: <ATRIBUICAO, '=', 30, 10>
2026-05-19 12:24:57,672 - INFO - Token: <ID, 'k', 30, 12>
2026-05-19 12:24:57,672 - INFO - Token: <SOMA, '+', 30, 14>
2026-05-19 12:24:57,672 - INFO - Token: <NUMERO, '1', 30, 16>
2026-05-19 12:24:57,673 - INFO - Token: <PONTO_VIRGULA, ';', 30, 17>
2026-05-19 12:24:57,673 - INFO - Token: <FECHA_CHAVES, '}', 31, 4>
2026-05-19 12:24:57,673 - INFO - Token: <PT, 'pt', 33, 4>
2026-05-19 12:24:57,673 - INFO - Token: <ABRE_PARENTESES, '(', 33, 6>
2026-05-19 12:24:57,673 - INFO - Token: <STRING, '"---"', 33, 7>
2026-05-19 12:24:57,673 - INFO - Token: <FECHA_PARENTESES, ')', 33, 12>
2026-05-19 12:24:57,673 - INFO - Token: <PONTO_VIRGULA, ';', 33, 13>
2026-05-19 12:24:57,673 - INFO - Token: <ID, 'r', 34, 4>
2026-05-19 12:24:57,673 - INFO - Token: <ATRIBUICAO, '=', 34, 6>
2026-05-19 12:24:57,673 - INFO - Token: <ID, 'r', 34, 8>
2026-05-19 12:24:57,673 - INFO - Token: <SOMA, '+', 34, 10>
2026-05-19 12:24:57,673 - INFO - Token: <NUMERO, '1', 34, 12>
2026-05-19 12:24:57,673 - INFO - Token: <PONTO_VIRGULA, ';', 34, 13>
2026-05-19 12:24:57,673 - INFO - Token: <FECHA_CHAVES, '}', 35, 0>
2026-05-19 12:24:57,673 - INFO - Iniciando análise sintática.
2026-05-19 12:24:57,679 - INFO - Análise sintática concluída.
2026-05-19 12:24:57,680 - INFO - Iniciando análise semântica.
2026-05-19 12:24:57,680 - INFO - Análise semântica concluída sem erros.
2026-05-19 12:24:57,680 - INFO - Análise semântica concluída.
2026-05-19 12:26:02,213 - INFO - Iniciando compilação do arquivo entrada.cmm.
2026-05-19 12:26:02,221 - INFO - Token: <TIPO_INT, 'i', 1, 0>
2026-05-19 12:26:02,222 - INFO - Token: <ID, 'x', 1, 2>
2026-05-19 12:26:02,222 - INFO - Token: <ATRIBUICAO, '=', 1, 4>
2026-05-19 12:26:02,222 - INFO - Token: <NUMERO, '1', 1, 6>
2026-05-19 12:26:02,222 - INFO - Token: <SOMA, '+', 1, 8>
2026-05-19 12:26:02,222 - INFO - Token: <NUMERO, '2', 1, 10>
2026-05-19 12:26:02,222 - INFO - Token: <SOMA, '+', 1, 12>
2026-05-19 12:26:02,222 - INFO - Token: <NUMERO, '3', 1, 14>
2026-05-19 12:26:02,222 - INFO - Token: <PONTO_VIRGULA, ';', 1, 15>
2026-05-19 12:26:02,222 - INFO - Token: <TIPO_INT, 'i', 2, 0>
2026-05-19 12:26:02,222 - INFO - Token: <ID, 'y', 2, 2>
2026-05-19 12:26:02,222 - INFO - Token: <ATRIBUICAO, '=', 2, 4>
2026-05-19 12:26:02,222 - INFO - Token: <NUMERO, '2', 2, 6>
2026-05-19 12:26:02,222 - INFO - Token: <MULTIPLICACAO, '*', 2, 8>
2026-05-19 12:26:02,222 - INFO - Token: <NUMERO, '3', 2, 10>
2026-05-19 12:26:02,222 - INFO - Token: <PONTO_VIRGULA, ';', 2, 11>
2026-05-19 12:26:02,222 - INFO - Token: <TIPO_INT, 'i', 3, 0>
2026-05-19 12:26:02,222 - INFO - Token: <ID, 'z', 3, 2>
2026-05-19 12:26:02,222 - INFO - Token: <ATRIBUICAO, '=', 3, 4>
2026-05-19 12:26:02,222 - INFO - Token: <NUMERO, '10', 3, 6>
2026-05-19 12:26:02,222 - INFO - Token: <DIVISAO, '/', 3, 9>
2026-05-19 12:26:02,222 - INFO - Token: <NUMERO, '2', 3, 11>
2026-05-19 12:26:02,222 - INFO - Token: <PONTO_VIRGULA, ';', 3, 12>
2026-05-19 12:26:02,222 - INFO - Token: <PT, 'pt', 5, 0>
2026-05-19 12:26:02,223 - INFO - Token: <ABRE_PARENTESES, '(', 5, 2>
2026-05-19 12:26:02,223 - INFO - Token: <ID, 'x', 5, 3>
2026-05-19 12:26:02,223 - INFO - Token: <FECHA_PARENTESES, ')', 5, 4>
2026-05-19 12:26:02,223 - INFO - Token: <PONTO_VIRGULA, ';', 5, 5>
2026-05-19 12:26:02,223 - INFO - Token: <PT, 'pt', 6, 0>
2026-05-19 12:26:02,223 - INFO - Token: <ABRE_PARENTESES, '(', 6, 2>
2026-05-19 12:26:02,223 - INFO - Token: <ID, 'y', 6, 3>
2026-05-19 12:26:02,223 - INFO - Token: <FECHA_PARENTESES, ')', 6, 4>
2026-05-19 12:26:02,223 - INFO - Token: <PONTO_VIRGULA, ';', 6, 5>
2026-05-19 12:26:02,223 - INFO - Token: <PT, 'pt', 7, 0>
2026-05-19 12:26:02,223 - INFO - Token: <ABRE_PARENTESES, '(', 7, 2>
2026-05-19 12:26:02,223 - INFO - Token: <ID, 'z', 7, 3>
2026-05-19 12:26:02,223 - INFO - Token: <FECHA_PARENTESES, ')', 7, 4>
2026-05-19 12:26:02,223 - INFO - Token: <PONTO_VIRGULA, ';', 7, 5>
2026-05-19 12:26:02,223 - INFO - Token: <TIPO_STR, 's', 8, 0>
2026-05-19 12:26:02,223 - INFO - Token: <ID, 'nome', 8, 2>
2026-05-19 12:26:02,223 - INFO - Token: <ATRIBUICAO, '=', 8, 7>
2026-05-19 12:26:02,223 - INFO - Token: <STRING, '"matheus"', 8, 9>
2026-05-19 12:26:02,223 - INFO - Token: <PONTO_VIRGULA, ';', 8, 18>
2026-05-19 12:26:02,223 - INFO - Token: <PT, 'pt', 9, 0>
2026-05-19 12:26:02,223 - INFO - Token: <ABRE_PARENTESES, '(', 9, 2>
2026-05-19 12:26:02,223 - INFO - Token: <ID, 'nome', 9, 3>
2026-05-19 12:26:02,223 - INFO - Token: <FECHA_PARENTESES, ')', 9, 7>
2026-05-19 12:26:02,223 - INFO - Token: <PONTO_VIRGULA, ';', 9, 8>
2026-05-19 12:26:02,223 - INFO - Token: <TIPO_INT, 'i', 11, 0>
2026-05-19 12:26:02,223 - INFO - Token: <ID, 'n', 11, 2>
2026-05-19 12:26:02,223 - INFO - Token: <ATRIBUICAO, '=', 11, 4>
2026-05-19 12:26:02,223 - INFO - Token: <NUMERO, '5', 11, 6>
2026-05-19 12:26:02,224 - INFO - Token: <PONTO_VIRGULA, ';', 11, 7>
2026-05-19 12:26:02,224 - INFO - Token: <TIPO_INT, 'i', 12, 0>
2026-05-19 12:26:02,224 - INFO - Token: <ID, 'r', 12, 2>
2026-05-19 12:26:02,224 - INFO - Token: <ATRIBUICAO, '=', 12, 4>
2026-05-19 12:26:02,224 - INFO - Token: <NUMERO, '0', 12, 6>
2026-05-19 12:26:02,224 - INFO - Token: <PONTO_VIRGULA, ';', 12, 7>
2026-05-19 12:26:02,224 - INFO - Token: <TIPO_INT, 'i', 13, 0>
2026-05-19 12:26:02,224 - INFO - Token: <ID, 'c', 13, 2>
2026-05-19 12:26:02,224 - INFO - Token: <ATRIBUICAO, '=', 13, 4>
2026-05-19 12:26:02,224 - INFO - Token: <NUMERO, '1', 13, 6>
2026-05-19 12:26:02,224 - INFO - Token: <PONTO_VIRGULA, ';', 13, 7>
2026-05-19 12:26:02,224 - INFO - Token: <TIPO_INT, 'i', 14, 0>
2026-05-19 12:26:02,224 - INFO - Token: <ID, 'k', 14, 2>
2026-05-19 12:26:02,224 - INFO - Token: <ATRIBUICAO, '=', 14, 4>
2026-05-19 12:26:02,224 - INFO - Token: <NUMERO, '0', 14, 6>
2026-05-19 12:26:02,224 - INFO - Token: <PONTO_VIRGULA, ';', 14, 7>
2026-05-19 12:26:02,224 - INFO - Token: <TIPO_INT, 'i', 15, 0>
2026-05-19 12:26:02,224 - INFO - Token: <ID, 'l', 15, 2>
2026-05-19 12:26:02,224 - INFO - Token: <ATRIBUICAO, '=', 15, 4>
2026-05-19 12:26:02,224 - INFO - Token: <NUMERO, '0', 15, 6>
2026-05-19 12:26:02,224 - INFO - Token: <PONTO_VIRGULA, ';', 15, 7>
2026-05-19 12:26:02,224 - INFO - Token: <TIPO_INT, 'i', 16, 0>
2026-05-19 12:26:02,224 - INFO - Token: <ID, 'd', 16, 2>
2026-05-19 12:26:02,224 - INFO - Token: <ATRIBUICAO, '=', 16, 4>
2026-05-19 12:26:02,224 - INFO - Token: <NUMERO, '0', 16, 6>
2026-05-19 12:26:02,224 - INFO - Token: <PONTO_VIRGULA, ';', 16, 7>
2026-05-19 12:26:02,224 - INFO - Token: <TIPO_INT, 'i', 17, 0>
2026-05-19 12:26:02,225 - INFO - Token: <ID, 'e', 17, 2>
2026-05-19 12:26:02,225 - INFO - Token: <ATRIBUICAO, '=', 17, 4>
2026-05-19 12:26:02,225 - INFO - Token: <NUMERO, '0', 17, 6>
2026-05-19 12:26:02,225 - INFO - Token: <PONTO_VIRGULA, ';', 17, 7>
2026-05-19 12:26:02,225 - INFO - Token: <WL, 'wl', 19, 0>
2026-05-19 12:26:02,225 - INFO - Token: <ID, 'r', 19, 3>
2026-05-19 12:26:02,225 - INFO - Token: <MENOR, '<', 19, 5>
2026-05-19 12:26:02,225 - INFO - Token: <ID, 'n', 19, 7>
2026-05-19 12:26:02,225 - INFO - Token: <DO, 'do', 19, 9>
2026-05-19 12:26:02,225 - INFO - Token: <ABRE_CHAVES, '{', 19, 12>
2026-05-19 12:26:02,225 - INFO - Token: <ID, 'c', 20, 4>
2026-05-19 12:26:02,225 - INFO - Token: <ATRIBUICAO, '=', 20, 6>
2026-05-19 12:26:02,225 - INFO - Token: <NUMERO, '1', 20, 8>
2026-05-19 12:26:02,225 - INFO - Token: <PONTO_VIRGULA, ';', 20, 9>
2026-05-19 12:26:02,225 - INFO - Token: <ID, 'k', 21, 4>
2026-05-19 12:26:02,225 - INFO - Token: <ATRIBUICAO, '=', 21, 6>
2026-05-19 12:26:02,225 - INFO - Token: <NUMERO, '0', 21, 8>
2026-05-19 12:26:02,225 - INFO - Token: <PONTO_VIRGULA, ';', 21, 9>
2026-05-19 12:26:02,225 - INFO - Token: <ID, 'l', 22, 4>
2026-05-19 12:26:02,225 - INFO - Token: <ATRIBUICAO, '=', 22, 6>
2026-05-19 12:26:02,225 - INFO - Token: <ID, 'r', 22, 8>
2026-05-19 12:26:02,225 - INFO - Token: <SOMA, '+', 22, 10>
2026-05-19 12:26:02,225 - INFO - Token: <NUMERO, '1', 22, 12>
2026-05-19 12:26:02,225 - INFO - Token: <PONTO_VIRGULA, ';', 22, 13>
2026-05-19 12:26:02,225 - INFO - Token: <WL, 'wl', 23, 4>
2026-05-19 12:26:02,225 - INFO - Token: <ID, 'k', 23, 7>
2026-05-19 12:26:02,225 - INFO - Token: <MENOR, '<', 23, 9>
2026-05-19 12:26:02,225 - INFO - Token: <ID, 'l', 23, 11>
2026-05-19 12:26:02,226 - INFO - Token: <DO, 'do', 23, 13>
2026-05-19 12:26:02,226 - INFO - Token: <ABRE_CHAVES, '{', 23, 16>
2026-05-19 12:26:02,226 - INFO - Token: <PT, 'pt', 25, 8>
2026-05-19 12:26:02,226 - INFO - Token: <ABRE_PARENTESES, '(', 25, 10>
2026-05-19 12:26:02,226 - INFO - Token: <ID, 'c', 25, 11>
2026-05-19 12:26:02,226 - INFO - Token: <FECHA_PARENTESES, ')', 25, 12>
2026-05-19 12:26:02,226 - INFO - Token: <PONTO_VIRGULA, ';', 25, 13>
2026-05-19 12:26:02,226 - INFO - Token: <ID, 'd', 26, 8>
2026-05-19 12:26:02,226 - INFO - Token: <ATRIBUICAO, '=', 26, 10>
2026-05-19 12:26:02,226 - INFO - Token: <ID, 'r', 26, 12>
2026-05-19 12:26:02,226 - INFO - Token: <SUBTRACAO, '-', 26, 14>
2026-05-19 12:26:02,226 - INFO - Token: <ID, 'k', 26, 16>
2026-05-19 12:26:02,226 - INFO - Token: <PONTO_VIRGULA, ';', 26, 17>
2026-05-19 12:26:02,226 - INFO - Token: <ID, 'e', 27, 8>
2026-05-19 12:26:02,226 - INFO - Token: <ATRIBUICAO, '=', 27, 10>
2026-05-19 12:26:02,226 - INFO - Token: <ID, 'k', 27, 12>
2026-05-19 12:26:02,226 - INFO - Token: <SOMA, '+', 27, 14>
2026-05-19 12:26:02,226 - INFO - Token: <NUMERO, '1', 27, 16>
2026-05-19 12:26:02,226 - INFO - Token: <PONTO_VIRGULA, ';', 27, 17>
2026-05-19 12:26:02,226 - INFO - Token: <ID, 'c', 28, 8>
2026-05-19 12:26:02,226 - INFO - Token: <ATRIBUICAO, '=', 28, 10>
2026-05-19 12:26:02,226 - INFO - Token: <ID, 'c', 28, 12>
2026-05-19 12:26:02,226 - INFO - Token: <MULTIPLICACAO, '*', 28, 14>
2026-05-19 12:26:02,226 - INFO - Token: <ID, 'd', 28, 16>
2026-05-19 12:26:02,226 - INFO - Token: <DIVISAO, '/', 28, 18>
2026-05-19 12:26:02,227 - INFO - Token: <ID, 'e', 28, 20>
2026-05-19 12:26:02,227 - INFO - Token: <PONTO_VIRGULA, ';', 28, 21>
2026-05-19 12:26:02,227 - INFO - Token: <ID, 'k', 30, 8>
2026-05-19 12:26:02,227 - INFO - Token: <ATRIBUICAO, '=', 30, 10>
2026-05-19 12:26:02,227 - INFO - Token: <ID, 'k', 30, 12>
2026-05-19 12:26:02,227 - INFO - Token: <SOMA, '+', 30, 14>
2026-05-19 12:26:02,227 - INFO - Token: <NUMERO, '1', 30, 16>
2026-05-19 12:26:02,227 - INFO - Token: <PONTO_VIRGULA, ';', 30, 17>
2026-05-19 12:26:02,227 - INFO - Token: <FECHA_CHAVES, '}', 31, 4>
2026-05-19 12:26:02,227 - INFO - Token: <PT, 'pt', 33, 4>
2026-05-19 12:26:02,227 - INFO - Token: <ABRE_PARENTESES, '(', 33, 6>
2026-05-19 12:26:02,227 - INFO - Token: <STRING, '"---"', 33, 7>
2026-05-19 12:26:02,227 - INFO - Token: <FECHA_PARENTESES, ')', 33, 12>
2026-05-19 12:26:02,227 - INFO - Token: <PONTO_VIRGULA, ';', 33, 13>
2026-05-19 12:26:02,227 - INFO - Token: <ID, 'r', 34, 4>
2026-05-19 12:26:02,227 - INFO - Token: <ATRIBUICAO, '=', 34, 6>
2026-05-19 12:26:02,227 - INFO - Token: <ID, 'r', 34, 8>
2026-05-19 12:26:02,227 - INFO - Token: <SOMA, '+', 34, 10>
2026-05-19 12:26:02,227 - INFO - Token: <NUMERO, '1', 34, 12>
2026-05-19 12:26:02,227 - INFO - Token: <PONTO_VIRGULA, ';', 34, 13>
2026-05-19 12:26:02,227 - INFO - Token: <FECHA_CHAVES, '}', 35, 0>
2026-05-19 12:26:02,228 - INFO - Iniciando análise sintática.
2026-05-19 12:26:02,233 - INFO - Análise sintática concluída.
2026-05-19 12:26:02,233 - INFO - Iniciando análise semântica.
2026-05-19 12:26:02,234 - INFO - Análise semântica concluída sem erros.
2026-05-19 12:26:02,234 - INFO - Análise semântica concluída.
2026-05-19 12:26:20,720 - INFO - Iniciando compilação do arquivo entrada.cmm.
2026-05-19 12:26:20,728 - INFO - Token: <TIPO_INT, 'i', 1, 0>
2026-05-19 12:26:20,728 - INFO - Token: <ID, 'x', 1, 2>
2026-05-19 12:26:20,728 - INFO - Token: <ATRIBUICAO, '=', 1, 4>
2026-05-19 12:26:20,728 - INFO - Token: <NUMERO, '1', 1, 6>
2026-05-19 12:26:20,728 - INFO - Token: <SOMA, '+', 1, 8>
2026-05-19 12:26:20,728 - INFO - Token: <NUMERO, '2', 1, 10>
2026-05-19 12:26:20,728 - INFO - Token: <SOMA, '+', 1, 12>
2026-05-19 12:26:20,728 - INFO - Token: <NUMERO, '3', 1, 14>
2026-05-19 12:26:20,728 - INFO - Token: <PONTO_VIRGULA, ';', 1, 15>
2026-05-19 12:26:20,728 - INFO - Token: <TIPO_INT, 'i', 2, 0>
2026-05-19 12:26:20,728 - INFO - Token: <ID, 'y', 2, 2>
2026-05-19 12:26:20,728 - INFO - Token: <ATRIBUICAO, '=', 2, 4>
2026-05-19 12:26:20,728 - INFO - Token: <NUMERO, '2', 2, 6>
2026-05-19 12:26:20,729 - INFO - Token: <MULTIPLICACAO, '*', 2, 8>
2026-05-19 12:26:20,729 - INFO - Token: <NUMERO, '3', 2, 10>
2026-05-19 12:26:20,729 - INFO - Token: <PONTO_VIRGULA, ';', 2, 11>
2026-05-19 12:26:20,729 - INFO - Token: <TIPO_INT, 'i', 3, 0>
2026-05-19 12:26:20,729 - INFO - Token: <ID, 'z', 3, 2>
2026-05-19 12:26:20,729 - INFO - Token: <ATRIBUICAO, '=', 3, 4>
2026-05-19 12:26:20,729 - INFO - Token: <NUMERO, '10', 3, 6>
2026-05-19 12:26:20,729 - INFO - Token: <DIVISAO, '/', 3, 9>
2026-05-19 12:26:20,729 - INFO - Token: <NUMERO, '2', 3, 11>
2026-05-19 12:26:20,729 - INFO - Token: <PONTO_VIRGULA, ';', 3, 12>
2026-05-19 12:26:20,729 - INFO - Token: <PT, 'pt', 5, 0>
2026-05-19 12:26:20,729 - INFO - Token: <ABRE_PARENTESES, '(', 5, 2>
2026-05-19 12:26:20,729 - INFO - Token: <ID, 'x', 5, 3>
2026-05-19 12:26:20,729 - INFO - Token: <FECHA_PARENTESES, ')', 5, 4>
2026-05-19 12:26:20,729 - INFO - Token: <PONTO_VIRGULA, ';', 5, 5>
2026-05-19 12:26:20,729 - INFO - Token: <PT, 'pt', 6, 0>
2026-05-19 12:26:20,729 - INFO - Token: <ABRE_PARENTESES, '(', 6, 2>
2026-05-19 12:26:20,729 - INFO - Token: <ID, 'y', 6, 3>
2026-05-19 12:26:20,729 - INFO - Token: <FECHA_PARENTESES, ')', 6, 4>
2026-05-19 12:26:20,729 - INFO - Token: <PONTO_VIRGULA, ';', 6, 5>
2026-05-19 12:26:20,729 - INFO - Token: <PT, 'pt', 7, 0>
2026-05-19 12:26:20,729 - INFO - Token: <ABRE_PARENTESES, '(', 7, 2>
2026-05-19 12:26:20,730 - INFO - Token: <ID, 'z', 7, 3>
2026-05-19 12:26:20,730 - INFO - Token: <FECHA_PARENTESES, ')', 7, 4>
2026-05-19 12:26:20,730 - INFO - Token: <PONTO_VIRGULA, ';', 7, 5>
2026-05-19 12:26:20,730 - INFO - Token: <TIPO_STR, 's', 8, 0>
2026-05-19 12:26:20,730 - INFO - Token: <ID, 'nome', 8, 2>
2026-05-19 12:26:20,730 - INFO - Token: <ATRIBUICAO, '=', 8, 7>
2026-05-19 12:26:20,730 - INFO - Token: <STRING, '"matheus"', 8, 9>
2026-05-19 12:26:20,730 - INFO - Token: <PONTO_VIRGULA, ';', 8, 18>
2026-05-19 12:26:20,730 - INFO - Token: <PT, 'pt', 9, 0>
2026-05-19 12:26:20,730 - INFO - Token: <ABRE_PARENTESES, '(', 9, 2>
2026-05-19 12:26:20,730 - INFO - Token: <ID, 'nome', 9, 3>
2026-05-19 12:26:20,730 - INFO - Token: <FECHA_PARENTESES, ')', 9, 7>
2026-05-19 12:26:20,730 - INFO - Token: <PONTO_VIRGULA, ';', 9, 8>
2026-05-19 12:26:20,730 - INFO - Token: <TIPO_INT, 'i', 11, 0>
2026-05-19 12:26:20,730 - INFO - Token: <ID, 'n', 11, 2>
2026-05-19 12:26:20,730 - INFO - Token: <ATRIBUICAO, '=', 11, 4>
2026-05-19 12:26:20,730 - INFO - Token: <NUMERO, '5', 11, 6>
2026-05-19 12:26:20,730 - INFO - Token: <PONTO_VIRGULA, ';', 11, 7>
2026-05-19 12:26:20,730 - INFO - Token: <TIPO_INT, 'i', 12, 0>
2026-05-19 12:26:20,730 - INFO - Token: <ID, 'r', 12, 2>
2026-05-19 12:26:20,730 - INFO - Token: <ATRIBUICAO, '=', 12, 4>
2026-05-19 12:26:20,730 - INFO - Token: <NUMERO, '0', 12, 6>
2026-05-19 12:26:20,730 - INFO - Token: <PONTO_VIRGULA, ';', 12, 7>
2026-05-19 12:26:20,731 - INFO - Token: <TIPO_INT, 'i', 13, 0>
2026-05-19 12:26:20,731 - INFO - Token: <ID, 'c', 13, 2>
2026-05-19 12:26:20,731 - INFO - Token: <ATRIBUICAO, '=', 13, 4>
2026-05-19 12:26:20,731 - INFO - Token: <NUMERO, '1', 13, 6>
2026-05-19 12:26:20,731 - INFO - Token: <PONTO_VIRGULA, ';', 13, 7>
2026-05-19 12:26:20,731 - INFO - Token: <TIPO_INT, 'i', 14, 0>
2026-05-19 12:26:20,731 - INFO - Token: <ID, 'k', 14, 2>
2026-05-19 12:26:20,731 - INFO - Token: <ATRIBUICAO, '=', 14, 4>
2026-05-19 12:26:20,731 - INFO - Token: <NUMERO, '0', 14, 6>
2026-05-19 12:26:20,731 - INFO - Token: <PONTO_VIRGULA, ';', 14, 7>
2026-05-19 12:26:20,731 - INFO - Token: <TIPO_INT, 'i', 15, 0>
2026-05-19 12:26:20,731 - INFO - Token: <ID, 'l', 15, 2>
2026-05-19 12:26:20,731 - INFO - Token: <ATRIBUICAO, '=', 15, 4>
2026-05-19 12:26:20,731 - INFO - Token: <NUMERO, '0', 15, 6>
2026-05-19 12:26:20,731 - INFO - Token: <PONTO_VIRGULA, ';', 15, 7>
2026-05-19 12:26:20,731 - INFO - Token: <TIPO_INT, 'i', 16, 0>
2026-05-19 12:26:20,731 - INFO - Token: <ID, 'd', 16, 2>
2026-05-19 12:26:20,731 - INFO - Token: <ATRIBUICAO, '=', 16, 4>
2026-05-19 12:26:20,731 - INFO - Token: <NUMERO, '0', 16, 6>
2026-05-19 12:26:20,731 - INFO - Token: <PONTO_VIRGULA, ';', 16, 7>
2026-05-19 12:26:20,731 - INFO - Token: <TIPO_INT, 'i', 17, 0>
2026-05-19 12:26:20,731 - INFO - Token: <ID, 'e', 17, 2>
2026-05-19 12:26:20,731 - INFO - Token: <ATRIBUICAO, '=', 17, 4>
2026-05-19 12:26:20,731 - INFO - Token: <NUMERO, '0', 17, 6>
2026-05-19 12:26:20,731 - INFO - Token: <PONTO_VIRGULA, ';', 17, 7>
2026-05-19 12:26:20,731 - INFO - Token: <WL, 'wl', 19, 0>
2026-05-19 12:26:20,732 - INFO - Token: <ID, 'r', 19, 3>
2026-05-19 12:26:20,732 - INFO - Token: <MENOR, '<', 19, 5>
2026-05-19 12:26:20,732 - INFO - Token: <ID, 'n', 19, 7>
2026-05-19 12:26:20,732 - INFO - Token: <DO, 'do', 19, 9>
2026-05-19 12:26:20,732 - INFO - Token: <ABRE_CHAVES, '{', 19, 12>
2026-05-19 12:26:20,732 - INFO - Token: <ID, 'c', 20, 4>
2026-05-19 12:26:20,732 - INFO - Token: <ATRIBUICAO, '=', 20, 6>
2026-05-19 12:26:20,732 - INFO - Token: <NUMERO, '1', 20, 8>
2026-05-19 12:26:20,732 - INFO - Token: <PONTO_VIRGULA, ';', 20, 9>
2026-05-19 12:26:20,732 - INFO - Token: <ID, 'k', 21, 4>
2026-05-19 12:26:20,732 - INFO - Token: <ATRIBUICAO, '=', 21, 6>
2026-05-19 12:26:20,732 - INFO - Token: <NUMERO, '0', 21, 8>
2026-05-19 12:26:20,732 - INFO - Token: <PONTO_VIRGULA, ';', 21, 9>
2026-05-19 12:26:20,732 - INFO - Token: <ID, 'l', 22, 4>
2026-05-19 12:26:20,732 - INFO - Token: <ATRIBUICAO, '=', 22, 6>
2026-05-19 12:26:20,732 - INFO - Token: <ID, 'r', 22, 8>
2026-05-19 12:26:20,732 - INFO - Token: <SOMA, '+', 22, 10>
2026-05-19 12:26:20,732 - INFO - Token: <NUMERO, '1', 22, 12>
2026-05-19 12:26:20,732 - INFO - Token: <PONTO_VIRGULA, ';', 22, 13>
2026-05-19 12:26:20,732 - INFO - Token: <WL, 'wl', 23, 4>
2026-05-19 12:26:20,732 - INFO - Token: <ID, 'k', 23, 7>
2026-05-19 12:26:20,732 - INFO - Token: <MENOR, '<', 23, 9>
2026-05-19 12:26:20,732 - INFO - Token: <ID, 'l', 23, 11>
2026-05-19 12:26:20,732 - INFO - Token: <DO, 'do', 23, 13>
2026-05-19 12:26:20,732 - INFO - Token: <ABRE_CHAVES, '{', 23, 16>
2026-05-19 12:26:20,733 - INFO - Token: <PT, 'pt', 25, 8>
2026-05-19 12:26:20,733 - INFO - Token: <ABRE_PARENTESES, '(', 25, 10>
2026-05-19 12:26:20,733 - INFO - Token: <ID, 'c', 25, 11>
2026-05-19 12:26:20,733 - INFO - Token: <FECHA_PARENTESES, ')', 25, 12>
2026-05-19 12:26:20,733 - INFO - Token: <PONTO_VIRGULA, ';', 25, 13>
2026-05-19 12:26:20,733 - INFO - Token: <ID, 'd', 26, 8>
2026-05-19 12:26:20,733 - INFO - Token: <ATRIBUICAO, '=', 26, 10>
2026-05-19 12:26:20,733 - INFO - Token: <ID, 'r', 26, 12>
2026-05-19 12:26:20,733 - INFO - Token: <SUBTRACAO, '-', 26, 14>
2026-05-19 12:26:20,733 - INFO - Token: <ID, 'k', 26, 16>
2026-05-19 12:26:20,733 - INFO - Token: <PONTO_VIRGULA, ';', 26, 17>
2026-05-19 12:26:20,733 - INFO - Token: <ID, 'e', 27, 8>
2026-05-19 12:26:20,733 - INFO - Token: <ATRIBUICAO, '=', 27, 10>
2026-05-19 12:26:20,733 - INFO - Token: <ID, 'k', 27, 12>
2026-05-19 12:26:20,733 - INFO - Token: <SOMA, '+', 27, 14>
2026-05-19 12:26:20,733 - INFO - Token: <NUMERO, '1', 27, 16>
2026-05-19 12:26:20,733 - INFO - Token: <PONTO_VIRGULA, ';', 27, 17>
2026-05-19 12:26:20,733 - INFO - Token: <ID, 'c', 28, 8>
2026-05-19 12:26:20,733 - INFO - Token: <ATRIBUICAO, '=', 28, 10>
2026-05-19 12:26:20,733 - INFO - Token: <ID, 'c', 28, 12>
2026-05-19 12:26:20,733 - INFO - Token: <MULTIPLICACAO, '*', 28, 14>
2026-05-19 12:26:20,733 - INFO - Token: <ID, 'd', 28, 16>
2026-05-19 12:26:20,733 - INFO - Token: <DIVISAO, '/', 28, 18>
2026-05-19 12:26:20,733 - INFO - Token: <ID, 'e', 28, 20>
2026-05-19 12:26:20,733 - INFO - Token: <PONTO_VIRGULA, ';', 28, 21>
2026-05-19 12:26:20,733 - INFO - Token: <ID, 'k', 30, 8>
2026-05-19 12:26:20,733 - INFO - Token: <ATRIBUICAO, '=', 30, 10>
2026-05-19 12:26:20,733 - INFO - Token: <ID, 'k', 30, 12>
2026-05-19 12:26:20,734 - INFO - Token: <SOMA, '+', 30, 14>
2026-05-19 12:26:20,734 - INFO - Token: <NUMERO, '1', 30, 16>
2026-05-19 12:26:20,734 - INFO - Token: <PONTO_VIRGULA, ';', 30, 17>
2026-05-19 12:26:20,734 - INFO - Token: <FECHA_CHAVES, '}', 31, 4>
2026-05-19 12:26:20,734 - INFO - Token: <PT, 'pt', 33, 4>
2026-05-19 12:26:20,734 - INFO - Token: <ABRE_PARENTESES, '(', 33, 6>
2026-05-19 12:26:20,734 - INFO - Token: <STRING, '"---"', 33, 7>
2026-05-19 12:26:20,734 - INFO - Token: <FECHA_PARENTESES, ')', 33, 12>
2026-05-19 12:26:20,734 - INFO - Token: <PONTO_VIRGULA, ';', 33, 13>
2026-05-19 12:26:20,734 - INFO - Token: <ID, 'r', 34, 4>
2026-05-19 12:26:20,734 - INFO - Token: <ATRIBUICAO, '=', 34, 6>
2026-05-19 12:26:20,734 - INFO - Token: <ID, 'r', 34, 8>
2026-05-19 12:26:20,734 - INFO - Token: <SOMA, '+', 34, 10>
2026-05-19 12:26:20,734 - INFO - Token: <NUMERO, '1', 34, 12>
2026-05-19 12:26:20,734 - INFO - Token: <PONTO_VIRGULA, ';', 34, 13>
2026-05-19 12:26:20,734 - INFO - Token: <FECHA_CHAVES, '}', 35, 0>
2026-05-19 12:26:20,734 - INFO - Iniciando análise sintática.
2026-05-19 12:26:20,739 - INFO - Análise sintática concluída.
2026-05-19 12:26:20,739 - INFO - Iniciando análise semântica.
2026-05-19 12:26:20,740 - INFO - Análise semântica concluída sem erros.
2026-05-19 12:26:20,740 - INFO - Análise semântica concluída.
2026-05-19 12:33:49,479 - INFO - Iniciando compilação do arquivo teste_erro_lexico.cmm.
2026-05-19 12:33:49,486 - ERROR - ERRO LÉXICO [Linha 7, Coluna 3] Lexema: '' | Mensagem: Token não reconhecido pelo analisador léxico: '@'.
2026-05-19 12:33:49,486 - INFO - Token: <TIPO_INT, 'i', 6, 0>
2026-05-19 12:33:49,486 - INFO - Token: <ID, 'x', 6, 2>
2026-05-19 12:33:49,486 - INFO - Token: <ATRIBUICAO, '=', 6, 4>
2026-05-19 12:33:49,487 - INFO - Token: <NUMERO, '10', 6, 6>
2026-05-19 12:33:49,487 - INFO - Token: <PONTO_VIRGULA, ';', 6, 8>
2026-05-19 12:33:49,487 - INFO - Token: <PT, 'pt', 7, 0>
2026-05-19 12:33:49,487 - INFO - Token: <ABRE_PARENTESES, '(', 7, 2>
2026-05-19 12:33:49,487 - INFO - Token: <FECHA_PARENTESES, ')', 7, 4>
2026-05-19 12:33:49,487 - INFO - Token: <PONTO_VIRGULA, ';', 7, 5>
2026-05-19 12:34:23,386 - INFO - Iniciando compilação do arquivo teste_erro_lexico.cmm.
2026-05-19 12:34:23,389 - ERROR - ERRO LÉXICO [Linha 4, Coluna 3] Lexema: '' | Mensagem: Token não reconhecido pelo analisador léxico: '@'.
2026-05-19 12:34:23,390 - INFO - Token: <TIPO_INT, 'i', 3, 0>
2026-05-19 12:34:23,390 - INFO - Token: <ID, 'x', 3, 2>
2026-05-19 12:34:23,390 - INFO - Token: <ATRIBUICAO, '=', 3, 4>
2026-05-19 12:34:23,390 - INFO - Token: <NUMERO, '10', 3, 6>
2026-05-19 12:34:23,390 - INFO - Token: <PONTO_VIRGULA, ';', 3, 8>
2026-05-19 12:34:23,390 - INFO - Token: <PT, 'pt', 4, 0>
2026-05-19 12:34:23,390 - INFO - Token: <ABRE_PARENTESES, '(', 4, 2>
2026-05-19 12:34:23,390 - INFO - Token: <FECHA_PARENTESES, ')', 4, 4>
2026-05-19 12:34:23,390 - INFO - Token: <PONTO_VIRGULA, ';', 4, 5>
2026-05-19 12:34:45,539 - INFO - Iniciando compilação do arquivo teste_erro_sintatico.cmm.
2026-05-19 12:34:45,543 - INFO - Token: <TIPO_INT, 'i', 6, 0>
2026-05-19 12:34:45,543 - INFO - Token: <ID, 'x', 6, 2>
2026-05-19 12:34:45,543 - INFO - Token: <ATRIBUICAO, '=', 6, 4>
2026-05-19 12:34:45,543 - INFO - Token: <NUMERO, '10', 6, 6>
2026-05-19 12:34:45,543 - INFO - Token: <PT, 'pt', 7, 0>
2026-05-19 12:34:45,543 - INFO - Token: <ABRE_PARENTESES, '(', 7, 2>
2026-05-19 12:34:45,543 - INFO - Token: <ID, 'x', 7, 3>
2026-05-19 12:34:45,543 - INFO - Token: <FECHA_PARENTESES, ')', 7, 4>
2026-05-19 12:34:45,543 - INFO - Token: <PONTO_VIRGULA, ';', 7, 5>
2026-05-19 12:34:45,543 - INFO - Iniciando análise sintática.
2026-05-19 12:34:45,544 - ERROR - ERRO SINTÁTICO [Linha 7, Coluna 0] Lexema: 'pt' | Mensagem: faltando ';' at 'pt'
2026-05-19 12:34:45,545 - INFO - Análise sintática concluída.
2026-05-19 12:36:11,826 - INFO - Iniciando compilação do arquivo teste_erros_semanticos.cmm.
2026-05-19 12:36:11,833 - INFO - Token: <TIPO_INT, 'i', 6, 0>
2026-05-19 12:36:11,833 - INFO - Token: <ID, 'x', 6, 2>
2026-05-19 12:36:11,833 - INFO - Token: <ATRIBUICAO, '=', 6, 4>
2026-05-19 12:36:11,833 - INFO - Token: <NUMERO, '10', 6, 6>
2026-05-19 12:36:11,833 - INFO - Token: <PONTO_VIRGULA, ';', 6, 8>
2026-05-19 12:36:11,833 - INFO - Token: <TIPO_STR, 's', 7, 0>
2026-05-19 12:36:11,833 - INFO - Token: <ID, 'nome', 7, 2>
2026-05-19 12:36:11,833 - INFO - Token: <ATRIBUICAO, '=', 7, 7>
2026-05-19 12:36:11,833 - INFO - Token: <STRING, '"ana"', 7, 9>
2026-05-19 12:36:11,833 - INFO - Token: <PONTO_VIRGULA, ';', 7, 14>
2026-05-19 12:36:11,833 - INFO - Token: <PT, 'pt', 10, 0>
2026-05-19 12:36:11,833 - INFO - Token: <ABRE_PARENTESES, '(', 10, 2>
2026-05-19 12:36:11,833 - INFO - Token: <ID, 'y', 10, 3>
2026-05-19 12:36:11,833 - INFO - Token: <FECHA_PARENTESES, ')', 10, 4>
2026-05-19 12:36:11,833 - INFO - Token: <PONTO_VIRGULA, ';', 10, 5>
2026-05-19 12:36:11,834 - INFO - Token: <ID, 'x', 13, 0>
2026-05-19 12:36:11,834 - INFO - Token: <ATRIBUICAO, '=', 13, 2>
2026-05-19 12:36:11,834 - INFO - Token: <ID, 'nome', 13, 4>
2026-05-19 12:36:11,834 - INFO - Token: <PONTO_VIRGULA, ';', 13, 8>
2026-05-19 12:36:11,834 - INFO - Token: <ID, 'nome', 16, 0>
2026-05-19 12:36:11,834 - INFO - Token: <ATRIBUICAO, '=', 16, 5>
2026-05-19 12:36:11,834 - INFO - Token: <ID, 'x', 16, 7>
2026-05-19 12:36:11,834 - INFO - Token: <SOMA, '+', 16, 9>
2026-05-19 12:36:11,834 - INFO - Token: <NUMERO, '1', 16, 11>
2026-05-19 12:36:11,834 - INFO - Token: <PONTO_VIRGULA, ';', 16, 12>
2026-05-19 12:36:11,834 - INFO - Token: <TIPO_INT, 'i', 19, 0>
2026-05-19 12:36:11,834 - INFO - Token: <ID, 'x', 19, 2>
2026-05-19 12:36:11,834 - INFO - Token: <ATRIBUICAO, '=', 19, 4>
2026-05-19 12:36:11,834 - INFO - Token: <NUMERO, '20', 19, 6>
2026-05-19 12:36:11,834 - INFO - Token: <PONTO_VIRGULA, ';', 19, 8>
2026-05-19 12:36:11,834 - INFO - Token: <PT, 'pt', 22, 0>
2026-05-19 12:36:11,834 - INFO - Token: <ABRE_PARENTESES, '(', 22, 2>
2026-05-19 12:36:11,834 - INFO - Token: <ID, 'nome', 22, 3>
2026-05-19 12:36:11,834 - INFO - Token: <SOMA, '+', 22, 8>
2026-05-19 12:36:11,834 - INFO - Token: <NUMERO, '2', 22, 10>
2026-05-19 12:36:11,834 - INFO - Token: <FECHA_PARENTESES, ')', 22, 11>
2026-05-19 12:36:11,834 - INFO - Token: <PONTO_VIRGULA, ';', 22, 12>
2026-05-19 12:36:11,834 - INFO - Token: <IF, 'if', 25, 0>
2026-05-19 12:36:11,834 - INFO - Token: <ID, 'x', 25, 3>
2026-05-19 12:36:11,834 - INFO - Token: <IGUAL, '==', 25, 5>
2026-05-19 12:36:11,835 - INFO - Token: <ID, 'nome', 25, 8>
2026-05-19 12:36:11,835 - INFO - Token: <ABRE_CHAVES, '{', 25, 13>
2026-05-19 12:36:11,835 - INFO - Token: <PT, 'pt', 26, 4>
2026-05-19 12:36:11,835 - INFO - Token: <ABRE_PARENTESES, '(', 26, 6>
2026-05-19 12:36:11,835 - INFO - Token: <ID, 'x', 26, 7>
2026-05-19 12:36:11,835 - INFO - Token: <FECHA_PARENTESES, ')', 26, 8>
2026-05-19 12:36:11,835 - INFO - Token: <PONTO_VIRGULA, ';', 26, 9>
2026-05-19 12:36:11,835 - INFO - Token: <FECHA_CHAVES, '}', 27, 0>
2026-05-19 12:36:11,835 - INFO - Token: <IF, 'if', 30, 0>
2026-05-19 12:36:11,835 - INFO - Token: <ID, 'nome', 30, 3>
2026-05-19 12:36:11,835 - INFO - Token: <MENOR, '<', 30, 8>
2026-05-19 12:36:11,835 - INFO - Token: <ID, 'x', 30, 10>
2026-05-19 12:36:11,835 - INFO - Token: <ABRE_CHAVES, '{', 30, 12>
2026-05-19 12:36:11,835 - INFO - Token: <PT, 'pt', 31, 4>
2026-05-19 12:36:11,835 - INFO - Token: <ABRE_PARENTESES, '(', 31, 6>
2026-05-19 12:36:11,835 - INFO - Token: <ID, 'nome', 31, 7>
2026-05-19 12:36:11,835 - INFO - Token: <FECHA_PARENTESES, ')', 31, 11>
2026-05-19 12:36:11,835 - INFO - Token: <PONTO_VIRGULA, ';', 31, 12>
2026-05-19 12:36:11,835 - INFO - Token: <FECHA_CHAVES, '}', 32, 0>
2026-05-19 12:36:11,835 - INFO - Iniciando análise sintática.
2026-05-19 12:36:11,840 - INFO - Análise sintática concluída.
2026-05-19 12:36:11,840 - INFO - Iniciando análise semântica.
2026-05-19 12:36:11,840 - ERROR - Análise semântica encontrou 7 erro(s).
2026-05-19 12:36:11,840 - ERROR - SEM-001 [Linha 10, Coluna 3] Lexema: 'y' | Contexto: uso de variável | Mensagem: Variável 'y' usada antes de ser declarada. | Sugestão: Declare 'y' antes de usar esse identificador em uma expressão.
2026-05-19 12:36:11,840 - ERROR - SEM-003 [Linha 13, Coluna 0] Lexema: 'x' | Contexto: atribuição | Mensagem: Variável 'x' é do tipo inteiro, mas recebeu expressão do tipo texto. | Sugestão: Atribua um valor compatível com o tipo declarado da variável.
2026-05-19 12:36:11,840 - ERROR - SEM-003 [Linha 16, Coluna 0] Lexema: 'nome' | Contexto: atribuição | Mensagem: Variável 'nome' é do tipo texto, mas recebeu expressão do tipo inteiro. | Sugestão: Atribua um valor compatível com o tipo declarado da variável.
2026-05-19 12:36:11,841 - ERROR - SEM-002 [Linha 19, Coluna 2] Lexema: 'x' | Contexto: declaração de variável | Mensagem: Variável 'x' já foi declarada neste escopo. | Sugestão: Use outro nome ou remova a declaração duplicada. A declaração anterior está na linha 6, coluna 2.
2026-05-19 12:36:11,841 - ERROR - SEM-005 [Linha 22, Coluna 3] Lexema: 'nome' | Contexto: expressão aritmética | Mensagem: Operadores '+' e '-' só podem ser usados com inteiros. | Sugestão: Remova strings da expressão ou use apenas variáveis inteiras.
2026-05-19 12:36:11,841 - ERROR - SEM-006 [Linha 25, Coluna 3] Lexema: 'x' | Contexto: comparação | Mensagem: Comparação '==' recebeu valores de tipos diferentes: inteiro e texto. | Sugestão: Compare valores do mesmo tipo.
2026-05-19 12:36:11,841 - ERROR - SEM-006 [Linha 30, Coluna 3] Lexema: 'nome' | Contexto: comparação | Mensagem: Comparação '<' só pode ser usada com inteiros. | Sugestão: Use '<' e '>' apenas entre números ou variáveis inteiras.
2026-05-19 12:36:11,841 - INFO - Análise semântica concluída.
2026-05-19 13:31:59,564 - INFO - Iniciando compilação do arquivo teste_erros_semanticos.cmm.
2026-05-19 13:31:59,567 - INFO - Token: <TIPO_INT, 'i', 1, 0>
2026-05-19 13:31:59,567 - INFO - Token: <ID, 'x', 1, 2>
2026-05-19 13:31:59,567 - INFO - Token: <ATRIBUICAO, '=', 1, 4>
2026-05-19 13:31:59,567 - INFO - Token: <NUMERO, '10', 1, 6>
2026-05-19 13:31:59,567 - INFO - Token: <PONTO_VIRGULA, ';', 1, 8>
2026-05-19 13:31:59,567 - INFO - Token: <TIPO_STR, 's', 2, 0>
2026-05-19 13:31:59,567 - INFO - Token: <ID, 'nome', 2, 2>
2026-05-19 13:31:59,568 - INFO - Token: <ATRIBUICAO, '=', 2, 7>
2026-05-19 13:31:59,568 - INFO - Token: <STRING, '"ana"', 2, 9>
2026-05-19 13:31:59,568 - INFO - Token: <PONTO_VIRGULA, ';', 2, 14>
2026-05-19 13:31:59,568 - INFO - Token: <PT, 'pt', 4, 0>
2026-05-19 13:31:59,568 - INFO - Token: <ABRE_PARENTESES, '(', 4, 2>
2026-05-19 13:31:59,568 - INFO - Token: <ID, 'y', 4, 3>
2026-05-19 13:31:59,568 - INFO - Token: <FECHA_PARENTESES, ')', 4, 4>
2026-05-19 13:31:59,568 - INFO - Token: <PONTO_VIRGULA, ';', 4, 5>
2026-05-19 13:31:59,568 - INFO - Token: <ID, 'x', 6, 0>
2026-05-19 13:31:59,568 - INFO - Token: <ATRIBUICAO, '=', 6, 2>
2026-05-19 13:31:59,568 - INFO - Token: <ID, 'nome', 6, 4>
2026-05-19 13:31:59,568 - INFO - Token: <PONTO_VIRGULA, ';', 6, 8>
2026-05-19 13:31:59,568 - INFO - Token: <ID, 'nome', 8, 0>
2026-05-19 13:31:59,568 - INFO - Token: <ATRIBUICAO, '=', 8, 5>
2026-05-19 13:31:59,568 - INFO - Token: <ID, 'x', 8, 7>
2026-05-19 13:31:59,568 - INFO - Token: <SOMA, '+', 8, 9>
2026-05-19 13:31:59,568 - INFO - Token: <NUMERO, '1', 8, 11>
2026-05-19 13:31:59,568 - INFO - Token: <PONTO_VIRGULA, ';', 8, 12>
2026-05-19 13:31:59,568 - INFO - Token: <TIPO_INT, 'i', 10, 0>
2026-05-19 13:31:59,568 - INFO - Token: <ID, 'x', 10, 2>
2026-05-19 13:31:59,568 - INFO - Token: <ATRIBUICAO, '=', 10, 4>
2026-05-19 13:31:59,568 - INFO - Token: <NUMERO, '20', 10, 6>
2026-05-19 13:31:59,568 - INFO - Token: <PONTO_VIRGULA, ';', 10, 8>
2026-05-19 13:31:59,568 - INFO - Token: <PT, 'pt', 12, 0>
2026-05-19 13:31:59,568 - INFO - Token: <ABRE_PARENTESES, '(', 12, 2>
2026-05-19 13:31:59,568 - INFO - Token: <ID, 'nome', 12, 3>
2026-05-19 13:31:59,568 - INFO - Token: <SOMA, '+', 12, 8>
2026-05-19 13:31:59,568 - INFO - Token: <NUMERO, '2', 12, 10>
2026-05-19 13:31:59,568 - INFO - Token: <FECHA_PARENTESES, ')', 12, 11>
2026-05-19 13:31:59,569 - INFO - Token: <PONTO_VIRGULA, ';', 12, 12>
2026-05-19 13:31:59,569 - INFO - Token: <IF, 'if', 14, 0>
2026-05-19 13:31:59,569 - INFO - Token: <ID, 'x', 14, 3>
2026-05-19 13:31:59,569 - INFO - Token: <IGUAL, '==', 14, 5>
2026-05-19 13:31:59,569 - INFO - Token: <ID, 'nome', 14, 8>
2026-05-19 13:31:59,569 - INFO - Token: <ABRE_CHAVES, '{', 14, 13>
2026-05-19 13:31:59,569 - INFO - Token: <PT, 'pt', 15, 4>
2026-05-19 13:31:59,569 - INFO - Token: <ABRE_PARENTESES, '(', 15, 6>
2026-05-19 13:31:59,569 - INFO - Token: <ID, 'x', 15, 7>
2026-05-19 13:31:59,569 - INFO - Token: <FECHA_PARENTESES, ')', 15, 8>
2026-05-19 13:31:59,569 - INFO - Token: <PONTO_VIRGULA, ';', 15, 9>
2026-05-19 13:31:59,569 - INFO - Token: <FECHA_CHAVES, '}', 16, 0>
2026-05-19 13:31:59,569 - INFO - Token: <IF, 'if', 18, 0>
2026-05-19 13:31:59,569 - INFO - Token: <ID, 'nome', 18, 3>
2026-05-19 13:31:59,569 - INFO - Token: <MENOR, '<', 18, 8>
2026-05-19 13:31:59,569 - INFO - Token: <ID, 'x', 18, 10>
2026-05-19 13:31:59,569 - INFO - Token: <ABRE_CHAVES, '{', 18, 12>
2026-05-19 13:31:59,569 - INFO - Token: <PT, 'pt', 19, 4>
2026-05-19 13:31:59,569 - INFO - Token: <ABRE_PARENTESES, '(', 19, 6>
2026-05-19 13:31:59,569 - INFO - Token: <ID, 'nome', 19, 7>
2026-05-19 13:31:59,569 - INFO - Token: <FECHA_PARENTESES, ')', 19, 11>
2026-05-19 13:31:59,569 - INFO - Token: <PONTO_VIRGULA, ';', 19, 12>
2026-05-19 13:31:59,569 - INFO - Token: <FECHA_CHAVES, '}', 20, 0>
2026-05-19 13:31:59,569 - INFO - Token: <TIPO_INT, 'i', 22, 0>
2026-05-19 13:31:59,570 - INFO - Token: <ID, 'abc', 22, 2>
2026-05-19 13:31:59,570 - INFO - Token: <ATRIBUICAO, '=', 22, 6>
2026-05-19 13:31:59,570 - INFO - Token: <ID, 'x', 22, 8>
2026-05-19 13:31:59,570 - INFO - Token: <DIVISAO, '/', 22, 10>
2026-05-19 13:31:59,570 - INFO - Token: <NUMERO, '0', 22, 12>
2026-05-19 13:31:59,570 - INFO - Token: <PT, 'pt', 23, 0>
2026-05-19 13:31:59,570 - INFO - Token: <ABRE_PARENTESES, '(', 23, 2>
2026-05-19 13:31:59,570 - INFO - Token: <ID, 'abc', 23, 3>
2026-05-19 13:31:59,570 - INFO - Token: <FECHA_PARENTESES, ')', 23, 6>
2026-05-19 13:31:59,570 - INFO - Iniciando análise sintática.
2026-05-19 13:31:59,574 - ERROR - ERRO SINTÁTICO [Linha 23, Coluna 0] Lexema: 'pt' | Mensagem: faltando ';' at 'pt'
2026-05-19 13:31:59,574 - ERROR - ERRO SINTÁTICO [Linha 24, Coluna 0] Lexema: '<EOF>' | Mensagem: faltando ';' at '<EOF>'
2026-05-19 13:31:59,574 - INFO - Análise sintática concluída.
2026-05-19 13:32:32,899 - INFO - Iniciando compilação do arquivo teste_erros_semanticos.cmm.
2026-05-19 13:32:32,902 - INFO - Token: <TIPO_INT, 'i', 1, 0>
2026-05-19 13:32:32,902 - INFO - Token: <ID, 'x', 1, 2>
2026-05-19 13:32:32,902 - INFO - Token: <ATRIBUICAO, '=', 1, 4>
2026-05-19 13:32:32,902 - INFO - Token: <NUMERO, '10', 1, 6>
2026-05-19 13:32:32,902 - INFO - Token: <PONTO_VIRGULA, ';', 1, 8>
2026-05-19 13:32:32,902 - INFO - Token: <TIPO_STR, 's', 2, 0>
2026-05-19 13:32:32,902 - INFO - Token: <ID, 'nome', 2, 2>
2026-05-19 13:32:32,902 - INFO - Token: <ATRIBUICAO, '=', 2, 7>
2026-05-19 13:32:32,902 - INFO - Token: <STRING, '"ana"', 2, 9>
2026-05-19 13:32:32,902 - INFO - Token: <PONTO_VIRGULA, ';', 2, 14>
2026-05-19 13:32:32,902 - INFO - Token: <PT, 'pt', 4, 0>
2026-05-19 13:32:32,902 - INFO - Token: <ABRE_PARENTESES, '(', 4, 2>
2026-05-19 13:32:32,902 - INFO - Token: <ID, 'y', 4, 3>
2026-05-19 13:32:32,902 - INFO - Token: <FECHA_PARENTESES, ')', 4, 4>
2026-05-19 13:32:32,902 - INFO - Token: <PONTO_VIRGULA, ';', 4, 5>
2026-05-19 13:32:32,902 - INFO - Token: <ID, 'x', 6, 0>
2026-05-19 13:32:32,902 - INFO - Token: <ATRIBUICAO, '=', 6, 2>
2026-05-19 13:32:32,902 - INFO - Token: <ID, 'nome', 6, 4>
2026-05-19 13:32:32,902 - INFO - Token: <PONTO_VIRGULA, ';', 6, 8>
2026-05-19 13:32:32,902 - INFO - Token: <ID, 'nome', 8, 0>
2026-05-19 13:32:32,902 - INFO - Token: <ATRIBUICAO, '=', 8, 5>
2026-05-19 13:32:32,902 - INFO - Token: <ID, 'x', 8, 7>
2026-05-19 13:32:32,902 - INFO - Token: <SOMA, '+', 8, 9>
2026-05-19 13:32:32,902 - INFO - Token: <NUMERO, '1', 8, 11>
2026-05-19 13:32:32,902 - INFO - Token: <PONTO_VIRGULA, ';', 8, 12>
2026-05-19 13:32:32,902 - INFO - Token: <TIPO_INT, 'i', 10, 0>
2026-05-19 13:32:32,902 - INFO - Token: <ID, 'x', 10, 2>
2026-05-19 13:32:32,903 - INFO - Token: <ATRIBUICAO, '=', 10, 4>
2026-05-19 13:32:32,903 - INFO - Token: <NUMERO, '20', 10, 6>
2026-05-19 13:32:32,903 - INFO - Token: <PONTO_VIRGULA, ';', 10, 8>
2026-05-19 13:32:32,903 - INFO - Token: <PT, 'pt', 12, 0>
2026-05-19 13:32:32,903 - INFO - Token: <ABRE_PARENTESES, '(', 12, 2>
2026-05-19 13:32:32,903 - INFO - Token: <ID, 'nome', 12, 3>
2026-05-19 13:32:32,903 - INFO - Token: <SOMA, '+', 12, 8>
2026-05-19 13:32:32,903 - INFO - Token: <NUMERO, '2', 12, 10>
2026-05-19 13:32:32,903 - INFO - Token: <FECHA_PARENTESES, ')', 12, 11>
2026-05-19 13:32:32,903 - INFO - Token: <PONTO_VIRGULA, ';', 12, 12>
2026-05-19 13:32:32,903 - INFO - Token: <IF, 'if', 14, 0>
2026-05-19 13:32:32,903 - INFO - Token: <ID, 'x', 14, 3>
2026-05-19 13:32:32,903 - INFO - Token: <IGUAL, '==', 14, 5>
2026-05-19 13:32:32,903 - INFO - Token: <ID, 'nome', 14, 8>
2026-05-19 13:32:32,903 - INFO - Token: <ABRE_CHAVES, '{', 14, 13>
2026-05-19 13:32:32,903 - INFO - Token: <PT, 'pt', 15, 4>
2026-05-19 13:32:32,903 - INFO - Token: <ABRE_PARENTESES, '(', 15, 6>
2026-05-19 13:32:32,903 - INFO - Token: <ID, 'x', 15, 7>
2026-05-19 13:32:32,903 - INFO - Token: <FECHA_PARENTESES, ')', 15, 8>
2026-05-19 13:32:32,903 - INFO - Token: <PONTO_VIRGULA, ';', 15, 9>
2026-05-19 13:32:32,903 - INFO - Token: <FECHA_CHAVES, '}', 16, 0>
2026-05-19 13:32:32,903 - INFO - Token: <IF, 'if', 18, 0>
2026-05-19 13:32:32,903 - INFO - Token: <ID, 'nome', 18, 3>
2026-05-19 13:32:32,903 - INFO - Token: <MENOR, '<', 18, 8>
2026-05-19 13:32:32,903 - INFO - Token: <ID, 'x', 18, 10>
2026-05-19 13:32:32,903 - INFO - Token: <ABRE_CHAVES, '{', 18, 12>
2026-05-19 13:32:32,903 - INFO - Token: <PT, 'pt', 19, 4>
2026-05-19 13:32:32,903 - INFO - Token: <ABRE_PARENTESES, '(', 19, 6>
2026-05-19 13:32:32,903 - INFO - Token: <ID, 'nome', 19, 7>
2026-05-19 13:32:32,903 - INFO - Token: <FECHA_PARENTESES, ')', 19, 11>
2026-05-19 13:32:32,903 - INFO - Token: <PONTO_VIRGULA, ';', 19, 12>
2026-05-19 13:32:32,903 - INFO - Token: <FECHA_CHAVES, '}', 20, 0>
2026-05-19 13:32:32,903 - INFO - Token: <TIPO_INT, 'i', 22, 0>
2026-05-19 13:32:32,903 - INFO - Token: <ID, 'abc', 22, 2>
2026-05-19 13:32:32,903 - INFO - Token: <ATRIBUICAO, '=', 22, 6>
2026-05-19 13:32:32,903 - INFO - Token: <ID, 'x', 22, 8>
2026-05-19 13:32:32,903 - INFO - Token: <DIVISAO, '/', 22, 10>
2026-05-19 13:32:32,903 - INFO - Token: <NUMERO, '0', 22, 12>
2026-05-19 13:32:32,903 - INFO - Token: <PT, 'pt', 23, 0>
2026-05-19 13:32:32,903 - INFO - Token: <ABRE_PARENTESES, '(', 23, 2>
2026-05-19 13:32:32,903 - INFO - Token: <ID, 'abc', 23, 3>
2026-05-19 13:32:32,904 - INFO - Token: <FECHA_PARENTESES, ')', 23, 6>
2026-05-19 13:32:32,904 - INFO - Iniciando análise sintática.
2026-05-19 13:32:32,907 - ERROR - ERRO SINTÁTICO [Linha 23, Coluna 0] Lexema: 'pt' | Mensagem: faltando ';' at 'pt'
2026-05-19 13:32:32,907 - ERROR - ERRO SINTÁTICO [Linha 24, Coluna 0] Lexema: '<EOF>' | Mensagem: faltando ';' at '<EOF>'
2026-05-19 13:32:32,907 - INFO - Análise sintática concluída.
2026-05-19 13:32:46,579 - INFO - Iniciando compilação do arquivo teste_erros_semanticos.cmm.
2026-05-19 13:32:46,581 - INFO - Token: <TIPO_INT, 'i', 1, 0>
2026-05-19 13:32:46,581 - INFO - Token: <ID, 'x', 1, 2>
2026-05-19 13:32:46,581 - INFO - Token: <ATRIBUICAO, '=', 1, 4>
2026-05-19 13:32:46,581 - INFO - Token: <NUMERO, '10', 1, 6>
2026-05-19 13:32:46,581 - INFO - Token: <PONTO_VIRGULA, ';', 1, 8>
2026-05-19 13:32:46,581 - INFO - Token: <TIPO_STR, 's', 2, 0>
2026-05-19 13:32:46,581 - INFO - Token: <ID, 'nome', 2, 2>
2026-05-19 13:32:46,581 - INFO - Token: <ATRIBUICAO, '=', 2, 7>
2026-05-19 13:32:46,581 - INFO - Token: <STRING, '"ana"', 2, 9>
2026-05-19 13:32:46,581 - INFO - Token: <PONTO_VIRGULA, ';', 2, 14>
2026-05-19 13:32:46,581 - INFO - Token: <PT, 'pt', 4, 0>
2026-05-19 13:32:46,581 - INFO - Token: <ABRE_PARENTESES, '(', 4, 2>
2026-05-19 13:32:46,581 - INFO - Token: <ID, 'y', 4, 3>
2026-05-19 13:32:46,581 - INFO - Token: <FECHA_PARENTESES, ')', 4, 4>
2026-05-19 13:32:46,581 - INFO - Token: <PONTO_VIRGULA, ';', 4, 5>
2026-05-19 13:32:46,581 - INFO - Token: <ID, 'x', 6, 0>
2026-05-19 13:32:46,581 - INFO - Token: <ATRIBUICAO, '=', 6, 2>
2026-05-19 13:32:46,581 - INFO - Token: <ID, 'nome', 6, 4>
2026-05-19 13:32:46,581 - INFO - Token: <PONTO_VIRGULA, ';', 6, 8>
2026-05-19 13:32:46,581 - INFO - Token: <ID, 'nome', 8, 0>
2026-05-19 13:32:46,581 - INFO - Token: <ATRIBUICAO, '=', 8, 5>
2026-05-19 13:32:46,581 - INFO - Token: <ID, 'x', 8, 7>
2026-05-19 13:32:46,581 - INFO - Token: <SOMA, '+', 8, 9>
2026-05-19 13:32:46,581 - INFO - Token: <NUMERO, '1', 8, 11>
2026-05-19 13:32:46,582 - INFO - Token: <PONTO_VIRGULA, ';', 8, 12>
2026-05-19 13:32:46,582 - INFO - Token: <TIPO_INT, 'i', 10, 0>
2026-05-19 13:32:46,582 - INFO - Token: <ID, 'x', 10, 2>
2026-05-19 13:32:46,582 - INFO - Token: <ATRIBUICAO, '=', 10, 4>
2026-05-19 13:32:46,582 - INFO - Token: <NUMERO, '20', 10, 6>
2026-05-19 13:32:46,582 - INFO - Token: <PONTO_VIRGULA, ';', 10, 8>
2026-05-19 13:32:46,582 - INFO - Token: <PT, 'pt', 12, 0>
2026-05-19 13:32:46,582 - INFO - Token: <ABRE_PARENTESES, '(', 12, 2>
2026-05-19 13:32:46,582 - INFO - Token: <ID, 'nome', 12, 3>
2026-05-19 13:32:46,582 - INFO - Token: <SOMA, '+', 12, 8>
2026-05-19 13:32:46,582 - INFO - Token: <NUMERO, '2', 12, 10>
2026-05-19 13:32:46,582 - INFO - Token: <FECHA_PARENTESES, ')', 12, 11>
2026-05-19 13:32:46,582 - INFO - Token: <PONTO_VIRGULA, ';', 12, 12>
2026-05-19 13:32:46,582 - INFO - Token: <IF, 'if', 14, 0>
2026-05-19 13:32:46,582 - INFO - Token: <ID, 'x', 14, 3>
2026-05-19 13:32:46,582 - INFO - Token: <IGUAL, '==', 14, 5>
2026-05-19 13:32:46,582 - INFO - Token: <ID, 'nome', 14, 8>
2026-05-19 13:32:46,582 - INFO - Token: <ABRE_CHAVES, '{', 14, 13>
2026-05-19 13:32:46,582 - INFO - Token: <PT, 'pt', 15, 4>
2026-05-19 13:32:46,582 - INFO - Token: <ABRE_PARENTESES, '(', 15, 6>
2026-05-19 13:32:46,582 - INFO - Token: <ID, 'x', 15, 7>
2026-05-19 13:32:46,582 - INFO - Token: <FECHA_PARENTESES, ')', 15, 8>
2026-05-19 13:32:46,582 - INFO - Token: <PONTO_VIRGULA, ';', 15, 9>
2026-05-19 13:32:46,582 - INFO - Token: <FECHA_CHAVES, '}', 16, 0>
2026-05-19 13:32:46,582 - INFO - Token: <IF, 'if', 18, 0>
2026-05-19 13:32:46,582 - INFO - Token: <ID, 'nome', 18, 3>
2026-05-19 13:32:46,582 - INFO - Token: <MENOR, '<', 18, 8>
2026-05-19 13:32:46,582 - INFO - Token: <ID, 'x', 18, 10>
2026-05-19 13:32:46,582 - INFO - Token: <ABRE_CHAVES, '{', 18, 12>
2026-05-19 13:32:46,582 - INFO - Token: <PT, 'pt', 19, 4>
2026-05-19 13:32:46,582 - INFO - Token: <ABRE_PARENTESES, '(', 19, 6>
2026-05-19 13:32:46,582 - INFO - Token: <ID, 'nome', 19, 7>
2026-05-19 13:32:46,582 - INFO - Token: <FECHA_PARENTESES, ')', 19, 11>
2026-05-19 13:32:46,582 - INFO - Token: <PONTO_VIRGULA, ';', 19, 12>
2026-05-19 13:32:46,582 - INFO - Token: <FECHA_CHAVES, '}', 20, 0>
2026-05-19 13:32:46,582 - INFO - Token: <TIPO_INT, 'i', 22, 0>
2026-05-19 13:32:46,582 - INFO - Token: <ID, 'abc', 22, 2>
2026-05-19 13:32:46,582 - INFO - Token: <ATRIBUICAO, '=', 22, 6>
2026-05-19 13:32:46,582 - INFO - Token: <ID, 'x', 22, 8>
2026-05-19 13:32:46,582 - INFO - Token: <DIVISAO, '/', 22, 10>
2026-05-19 13:32:46,583 - INFO - Token: <NUMERO, '0', 22, 12>
2026-05-19 13:32:46,583 - INFO - Token: <PONTO_VIRGULA, ';', 22, 13>
2026-05-19 13:32:46,583 - INFO - Token: <PT, 'pt', 23, 0>
2026-05-19 13:32:46,583 - INFO - Token: <ABRE_PARENTESES, '(', 23, 2>
2026-05-19 13:32:46,583 - INFO - Token: <ID, 'abc', 23, 3>
2026-05-19 13:32:46,583 - INFO - Token: <FECHA_PARENTESES, ')', 23, 6>
2026-05-19 13:32:46,583 - INFO - Token: <PONTO_VIRGULA, ';', 23, 7>
2026-05-19 13:32:46,583 - INFO - Iniciando análise sintática.
2026-05-19 13:32:46,586 - INFO - Análise sintática concluída.
2026-05-19 13:32:46,586 - INFO - Iniciando análise semântica.
2026-05-19 13:32:46,586 - ERROR - Análise semântica encontrou 7 erro(s).
2026-05-19 13:32:46,586 - ERROR - SEM-001 [Linha 4, Coluna 3] Lexema: 'y' | Contexto: uso de variável | Mensagem: Variável 'y' usada antes de ser declarada. | Sugestão: Declare 'y' antes de usar esse identificador em uma expressão.
2026-05-19 13:32:46,586 - ERROR - SEM-003 [Linha 6, Coluna 0] Lexema: 'x' | Contexto: atribuição | Mensagem: Variável 'x' é do tipo inteiro, mas recebeu expressão do tipo texto. | Sugestão: Atribua um valor compatível com o tipo declarado da variável.
2026-05-19 13:32:46,586 - ERROR - SEM-003 [Linha 8, Coluna 0] Lexema: 'nome' | Contexto: atribuição | Mensagem: Variável 'nome' é do tipo texto, mas recebeu expressão do tipo inteiro. | Sugestão: Atribua um valor compatível com o tipo declarado da variável.
2026-05-19 13:32:46,586 - ERROR - SEM-002 [Linha 10, Coluna 2] Lexema: 'x' | Contexto: declaração de variável | Mensagem: Variável 'x' já foi declarada neste escopo. | Sugestão: Use outro nome ou remova a declaração duplicada. A declaração anterior está na linha 1, coluna 2.
2026-05-19 13:32:46,586 - ERROR - SEM-005 [Linha 12, Coluna 3] Lexema: 'nome' | Contexto: expressão aritmética | Mensagem: Operadores '+' e '-' só podem ser usados com inteiros. | Sugestão: Remova strings da expressão ou use apenas variáveis inteiras.
2026-05-19 13:32:46,586 - ERROR - SEM-006 [Linha 14, Coluna 3] Lexema: 'x' | Contexto: comparação | Mensagem: Comparação '==' recebeu valores de tipos diferentes: inteiro e texto. | Sugestão: Compare valores do mesmo tipo.
2026-05-19 13:32:46,586 - ERROR - SEM-006 [Linha 18, Coluna 3] Lexema: 'nome' | Contexto: comparação | Mensagem: Comparação '<' só pode ser usada com inteiros. | Sugestão: Use '<' e '>' apenas entre números ou variáveis inteiras.
2026-05-19 13:32:46,586 - INFO - Análise semântica concluída.
2026-05-19 14:02:07,443 - INFO - Iniciando compilação do arquivo teste_erros_semanticos.cmm.
2026-05-19 14:02:07,446 - INFO - Token: <TIPO_INT, 'i', 1, 0>
2026-05-19 14:02:07,446 - INFO - Token: <ID, 'x', 1, 2>
2026-05-19 14:02:07,446 - INFO - Token: <ATRIBUICAO, '=', 1, 4>
2026-05-19 14:02:07,446 - INFO - Token: <NUMERO, '10', 1, 6>
2026-05-19 14:02:07,446 - INFO - Token: <PONTO_VIRGULA, ';', 1, 8>
2026-05-19 14:02:07,446 - INFO - Token: <TIPO_STR, 's', 2, 0>
2026-05-19 14:02:07,446 - INFO - Token: <ID, 'nome', 2, 2>
2026-05-19 14:02:07,446 - INFO - Token: <ATRIBUICAO, '=', 2, 7>
2026-05-19 14:02:07,446 - INFO - Token: <STRING, '"ana"', 2, 9>
2026-05-19 14:02:07,447 - INFO - Token: <PONTO_VIRGULA, ';', 2, 14>
2026-05-19 14:02:07,447 - INFO - Token: <PT, 'pt', 4, 0>
2026-05-19 14:02:07,447 - INFO - Token: <ABRE_PARENTESES, '(', 4, 2>
2026-05-19 14:02:07,447 - INFO - Token: <ID, 'y', 4, 3>
2026-05-19 14:02:07,447 - INFO - Token: <FECHA_PARENTESES, ')', 4, 4>
2026-05-19 14:02:07,447 - INFO - Token: <PONTO_VIRGULA, ';', 4, 5>
2026-05-19 14:02:07,447 - INFO - Token: <ID, 'x', 6, 0>
2026-05-19 14:02:07,447 - INFO - Token: <ATRIBUICAO, '=', 6, 2>
2026-05-19 14:02:07,447 - INFO - Token: <ID, 'nome', 6, 4>
2026-05-19 14:02:07,447 - INFO - Token: <PONTO_VIRGULA, ';', 6, 8>
2026-05-19 14:02:07,447 - INFO - Token: <ID, 'nome', 8, 0>
2026-05-19 14:02:07,447 - INFO - Token: <ATRIBUICAO, '=', 8, 5>
2026-05-19 14:02:07,447 - INFO - Token: <ID, 'x', 8, 7>
2026-05-19 14:02:07,447 - INFO - Token: <SOMA, '+', 8, 9>
2026-05-19 14:02:07,447 - INFO - Token: <NUMERO, '1', 8, 11>
2026-05-19 14:02:07,447 - INFO - Token: <PONTO_VIRGULA, ';', 8, 12>
2026-05-19 14:02:07,447 - INFO - Token: <ID, 'x', 10, 0>
2026-05-19 14:02:07,447 - INFO - Token: <ATRIBUICAO, '=', 10, 2>
2026-05-19 14:02:07,447 - INFO - Token: <NUMERO, '10', 10, 4>
2026-05-19 14:02:07,447 - INFO - Token: <DIVISAO, '/', 10, 7>
2026-05-19 14:02:07,447 - INFO - Token: <NUMERO, '0', 10, 9>
2026-05-19 14:02:07,447 - INFO - Token: <PONTO_VIRGULA, ';', 10, 10>
2026-05-19 14:02:07,447 - INFO - Token: <TIPO_INT, 'i', 12, 0>
2026-05-19 14:02:07,447 - INFO - Token: <ID, 'x', 12, 2>
2026-05-19 14:02:07,447 - INFO - Token: <ATRIBUICAO, '=', 12, 4>
2026-05-19 14:02:07,447 - INFO - Token: <NUMERO, '20', 12, 6>
2026-05-19 14:02:07,447 - INFO - Token: <PONTO_VIRGULA, ';', 12, 8>
2026-05-19 14:02:07,447 - INFO - Token: <PT, 'pt', 14, 0>
2026-05-19 14:02:07,447 - INFO - Token: <ABRE_PARENTESES, '(', 14, 2>
2026-05-19 14:02:07,447 - INFO - Token: <ID, 'nome', 14, 3>
2026-05-19 14:02:07,447 - INFO - Token: <SOMA, '+', 14, 8>
2026-05-19 14:02:07,447 - INFO - Token: <NUMERO, '2', 14, 10>
2026-05-19 14:02:07,447 - INFO - Token: <FECHA_PARENTESES, ')', 14, 11>
2026-05-19 14:02:07,447 - INFO - Token: <PONTO_VIRGULA, ';', 14, 12>
2026-05-19 14:02:07,447 - INFO - Token: <IF, 'if', 16, 0>
2026-05-19 14:02:07,447 - INFO - Token: <ID, 'x', 16, 3>
2026-05-19 14:02:07,447 - INFO - Token: <IGUAL, '==', 16, 5>
2026-05-19 14:02:07,447 - INFO - Token: <ID, 'nome', 16, 8>
2026-05-19 14:02:07,447 - INFO - Token: <ABRE_CHAVES, '{', 16, 13>
2026-05-19 14:02:07,448 - INFO - Token: <PT, 'pt', 17, 4>
2026-05-19 14:02:07,448 - INFO - Token: <ABRE_PARENTESES, '(', 17, 6>
2026-05-19 14:02:07,448 - INFO - Token: <ID, 'x', 17, 7>
2026-05-19 14:02:07,448 - INFO - Token: <FECHA_PARENTESES, ')', 17, 8>
2026-05-19 14:02:07,448 - INFO - Token: <PONTO_VIRGULA, ';', 17, 9>
2026-05-19 14:02:07,448 - INFO - Token: <FECHA_CHAVES, '}', 18, 0>
2026-05-19 14:02:07,448 - INFO - Token: <IF, 'if', 20, 0>
2026-05-19 14:02:07,448 - INFO - Token: <ID, 'nome', 20, 3>
2026-05-19 14:02:07,448 - INFO - Token: <MENOR, '<', 20, 8>
2026-05-19 14:02:07,448 - INFO - Token: <ID, 'x', 20, 10>
2026-05-19 14:02:07,448 - INFO - Token: <ABRE_CHAVES, '{', 20, 12>
2026-05-19 14:02:07,448 - INFO - Token: <PT, 'pt', 21, 4>
2026-05-19 14:02:07,448 - INFO - Token: <ABRE_PARENTESES, '(', 21, 6>
2026-05-19 14:02:07,448 - INFO - Token: <ID, 'nome', 21, 7>
2026-05-19 14:02:07,448 - INFO - Token: <FECHA_PARENTESES, ')', 21, 11>
2026-05-19 14:02:07,448 - INFO - Token: <PONTO_VIRGULA, ';', 21, 12>
2026-05-19 14:02:07,448 - INFO - Token: <FECHA_CHAVES, '}', 22, 0>
2026-05-19 14:02:07,448 - INFO - Iniciando análise sintática.
2026-05-19 14:02:07,451 - INFO - Análise sintática concluída.
2026-05-19 14:02:07,451 - INFO - Iniciando análise semântica.
2026-05-19 14:02:07,451 - ERROR - Análise semântica encontrou 8 erro(s).
2026-05-19 14:02:07,451 - ERROR - SEM-001 [Linha 4, Coluna 3] Lexema: 'y' | Contexto: uso de variável | Mensagem: Variável 'y' usada antes de ser declarada. | Sugestão: Declare 'y' antes de usar esse identificador em uma expressão.
2026-05-19 14:02:07,451 - ERROR - SEM-003 [Linha 6, Coluna 0] Lexema: 'x' | Contexto: atribuição | Mensagem: Variável 'x' é do tipo inteiro, mas recebeu expressão do tipo texto. | Sugestão: Atribua um valor compatível com o tipo declarado da variável.
2026-05-19 14:02:07,451 - ERROR - SEM-003 [Linha 8, Coluna 0] Lexema: 'nome' | Contexto: atribuição | Mensagem: Variável 'nome' é do tipo texto, mas recebeu expressão do tipo inteiro. | Sugestão: Atribua um valor compatível com o tipo declarado da variável.
2026-05-19 14:02:07,452 - ERROR - SEM-007 [Linha 10, Coluna 9] Lexema: '0' | Contexto: termo aritmético | Mensagem: Divisão por zero não é permitida. | Sugestão: Use um divisor diferente de zero.
2026-05-19 14:02:07,452 - ERROR - SEM-002 [Linha 12, Coluna 2] Lexema: 'x' | Contexto: declaração de variável | Mensagem: Variável 'x' já foi declarada neste escopo. | Sugestão: Use outro nome ou remova a declaração duplicada. A declaração anterior está na linha 1, coluna 2.
2026-05-19 14:02:07,452 - ERROR - SEM-005 [Linha 14, Coluna 3] Lexema: 'nome' | Contexto: expressão aritmética | Mensagem: Operadores '+' e '-' só podem ser usados com inteiros. | Sugestão: Remova strings da expressão ou use apenas variáveis inteiras.
2026-05-19 14:02:07,452 - ERROR - SEM-006 [Linha 16, Coluna 3] Lexema: 'x' | Contexto: comparação | Mensagem: Comparação '==' recebeu valores de tipos diferentes: inteiro e texto. | Sugestão: Compare valores do mesmo tipo.
2026-05-19 14:02:07,452 - ERROR - SEM-006 [Linha 20, Coluna 3] Lexema: 'nome' | Contexto: comparação | Mensagem: Comparação '<' só pode ser usada com inteiros. | Sugestão: Use '<' e '>' apenas entre números ou variáveis inteiras.
2026-05-19 14:02:07,452 - INFO - Análise semântica concluída.
2026-05-19 14:02:12,749 - INFO - Iniciando compilação do arquivo teste_compilador.cmm.
2026-05-19 14:02:12,754 - INFO - Token: <TIPO_INT, 'i', 5, 0>
2026-05-19 14:02:12,754 - INFO - Token: <ID, 'x', 5, 2>
2026-05-19 14:02:12,754 - INFO - Token: <ATRIBUICAO, '=', 5, 4>
2026-05-19 14:02:12,754 - INFO - Token: <NUMERO, '10', 5, 6>
2026-05-19 14:02:12,754 - INFO - Token: <PONTO_VIRGULA, ';', 5, 8>
2026-05-19 14:02:12,754 - INFO - Token: <TIPO_INT, 'i', 6, 0>
2026-05-19 14:02:12,755 - INFO - Token: <ID, 'y', 6, 2>
2026-05-19 14:02:12,755 - INFO - Token: <ATRIBUICAO, '=', 6, 4>
2026-05-19 14:02:12,755 - INFO - Token: <NUMERO, '3', 6, 6>
2026-05-19 14:02:12,755 - INFO - Token: <PONTO_VIRGULA, ';', 6, 7>
2026-05-19 14:02:12,755 - INFO - Token: <TIPO_INT, 'i', 7, 0>
2026-05-19 14:02:12,755 - INFO - Token: <ID, 'soma', 7, 2>
2026-05-19 14:02:12,755 - INFO - Token: <ATRIBUICAO, '=', 7, 7>
2026-05-19 14:02:12,755 - INFO - Token: <ID, 'x', 7, 9>
2026-05-19 14:02:12,755 - INFO - Token: <SOMA, '+', 7, 11>
2026-05-19 14:02:12,755 - INFO - Token: <ID, 'y', 7, 13>
2026-05-19 14:02:12,755 - INFO - Token: <PONTO_VIRGULA, ';', 7, 14>
2026-05-19 14:02:12,755 - INFO - Token: <TIPO_INT, 'i', 8, 0>
2026-05-19 14:02:12,755 - INFO - Token: <ID, 'produto', 8, 2>
2026-05-19 14:02:12,755 - INFO - Token: <ATRIBUICAO, '=', 8, 10>
2026-05-19 14:02:12,755 - INFO - Token: <ID, 'x', 8, 12>
2026-05-19 14:02:12,755 - INFO - Token: <MULTIPLICACAO, '*', 8, 14>
2026-05-19 14:02:12,755 - INFO - Token: <ID, 'y', 8, 16>
2026-05-19 14:02:12,755 - INFO - Token: <PONTO_VIRGULA, ';', 8, 17>
2026-05-19 14:02:12,755 - INFO - Token: <TIPO_INT, 'i', 9, 0>
2026-05-19 14:02:12,755 - INFO - Token: <ID, 'contador', 9, 2>
2026-05-19 14:02:12,755 - INFO - Token: <ATRIBUICAO, '=', 9, 11>
2026-05-19 14:02:12,755 - INFO - Token: <NUMERO, '0', 9, 13>
2026-05-19 14:02:12,755 - INFO - Token: <PONTO_VIRGULA, ';', 9, 14>
2026-05-19 14:02:12,755 - INFO - Token: <TIPO_STR, 's', 10, 0>
2026-05-19 14:02:12,755 - INFO - Token: <ID, 'nome', 10, 2>
2026-05-19 14:02:12,755 - INFO - Token: <ATRIBUICAO, '=', 10, 7>
2026-05-19 14:02:12,755 - INFO - Token: <STRING, '"cmaismenos"', 10, 9>
2026-05-19 14:02:12,755 - INFO - Token: <PONTO_VIRGULA, ';', 10, 21>
2026-05-19 14:02:12,755 - INFO - Token: <PT, 'pt', 12, 0>
2026-05-19 14:02:12,755 - INFO - Token: <ABRE_PARENTESES, '(', 12, 2>
2026-05-19 14:02:12,755 - INFO - Token: <STRING, '"=== TESTE DO COMPILADOR ==="', 12, 3>
2026-05-19 14:02:12,755 - INFO - Token: <FECHA_PARENTESES, ')', 12, 32>
2026-05-19 14:02:12,755 - INFO - Token: <PONTO_VIRGULA, ';', 12, 33>
2026-05-19 14:02:12,755 - INFO - Token: <PT, 'pt', 13, 0>
2026-05-19 14:02:12,756 - INFO - Token: <ABRE_PARENTESES, '(', 13, 2>
2026-05-19 14:02:12,756 - INFO - Token: <ID, 'nome', 13, 3>
2026-05-19 14:02:12,756 - INFO - Token: <FECHA_PARENTESES, ')', 13, 7>
2026-05-19 14:02:12,756 - INFO - Token: <PONTO_VIRGULA, ';', 13, 8>
2026-05-19 14:02:12,756 - INFO - Token: <PT, 'pt', 14, 0>
2026-05-19 14:02:12,756 - INFO - Token: <ABRE_PARENTESES, '(', 14, 2>
2026-05-19 14:02:12,756 - INFO - Token: <ID, 'soma', 14, 3>
2026-05-19 14:02:12,756 - INFO - Token: <FECHA_PARENTESES, ')', 14, 7>
2026-05-19 14:02:12,756 - INFO - Token: <PONTO_VIRGULA, ';', 14, 8>
2026-05-19 14:02:12,756 - INFO - Token: <PT, 'pt', 15, 0>
2026-05-19 14:02:12,756 - INFO - Token: <ABRE_PARENTESES, '(', 15, 2>
2026-05-19 14:02:12,756 - INFO - Token: <ID, 'produto', 15, 3>
2026-05-19 14:02:12,756 - INFO - Token: <FECHA_PARENTESES, ')', 15, 10>
2026-05-19 14:02:12,756 - INFO - Token: <PONTO_VIRGULA, ';', 15, 11>
2026-05-19 14:02:12,756 - INFO - Token: <IF, 'if', 17, 0>
2026-05-19 14:02:12,756 - INFO - Token: <ID, 'soma', 17, 3>
2026-05-19 14:02:12,756 - INFO - Token: <MAIOR, '>', 17, 8>
2026-05-19 14:02:12,756 - INFO - Token: <ID, 'produto', 17, 10>
2026-05-19 14:02:12,756 - INFO - Token: <ABRE_CHAVES, '{', 17, 18>
2026-05-19 14:02:12,756 - INFO - Token: <PT, 'pt', 18, 4>
2026-05-19 14:02:12,756 - INFO - Token: <ABRE_PARENTESES, '(', 18, 6>
2026-05-19 14:02:12,756 - INFO - Token: <STRING, '"soma maior"', 18, 7>
2026-05-19 14:02:12,756 - INFO - Token: <FECHA_PARENTESES, ')', 18, 19>
2026-05-19 14:02:12,756 - INFO - Token: <PONTO_VIRGULA, ';', 18, 20>
2026-05-19 14:02:12,756 - INFO - Token: <FECHA_CHAVES, '}', 19, 0>
2026-05-19 14:02:12,756 - INFO - Token: <EL, 'el', 19, 2>
2026-05-19 14:02:12,756 - INFO - Token: <ABRE_CHAVES, '{', 19, 5>
2026-05-19 14:02:12,756 - INFO - Token: <PT, 'pt', 20, 4>
2026-05-19 14:02:12,756 - INFO - Token: <ABRE_PARENTESES, '(', 20, 6>
2026-05-19 14:02:12,756 - INFO - Token: <STRING, '"produto maior ou igual"', 20, 7>
2026-05-19 14:02:12,756 - INFO - Token: <FECHA_PARENTESES, ')', 20, 31>
2026-05-19 14:02:12,756 - INFO - Token: <PONTO_VIRGULA, ';', 20, 32>
2026-05-19 14:02:12,756 - INFO - Token: <FECHA_CHAVES, '}', 21, 0>
2026-05-19 14:02:12,756 - INFO - Token: <WL, 'wl', 23, 0>
2026-05-19 14:02:12,757 - INFO - Token: <ID, 'contador', 23, 3>
2026-05-19 14:02:12,757 - INFO - Token: <MENOR, '<', 23, 12>
2026-05-19 14:02:12,757 - INFO - Token: <NUMERO, '3', 23, 14>
2026-05-19 14:02:12,757 - INFO - Token: <DO, 'do', 23, 16>
2026-05-19 14:02:12,757 - INFO - Token: <ABRE_CHAVES, '{', 23, 19>
2026-05-19 14:02:12,757 - INFO - Token: <PT, 'pt', 24, 4>
2026-05-19 14:02:12,757 - INFO - Token: <ABRE_PARENTESES, '(', 24, 6>
2026-05-19 14:02:12,757 - INFO - Token: <ID, 'contador', 24, 7>
2026-05-19 14:02:12,757 - INFO - Token: <FECHA_PARENTESES, ')', 24, 15>
2026-05-19 14:02:12,757 - INFO - Token: <PONTO_VIRGULA, ';', 24, 16>
2026-05-19 14:02:12,757 - INFO - Token: <ID, 'contador', 25, 4>
2026-05-19 14:02:12,757 - INFO - Token: <ATRIBUICAO, '=', 25, 13>
2026-05-19 14:02:12,757 - INFO - Token: <ID, 'contador', 25, 15>
2026-05-19 14:02:12,757 - INFO - Token: <SOMA, '+', 25, 24>
2026-05-19 14:02:12,757 - INFO - Token: <NUMERO, '1', 25, 26>
2026-05-19 14:02:12,757 - INFO - Token: <PONTO_VIRGULA, ';', 25, 27>
2026-05-19 14:02:12,757 - INFO - Token: <FECHA_CHAVES, '}', 26, 0>
2026-05-19 14:02:12,757 - INFO - Token: <PT, 'pt', 28, 0>
2026-05-19 14:02:12,757 - INFO - Token: <ABRE_PARENTESES, '(', 28, 2>
2026-05-19 14:02:12,757 - INFO - Token: <STRING, '"=== FIM DO TESTE ==="', 28, 3>
2026-05-19 14:02:12,757 - INFO - Token: <FECHA_PARENTESES, ')', 28, 25>
2026-05-19 14:02:12,757 - INFO - Token: <PONTO_VIRGULA, ';', 28, 26>
2026-05-19 14:02:12,757 - INFO - Iniciando análise sintática.
2026-05-19 14:02:12,761 - INFO - Análise sintática concluída.
2026-05-19 14:02:12,761 - INFO - Iniciando análise semântica.
2026-05-19 14:02:12,761 - INFO - Análise semântica concluída sem erros.
2026-05-19 14:02:12,761 - INFO - Análise semântica concluída.
2026-05-19 14:02:58,587 - INFO - Iniciando compilação do arquivo teste_erros_semanticos.cmm.
2026-05-19 14:02:58,590 - INFO - Token: <TIPO_INT, 'i', 1, 0>
2026-05-19 14:02:58,590 - INFO - Token: <ID, 'x', 1, 2>
2026-05-19 14:02:58,590 - INFO - Token: <ATRIBUICAO, '=', 1, 4>
2026-05-19 14:02:58,590 - INFO - Token: <NUMERO, '10', 1, 6>
2026-05-19 14:02:58,590 - INFO - Token: <PONTO_VIRGULA, ';', 1, 8>
2026-05-19 14:02:58,590 - INFO - Token: <TIPO_STR, 's', 2, 0>
2026-05-19 14:02:58,590 - INFO - Token: <ID, 'nome', 2, 2>
2026-05-19 14:02:58,590 - INFO - Token: <ATRIBUICAO, '=', 2, 7>
2026-05-19 14:02:58,590 - INFO - Token: <STRING, '"ana"', 2, 9>
2026-05-19 14:02:58,590 - INFO - Token: <PONTO_VIRGULA, ';', 2, 14>
2026-05-19 14:02:58,590 - INFO - Token: <PT, 'pt', 4, 0>
2026-05-19 14:02:58,590 - INFO - Token: <ABRE_PARENTESES, '(', 4, 2>
2026-05-19 14:02:58,590 - INFO - Token: <ID, 'y', 4, 3>
2026-05-19 14:02:58,590 - INFO - Token: <FECHA_PARENTESES, ')', 4, 4>
2026-05-19 14:02:58,590 - INFO - Token: <PONTO_VIRGULA, ';', 4, 5>
2026-05-19 14:02:58,590 - INFO - Token: <ID, 'x', 6, 0>
2026-05-19 14:02:58,590 - INFO - Token: <ATRIBUICAO, '=', 6, 2>
2026-05-19 14:02:58,590 - INFO - Token: <ID, 'nome', 6, 4>
2026-05-19 14:02:58,590 - INFO - Token: <PONTO_VIRGULA, ';', 6, 8>
2026-05-19 14:02:58,590 - INFO - Token: <ID, 'nome', 8, 0>
2026-05-19 14:02:58,591 - INFO - Token: <ATRIBUICAO, '=', 8, 5>
2026-05-19 14:02:58,591 - INFO - Token: <ID, 'x', 8, 7>
2026-05-19 14:02:58,591 - INFO - Token: <SOMA, '+', 8, 9>
2026-05-19 14:02:58,591 - INFO - Token: <NUMERO, '1', 8, 11>
2026-05-19 14:02:58,591 - INFO - Token: <PONTO_VIRGULA, ';', 8, 12>
2026-05-19 14:02:58,591 - INFO - Token: <ID, 'x', 10, 0>
2026-05-19 14:02:58,591 - INFO - Token: <ATRIBUICAO, '=', 10, 2>
2026-05-19 14:02:58,591 - INFO - Token: <NUMERO, '10', 10, 4>
2026-05-19 14:02:58,591 - INFO - Token: <DIVISAO, '/', 10, 7>
2026-05-19 14:02:58,591 - INFO - Token: <NUMERO, '0', 10, 9>
2026-05-19 14:02:58,591 - INFO - Token: <PONTO_VIRGULA, ';', 10, 10>
2026-05-19 14:02:58,591 - INFO - Token: <TIPO_INT, 'i', 12, 0>
2026-05-19 14:02:58,591 - INFO - Token: <ID, 'x', 12, 2>
2026-05-19 14:02:58,591 - INFO - Token: <ATRIBUICAO, '=', 12, 4>
2026-05-19 14:02:58,591 - INFO - Token: <NUMERO, '20', 12, 6>
2026-05-19 14:02:58,591 - INFO - Token: <PONTO_VIRGULA, ';', 12, 8>
2026-05-19 14:02:58,591 - INFO - Token: <PT, 'pt', 14, 0>
2026-05-19 14:02:58,591 - INFO - Token: <ABRE_PARENTESES, '(', 14, 2>
2026-05-19 14:02:58,591 - INFO - Token: <ID, 'nome', 14, 3>
2026-05-19 14:02:58,591 - INFO - Token: <SOMA, '+', 14, 8>
2026-05-19 14:02:58,591 - INFO - Token: <NUMERO, '2', 14, 10>
2026-05-19 14:02:58,591 - INFO - Token: <FECHA_PARENTESES, ')', 14, 11>
2026-05-19 14:02:58,591 - INFO - Token: <PONTO_VIRGULA, ';', 14, 12>
2026-05-19 14:02:58,591 - INFO - Token: <IF, 'if', 16, 0>
2026-05-19 14:02:58,591 - INFO - Token: <ID, 'x', 16, 3>
2026-05-19 14:02:58,591 - INFO - Token: <IGUAL, '==', 16, 5>
2026-05-19 14:02:58,591 - INFO - Token: <ID, 'nome', 16, 8>
2026-05-19 14:02:58,591 - INFO - Token: <ABRE_CHAVES, '{', 16, 13>
2026-05-19 14:02:58,591 - INFO - Token: <PT, 'pt', 17, 4>
2026-05-19 14:02:58,591 - INFO - Token: <ABRE_PARENTESES, '(', 17, 6>
2026-05-19 14:02:58,591 - INFO - Token: <ID, 'x', 17, 7>
2026-05-19 14:02:58,591 - INFO - Token: <FECHA_PARENTESES, ')', 17, 8>
2026-05-19 14:02:58,591 - INFO - Token: <PONTO_VIRGULA, ';', 17, 9>
2026-05-19 14:02:58,591 - INFO - Token: <FECHA_CHAVES, '}', 18, 0>
2026-05-19 14:02:58,591 - INFO - Token: <IF, 'if', 20, 0>
2026-05-19 14:02:58,591 - INFO - Token: <ID, 'nome', 20, 3>
2026-05-19 14:02:58,592 - INFO - Token: <MENOR, '<', 20, 8>
2026-05-19 14:02:58,592 - INFO - Token: <ID, 'x', 20, 10>
2026-05-19 14:02:58,592 - INFO - Token: <ABRE_CHAVES, '{', 20, 12>
2026-05-19 14:02:58,592 - INFO - Token: <PT, 'pt', 21, 4>
2026-05-19 14:02:58,592 - INFO - Token: <ABRE_PARENTESES, '(', 21, 6>
2026-05-19 14:02:58,592 - INFO - Token: <ID, 'nome', 21, 7>
2026-05-19 14:02:58,592 - INFO - Token: <FECHA_PARENTESES, ')', 21, 11>
2026-05-19 14:02:58,592 - INFO - Token: <PONTO_VIRGULA, ';', 21, 12>
2026-05-19 14:02:58,592 - INFO - Token: <FECHA_CHAVES, '}', 22, 0>
2026-05-19 14:02:58,592 - INFO - Iniciando análise sintática.
2026-05-19 14:02:58,595 - INFO - Análise sintática concluída.
2026-05-19 14:02:58,595 - INFO - Iniciando análise semântica.
2026-05-19 14:02:58,595 - ERROR - Análise semântica encontrou 8 erro(s).
2026-05-19 14:02:58,595 - ERROR - SEM-001 [Linha 4, Coluna 3] Lexema: 'y' | Contexto: uso de variável | Mensagem: Variável 'y' usada antes de ser declarada. | Sugestão: Declare 'y' antes de usar esse identificador em uma expressão.
2026-05-19 14:02:58,595 - ERROR - SEM-003 [Linha 6, Coluna 0] Lexema: 'x' | Contexto: atribuição | Mensagem: Variável 'x' é do tipo inteiro, mas recebeu expressão do tipo texto. | Sugestão: Atribua um valor compatível com o tipo declarado da variável.
2026-05-19 14:02:58,595 - ERROR - SEM-003 [Linha 8, Coluna 0] Lexema: 'nome' | Contexto: atribuição | Mensagem: Variável 'nome' é do tipo texto, mas recebeu expressão do tipo inteiro. | Sugestão: Atribua um valor compatível com o tipo declarado da variável.
2026-05-19 14:02:58,595 - ERROR - SEM-007 [Linha 10, Coluna 9] Lexema: '0' | Contexto: termo aritmético | Mensagem: Divisão por zero não é permitida. | Sugestão: Use um divisor diferente de zero.
2026-05-19 14:02:58,595 - ERROR - SEM-002 [Linha 12, Coluna 2] Lexema: 'x' | Contexto: declaração de variável | Mensagem: Variável 'x' já foi declarada neste escopo. | Sugestão: Use outro nome ou remova a declaração duplicada. A declaração anterior está na linha 1, coluna 2.
2026-05-19 14:02:58,595 - ERROR - SEM-005 [Linha 14, Coluna 3] Lexema: 'nome' | Contexto: expressão aritmética | Mensagem: Operadores '+' e '-' só podem ser usados com inteiros. | Sugestão: Remova strings da expressão ou use apenas variáveis inteiras.
2026-05-19 14:02:58,596 - ERROR - SEM-006 [Linha 16, Coluna 3] Lexema: 'x' | Contexto: comparação | Mensagem: Comparação '==' recebeu valores de tipos diferentes: inteiro e texto. | Sugestão: Compare valores do mesmo tipo.
2026-05-19 14:02:58,596 - ERROR - SEM-006 [Linha 20, Coluna 3] Lexema: 'nome' | Contexto: comparação | Mensagem: Comparação '<' só pode ser usada com inteiros. | Sugestão: Use '<' e '>' apenas entre números ou variáveis inteiras.
2026-05-19 14:02:58,596 - INFO - Análise semântica concluída.
2026-05-19 14:03:01,695 - INFO - Iniciando compilação do arquivo teste_compilador.cmm.
2026-05-19 14:03:01,700 - INFO - Token: <TIPO_INT, 'i', 5, 0>
2026-05-19 14:03:01,700 - INFO - Token: <ID, 'x', 5, 2>
2026-05-19 14:03:01,700 - INFO - Token: <ATRIBUICAO, '=', 5, 4>
2026-05-19 14:03:01,700 - INFO - Token: <NUMERO, '10', 5, 6>
2026-05-19 14:03:01,700 - INFO - Token: <PONTO_VIRGULA, ';', 5, 8>
2026-05-19 14:03:01,700 - INFO - Token: <TIPO_INT, 'i', 6, 0>
2026-05-19 14:03:01,700 - INFO - Token: <ID, 'y', 6, 2>
2026-05-19 14:03:01,700 - INFO - Token: <ATRIBUICAO, '=', 6, 4>
2026-05-19 14:03:01,700 - INFO - Token: <NUMERO, '3', 6, 6>
2026-05-19 14:03:01,700 - INFO - Token: <PONTO_VIRGULA, ';', 6, 7>
2026-05-19 14:03:01,700 - INFO - Token: <TIPO_INT, 'i', 7, 0>
2026-05-19 14:03:01,700 - INFO - Token: <ID, 'soma', 7, 2>
2026-05-19 14:03:01,700 - INFO - Token: <ATRIBUICAO, '=', 7, 7>
2026-05-19 14:03:01,700 - INFO - Token: <ID, 'x', 7, 9>
2026-05-19 14:03:01,700 - INFO - Token: <SOMA, '+', 7, 11>
2026-05-19 14:03:01,700 - INFO - Token: <ID, 'y', 7, 13>
2026-05-19 14:03:01,700 - INFO - Token: <PONTO_VIRGULA, ';', 7, 14>
2026-05-19 14:03:01,700 - INFO - Token: <TIPO_INT, 'i', 8, 0>
2026-05-19 14:03:01,700 - INFO - Token: <ID, 'produto', 8, 2>
2026-05-19 14:03:01,700 - INFO - Token: <ATRIBUICAO, '=', 8, 10>
2026-05-19 14:03:01,700 - INFO - Token: <ID, 'x', 8, 12>
2026-05-19 14:03:01,701 - INFO - Token: <MULTIPLICACAO, '*', 8, 14>
2026-05-19 14:03:01,701 - INFO - Token: <ID, 'y', 8, 16>
2026-05-19 14:03:01,701 - INFO - Token: <PONTO_VIRGULA, ';', 8, 17>
2026-05-19 14:03:01,701 - INFO - Token: <TIPO_INT, 'i', 9, 0>
2026-05-19 14:03:01,701 - INFO - Token: <ID, 'contador', 9, 2>
2026-05-19 14:03:01,701 - INFO - Token: <ATRIBUICAO, '=', 9, 11>
2026-05-19 14:03:01,701 - INFO - Token: <NUMERO, '0', 9, 13>
2026-05-19 14:03:01,701 - INFO - Token: <PONTO_VIRGULA, ';', 9, 14>
2026-05-19 14:03:01,701 - INFO - Token: <TIPO_STR, 's', 10, 0>
2026-05-19 14:03:01,701 - INFO - Token: <ID, 'nome', 10, 2>
2026-05-19 14:03:01,701 - INFO - Token: <ATRIBUICAO, '=', 10, 7>
2026-05-19 14:03:01,701 - INFO - Token: <STRING, '"cmaismenos"', 10, 9>
2026-05-19 14:03:01,701 - INFO - Token: <PONTO_VIRGULA, ';', 10, 21>
2026-05-19 14:03:01,701 - INFO - Token: <PT, 'pt', 12, 0>
2026-05-19 14:03:01,701 - INFO - Token: <ABRE_PARENTESES, '(', 12, 2>
2026-05-19 14:03:01,701 - INFO - Token: <STRING, '"=== TESTE DO COMPILADOR ==="', 12, 3>
2026-05-19 14:03:01,701 - INFO - Token: <FECHA_PARENTESES, ')', 12, 32>
2026-05-19 14:03:01,701 - INFO - Token: <PONTO_VIRGULA, ';', 12, 33>
2026-05-19 14:03:01,701 - INFO - Token: <PT, 'pt', 13, 0>
2026-05-19 14:03:01,701 - INFO - Token: <ABRE_PARENTESES, '(', 13, 2>
2026-05-19 14:03:01,701 - INFO - Token: <ID, 'nome', 13, 3>
2026-05-19 14:03:01,701 - INFO - Token: <FECHA_PARENTESES, ')', 13, 7>
2026-05-19 14:03:01,701 - INFO - Token: <PONTO_VIRGULA, ';', 13, 8>
2026-05-19 14:03:01,701 - INFO - Token: <PT, 'pt', 14, 0>
2026-05-19 14:03:01,701 - INFO - Token: <ABRE_PARENTESES, '(', 14, 2>
2026-05-19 14:03:01,701 - INFO - Token: <ID, 'soma', 14, 3>
2026-05-19 14:03:01,701 - INFO - Token: <FECHA_PARENTESES, ')', 14, 7>
2026-05-19 14:03:01,701 - INFO - Token: <PONTO_VIRGULA, ';', 14, 8>
2026-05-19 14:03:01,701 - INFO - Token: <PT, 'pt', 15, 0>
2026-05-19 14:03:01,701 - INFO - Token: <ABRE_PARENTESES, '(', 15, 2>
2026-05-19 14:03:01,701 - INFO - Token: <ID, 'produto', 15, 3>
2026-05-19 14:03:01,701 - INFO - Token: <FECHA_PARENTESES, ')', 15, 10>
2026-05-19 14:03:01,701 - INFO - Token: <PONTO_VIRGULA, ';', 15, 11>
2026-05-19 14:03:01,701 - INFO - Token: <IF, 'if', 17, 0>
2026-05-19 14:03:01,701 - INFO - Token: <ID, 'soma', 17, 3>
2026-05-19 14:03:01,701 - INFO - Token: <MAIOR, '>', 17, 8>
2026-05-19 14:03:01,701 - INFO - Token: <ID, 'produto', 17, 10>
2026-05-19 14:03:01,701 - INFO - Token: <ABRE_CHAVES, '{', 17, 18>
2026-05-19 14:03:01,701 - INFO - Token: <PT, 'pt', 18, 4>
2026-05-19 14:03:01,702 - INFO - Token: <ABRE_PARENTESES, '(', 18, 6>
2026-05-19 14:03:01,702 - INFO - Token: <STRING, '"soma maior"', 18, 7>
2026-05-19 14:03:01,702 - INFO - Token: <FECHA_PARENTESES, ')', 18, 19>
2026-05-19 14:03:01,702 - INFO - Token: <PONTO_VIRGULA, ';', 18, 20>
2026-05-19 14:03:01,702 - INFO - Token: <FECHA_CHAVES, '}', 19, 0>
2026-05-19 14:03:01,702 - INFO - Token: <EL, 'el', 19, 2>
2026-05-19 14:03:01,702 - INFO - Token: <ABRE_CHAVES, '{', 19, 5>
2026-05-19 14:03:01,702 - INFO - Token: <PT, 'pt', 20, 4>
2026-05-19 14:03:01,702 - INFO - Token: <ABRE_PARENTESES, '(', 20, 6>
2026-05-19 14:03:01,702 - INFO - Token: <STRING, '"produto maior ou igual"', 20, 7>
2026-05-19 14:03:01,702 - INFO - Token: <FECHA_PARENTESES, ')', 20, 31>
2026-05-19 14:03:01,702 - INFO - Token: <PONTO_VIRGULA, ';', 20, 32>
2026-05-19 14:03:01,702 - INFO - Token: <FECHA_CHAVES, '}', 21, 0>
2026-05-19 14:03:01,702 - INFO - Token: <WL, 'wl', 23, 0>
2026-05-19 14:03:01,702 - INFO - Token: <ID, 'contador', 23, 3>
2026-05-19 14:03:01,702 - INFO - Token: <MENOR, '<', 23, 12>
2026-05-19 14:03:01,702 - INFO - Token: <NUMERO, '3', 23, 14>
2026-05-19 14:03:01,702 - INFO - Token: <DO, 'do', 23, 16>
2026-05-19 14:03:01,702 - INFO - Token: <ABRE_CHAVES, '{', 23, 19>
2026-05-19 14:03:01,702 - INFO - Token: <PT, 'pt', 24, 4>
2026-05-19 14:03:01,702 - INFO - Token: <ABRE_PARENTESES, '(', 24, 6>
2026-05-19 14:03:01,702 - INFO - Token: <ID, 'contador', 24, 7>
2026-05-19 14:03:01,702 - INFO - Token: <FECHA_PARENTESES, ')', 24, 15>
2026-05-19 14:03:01,702 - INFO - Token: <PONTO_VIRGULA, ';', 24, 16>
2026-05-19 14:03:01,702 - INFO - Token: <ID, 'contador', 25, 4>
2026-05-19 14:03:01,702 - INFO - Token: <ATRIBUICAO, '=', 25, 13>
2026-05-19 14:03:01,702 - INFO - Token: <ID, 'contador', 25, 15>
2026-05-19 14:03:01,702 - INFO - Token: <SOMA, '+', 25, 24>
2026-05-19 14:03:01,702 - INFO - Token: <NUMERO, '1', 25, 26>
2026-05-19 14:03:01,702 - INFO - Token: <PONTO_VIRGULA, ';', 25, 27>
2026-05-19 14:03:01,702 - INFO - Token: <FECHA_CHAVES, '}', 26, 0>
2026-05-19 14:03:01,702 - INFO - Token: <PT, 'pt', 28, 0>
2026-05-19 14:03:01,702 - INFO - Token: <ABRE_PARENTESES, '(', 28, 2>
2026-05-19 14:03:01,702 - INFO - Token: <STRING, '"=== FIM DO TESTE ==="', 28, 3>
2026-05-19 14:03:01,702 - INFO - Token: <FECHA_PARENTESES, ')', 28, 25>
2026-05-19 14:03:01,702 - INFO - Token: <PONTO_VIRGULA, ';', 28, 26>
2026-05-19 14:03:01,703 - INFO - Iniciando análise sintática.
2026-05-19 14:03:01,706 - INFO - Análise sintática concluída.
2026-05-19 14:03:01,706 - INFO - Iniciando análise semântica.
2026-05-19 14:03:01,706 - INFO - Análise semântica concluída sem erros.
2026-05-19 14:03:01,706 - INFO - Análise semântica concluída.
2026-05-19 14:03:52,287 - INFO - Iniciando compilação do arquivo teste_erros_semanticos.cmm.
2026-05-19 14:03:52,289 - INFO - Token: <TIPO_INT, 'i', 1, 0>
2026-05-19 14:03:52,289 - INFO - Token: <ID, 'x', 1, 2>
2026-05-19 14:03:52,289 - INFO - Token: <ATRIBUICAO, '=', 1, 4>
2026-05-19 14:03:52,289 - INFO - Token: <NUMERO, '10', 1, 6>
2026-05-19 14:03:52,289 - INFO - Token: <PONTO_VIRGULA, ';', 1, 8>
2026-05-19 14:03:52,289 - INFO - Token: <TIPO_STR, 's', 2, 0>
2026-05-19 14:03:52,289 - INFO - Token: <ID, 'nome', 2, 2>
2026-05-19 14:03:52,289 - INFO - Token: <ATRIBUICAO, '=', 2, 7>
2026-05-19 14:03:52,289 - INFO - Token: <STRING, '"ana"', 2, 9>
2026-05-19 14:03:52,290 - INFO - Token: <PONTO_VIRGULA, ';', 2, 14>
2026-05-19 14:03:52,290 - INFO - Token: <PT, 'pt', 4, 0>
2026-05-19 14:03:52,290 - INFO - Token: <ABRE_PARENTESES, '(', 4, 2>
2026-05-19 14:03:52,290 - INFO - Token: <ID, 'y', 4, 3>
2026-05-19 14:03:52,290 - INFO - Token: <FECHA_PARENTESES, ')', 4, 4>
2026-05-19 14:03:52,290 - INFO - Token: <PONTO_VIRGULA, ';', 4, 5>
2026-05-19 14:03:52,290 - INFO - Token: <ID, 'x', 6, 0>
2026-05-19 14:03:52,290 - INFO - Token: <ATRIBUICAO, '=', 6, 2>
2026-05-19 14:03:52,290 - INFO - Token: <ID, 'nome', 6, 4>
2026-05-19 14:03:52,290 - INFO - Token: <PONTO_VIRGULA, ';', 6, 8>
2026-05-19 14:03:52,290 - INFO - Token: <ID, 'nome', 8, 0>
2026-05-19 14:03:52,290 - INFO - Token: <ATRIBUICAO, '=', 8, 5>
2026-05-19 14:03:52,290 - INFO - Token: <ID, 'x', 8, 7>
2026-05-19 14:03:52,290 - INFO - Token: <SOMA, '+', 8, 9>
2026-05-19 14:03:52,290 - INFO - Token: <NUMERO, '1', 8, 11>
2026-05-19 14:03:52,290 - INFO - Token: <PONTO_VIRGULA, ';', 8, 12>
2026-05-19 14:03:52,290 - INFO - Token: <ID, 'x', 10, 0>
2026-05-19 14:03:52,290 - INFO - Token: <ATRIBUICAO, '=', 10, 2>
2026-05-19 14:03:52,290 - INFO - Token: <NUMERO, '10', 10, 4>
2026-05-19 14:03:52,290 - INFO - Token: <DIVISAO, '/', 10, 7>
2026-05-19 14:03:52,290 - INFO - Token: <NUMERO, '0', 10, 9>
2026-05-19 14:03:52,290 - INFO - Token: <PONTO_VIRGULA, ';', 10, 10>
2026-05-19 14:03:52,290 - INFO - Token: <TIPO_INT, 'i', 12, 0>
2026-05-19 14:03:52,290 - INFO - Token: <ID, 'x', 12, 2>
2026-05-19 14:03:52,290 - INFO - Token: <ATRIBUICAO, '=', 12, 4>
2026-05-19 14:03:52,290 - INFO - Token: <NUMERO, '20', 12, 6>
2026-05-19 14:03:52,290 - INFO - Token: <PONTO_VIRGULA, ';', 12, 8>
2026-05-19 14:03:52,290 - INFO - Token: <PT, 'pt', 14, 0>
2026-05-19 14:03:52,290 - INFO - Token: <ABRE_PARENTESES, '(', 14, 2>
2026-05-19 14:03:52,290 - INFO - Token: <ID, 'nome', 14, 3>
2026-05-19 14:03:52,290 - INFO - Token: <SOMA, '+', 14, 8>
2026-05-19 14:03:52,290 - INFO - Token: <NUMERO, '2', 14, 10>
2026-05-19 14:03:52,290 - INFO - Token: <FECHA_PARENTESES, ')', 14, 11>
2026-05-19 14:03:52,290 - INFO - Token: <PONTO_VIRGULA, ';', 14, 12>
2026-05-19 14:03:52,290 - INFO - Token: <IF, 'if', 16, 0>
2026-05-19 14:03:52,290 - INFO - Token: <ID, 'x', 16, 3>
2026-05-19 14:03:52,290 - INFO - Token: <IGUAL, '==', 16, 5>
2026-05-19 14:03:52,290 - INFO - Token: <ID, 'nome', 16, 8>
2026-05-19 14:03:52,290 - INFO - Token: <ABRE_CHAVES, '{', 16, 13>
2026-05-19 14:03:52,290 - INFO - Token: <PT, 'pt', 17, 4>
2026-05-19 14:03:52,290 - INFO - Token: <ABRE_PARENTESES, '(', 17, 6>
2026-05-19 14:03:52,291 - INFO - Token: <ID, 'x', 17, 7>
2026-05-19 14:03:52,291 - INFO - Token: <FECHA_PARENTESES, ')', 17, 8>
2026-05-19 14:03:52,291 - INFO - Token: <PONTO_VIRGULA, ';', 17, 9>
2026-05-19 14:03:52,291 - INFO - Token: <FECHA_CHAVES, '}', 18, 0>
2026-05-19 14:03:52,291 - INFO - Token: <IF, 'if', 20, 0>
2026-05-19 14:03:52,291 - INFO - Token: <ID, 'nome', 20, 3>
2026-05-19 14:03:52,291 - INFO - Token: <MENOR, '<', 20, 8>
2026-05-19 14:03:52,291 - INFO - Token: <ID, 'x', 20, 10>
2026-05-19 14:03:52,291 - INFO - Token: <ABRE_CHAVES, '{', 20, 12>
2026-05-19 14:03:52,291 - INFO - Token: <PT, 'pt', 21, 4>
2026-05-19 14:03:52,291 - INFO - Token: <ABRE_PARENTESES, '(', 21, 6>
2026-05-19 14:03:52,291 - INFO - Token: <ID, 'nome', 21, 7>
2026-05-19 14:03:52,291 - INFO - Token: <FECHA_PARENTESES, ')', 21, 11>
2026-05-19 14:03:52,291 - INFO - Token: <PONTO_VIRGULA, ';', 21, 12>
2026-05-19 14:03:52,291 - INFO - Token: <FECHA_CHAVES, '}', 22, 0>
2026-05-19 14:03:52,291 - INFO - Iniciando análise sintática.
2026-05-19 14:03:52,294 - INFO - Análise sintática concluída.
2026-05-19 14:03:52,294 - INFO - Iniciando análise semântica.
2026-05-19 14:03:52,294 - ERROR - Análise semântica encontrou 8 erro(s).
2026-05-19 14:03:52,294 - ERROR - SEM-001 [Linha 4, Coluna 3] Lexema: 'y' | Contexto: uso de variável | Mensagem: Variável 'y' usada antes de ser declarada. | Sugestão: Declare 'y' antes de usar esse identificador em uma expressão.
2026-05-19 14:03:52,294 - ERROR - SEM-003 [Linha 6, Coluna 0] Lexema: 'x' | Contexto: atribuição | Mensagem: Variável 'x' é do tipo inteiro, mas recebeu expressão do tipo texto. | Sugestão: Atribua um valor compatível com o tipo declarado da variável.
2026-05-19 14:03:52,294 - ERROR - SEM-003 [Linha 8, Coluna 0] Lexema: 'nome' | Contexto: atribuição | Mensagem: Variável 'nome' é do tipo texto, mas recebeu expressão do tipo inteiro. | Sugestão: Atribua um valor compatível com o tipo declarado da variável.
2026-05-19 14:03:52,294 - ERROR - SEM-007 [Linha 10, Coluna 9] Lexema: '0' | Contexto: termo aritmético | Mensagem: Divisão por zero não é permitida. | Sugestão: Use um divisor diferente de zero.
2026-05-19 14:03:52,294 - ERROR - SEM-002 [Linha 12, Coluna 2] Lexema: 'x' | Contexto: declaração de variável | Mensagem: Variável 'x' já foi declarada neste escopo. | Sugestão: Use outro nome ou remova a declaração duplicada. A declaração anterior está na linha 1, coluna 2.
2026-05-19 14:03:52,294 - ERROR - SEM-005 [Linha 14, Coluna 3] Lexema: 'nome' | Contexto: expressão aritmética | Mensagem: Operadores '+' e '-' só podem ser usados com inteiros. | Sugestão: Remova strings da expressão ou use apenas variáveis inteiras.
2026-05-19 14:03:52,294 - ERROR - SEM-006 [Linha 16, Coluna 3] Lexema: 'x' | Contexto: comparação | Mensagem: Comparação '==' recebeu valores de tipos diferentes: inteiro e texto. | Sugestão: Compare valores do mesmo tipo.
2026-05-19 14:03:52,295 - ERROR - SEM-006 [Linha 20, Coluna 3] Lexema: 'nome' | Contexto: comparação | Mensagem: Comparação '<' só pode ser usada com inteiros. | Sugestão: Use '<' e '>' apenas entre números ou variáveis inteiras.
2026-05-19 14:03:52,295 - INFO - Análise semântica concluída.
2026-05-19 14:34:04,934 - INFO - Iniciando compilação do arquivo teste_erros_semanticos.cmm.
2026-05-19 14:34:04,939 - INFO - Token: <TIPO_INT, 'i', 1, 0>
2026-05-19 14:34:04,939 - INFO - Token: <ID, 'x', 1, 2>
2026-05-19 14:34:04,939 - INFO - Token: <ATRIBUICAO, '=', 1, 4>
2026-05-19 14:34:04,939 - INFO - Token: <NUMERO, '10', 1, 6>
2026-05-19 14:34:04,939 - INFO - Token: <PONTO_VIRGULA, ';', 1, 8>
2026-05-19 14:34:04,940 - INFO - Token: <TIPO_STR, 's', 2, 0>
2026-05-19 14:34:04,940 - INFO - Token: <ID, 'nome', 2, 2>
2026-05-19 14:34:04,940 - INFO - Token: <ATRIBUICAO, '=', 2, 7>
2026-05-19 14:34:04,940 - INFO - Token: <STRING, '"ana"', 2, 9>
2026-05-19 14:34:04,940 - INFO - Token: <PONTO_VIRGULA, ';', 2, 14>
2026-05-19 14:34:04,940 - INFO - Token: <PT, 'pt', 4, 0>
2026-05-19 14:34:04,940 - INFO - Token: <ABRE_PARENTESES, '(', 4, 2>
2026-05-19 14:34:04,940 - INFO - Token: <ID, 'y', 4, 3>
2026-05-19 14:34:04,940 - INFO - Token: <FECHA_PARENTESES, ')', 4, 4>
2026-05-19 14:34:04,940 - INFO - Token: <PONTO_VIRGULA, ';', 4, 5>
2026-05-19 14:34:04,940 - INFO - Token: <ID, 'x', 6, 0>
2026-05-19 14:34:04,940 - INFO - Token: <ATRIBUICAO, '=', 6, 2>
2026-05-19 14:34:04,940 - INFO - Token: <ID, 'nome', 6, 4>
2026-05-19 14:34:04,940 - INFO - Token: <PONTO_VIRGULA, ';', 6, 8>
2026-05-19 14:34:04,941 - INFO - Token: <ID, 'nome', 8, 0>
2026-05-19 14:34:04,941 - INFO - Token: <ATRIBUICAO, '=', 8, 5>
2026-05-19 14:34:04,941 - INFO - Token: <ID, 'x', 8, 7>
2026-05-19 14:34:04,941 - INFO - Token: <SOMA, '+', 8, 9>
2026-05-19 14:34:04,941 - INFO - Token: <NUMERO, '1', 8, 11>
2026-05-19 14:34:04,941 - INFO - Token: <PONTO_VIRGULA, ';', 8, 12>
2026-05-19 14:34:04,941 - INFO - Token: <ID, 'x', 10, 0>
2026-05-19 14:34:04,941 - INFO - Token: <ATRIBUICAO, '=', 10, 2>
2026-05-19 14:34:04,941 - INFO - Token: <NUMERO, '10', 10, 4>
2026-05-19 14:34:04,941 - INFO - Token: <DIVISAO, '/', 10, 7>
2026-05-19 14:34:04,941 - INFO - Token: <NUMERO, '0', 10, 9>
2026-05-19 14:34:04,941 - INFO - Token: <PONTO_VIRGULA, ';', 10, 10>
2026-05-19 14:34:04,941 - INFO - Token: <TIPO_INT, 'i', 12, 0>
2026-05-19 14:34:04,941 - INFO - Token: <ID, 'x', 12, 2>
2026-05-19 14:34:04,941 - INFO - Token: <ATRIBUICAO, '=', 12, 4>
2026-05-19 14:34:04,941 - INFO - Token: <NUMERO, '20', 12, 6>
2026-05-19 14:34:04,941 - INFO - Token: <PONTO_VIRGULA, ';', 12, 8>
2026-05-19 14:34:04,942 - INFO - Token: <PT, 'pt', 14, 0>
2026-05-19 14:34:04,942 - INFO - Token: <ABRE_PARENTESES, '(', 14, 2>
2026-05-19 14:34:04,942 - INFO - Token: <ID, 'nome', 14, 3>
2026-05-19 14:34:04,942 - INFO - Token: <SOMA, '+', 14, 8>
2026-05-19 14:34:04,942 - INFO - Token: <NUMERO, '2', 14, 10>
2026-05-19 14:34:04,942 - INFO - Token: <FECHA_PARENTESES, ')', 14, 11>
2026-05-19 14:34:04,942 - INFO - Token: <PONTO_VIRGULA, ';', 14, 12>
2026-05-19 14:34:04,942 - INFO - Token: <IF, 'if', 16, 0>
2026-05-19 14:34:04,942 - INFO - Token: <ID, 'x', 16, 3>
2026-05-19 14:34:04,942 - INFO - Token: <IGUAL, '==', 16, 5>
2026-05-19 14:34:04,942 - INFO - Token: <ID, 'nome', 16, 8>
2026-05-19 14:34:04,942 - INFO - Token: <ABRE_CHAVES, '{', 16, 13>
2026-05-19 14:34:04,942 - INFO - Token: <PT, 'pt', 17, 4>
2026-05-19 14:34:04,942 - INFO - Token: <ABRE_PARENTESES, '(', 17, 6>
2026-05-19 14:34:04,942 - INFO - Token: <ID, 'x', 17, 7>
2026-05-19 14:34:04,942 - INFO - Token: <FECHA_PARENTESES, ')', 17, 8>
2026-05-19 14:34:04,942 - INFO - Token: <PONTO_VIRGULA, ';', 17, 9>
2026-05-19 14:34:04,943 - INFO - Token: <FECHA_CHAVES, '}', 18, 0>
2026-05-19 14:34:04,943 - INFO - Token: <IF, 'if', 20, 0>
2026-05-19 14:34:04,943 - INFO - Token: <ID, 'nome', 20, 3>
2026-05-19 14:34:04,943 - INFO - Token: <MENOR, '<', 20, 8>
2026-05-19 14:34:04,943 - INFO - Token: <ID, 'x', 20, 10>
2026-05-19 14:34:04,943 - INFO - Token: <ABRE_CHAVES, '{', 20, 12>
2026-05-19 14:34:04,943 - INFO - Token: <PT, 'pt', 21, 4>
2026-05-19 14:34:04,943 - INFO - Token: <ABRE_PARENTESES, '(', 21, 6>
2026-05-19 14:34:04,943 - INFO - Token: <ID, 'nome', 21, 7>
2026-05-19 14:34:04,943 - INFO - Token: <FECHA_PARENTESES, ')', 21, 11>
2026-05-19 14:34:04,943 - INFO - Token: <PONTO_VIRGULA, ';', 21, 12>
2026-05-19 14:34:04,943 - INFO - Token: <FECHA_CHAVES, '}', 22, 0>
2026-05-19 14:34:04,943 - INFO - Iniciando análise sintática.
2026-05-19 14:34:04,950 - INFO - Análise sintática concluída.
2026-05-19 14:34:04,950 - INFO - Iniciando análise semântica.
2026-05-19 14:34:04,951 - ERROR - Análise semântica encontrou 8 erro(s).
2026-05-19 14:34:04,951 - ERROR - SEM-001 [Linha 4, Coluna 3] Lexema: 'y' | Contexto: uso de variável | Mensagem: Variável 'y' usada antes de ser declarada. | Sugestão: Declare 'y' antes de usar esse identificador em uma expressão.
2026-05-19 14:34:04,951 - ERROR - SEM-003 [Linha 6, Coluna 0] Lexema: 'x' | Contexto: atribuição | Mensagem: Variável 'x' é do tipo inteiro, mas recebeu expressão do tipo texto. | Sugestão: Atribua um valor compatível com o tipo declarado da variável.
2026-05-19 14:34:04,951 - ERROR - SEM-003 [Linha 8, Coluna 0] Lexema: 'nome' | Contexto: atribuição | Mensagem: Variável 'nome' é do tipo texto, mas recebeu expressão do tipo inteiro. | Sugestão: Atribua um valor compatível com o tipo declarado da variável.
2026-05-19 14:34:04,951 - ERROR - SEM-007 [Linha 10, Coluna 9] Lexema: '0' | Contexto: termo aritmético | Mensagem: Divisão por zero não é permitida. | Sugestão: Use um divisor diferente de zero.
2026-05-19 14:34:04,951 - ERROR - SEM-002 [Linha 12, Coluna 2] Lexema: 'x' | Contexto: declaração de variável | Mensagem: Variável 'x' já foi declarada neste escopo. | Sugestão: Use outro nome ou remova a declaração duplicada. A declaração anterior está na linha 1, coluna 2.
2026-05-19 14:34:04,952 - ERROR - SEM-005 [Linha 14, Coluna 3] Lexema: 'nome' | Contexto: expressão aritmética | Mensagem: Operadores '+' e '-' só podem ser usados com inteiros. | Sugestão: Remova strings da expressão ou use apenas variáveis inteiras.
2026-05-19 14:34:04,952 - ERROR - SEM-006 [Linha 16, Coluna 3] Lexema: 'x' | Contexto: comparação | Mensagem: Comparação '==' recebeu valores de tipos diferentes: inteiro e texto. | Sugestão: Compare valores do mesmo tipo.
2026-05-19 14:34:04,952 - ERROR - SEM-006 [Linha 20, Coluna 3] Lexema: 'nome' | Contexto: comparação | Mensagem: Comparação '<' só pode ser usada com inteiros. | Sugestão: Use '<' e '>' apenas entre números ou variáveis inteiras.
2026-05-19 14:34:04,952 - INFO - Análise semântica concluída.
2026-05-19 14:37:54,940 - INFO - Iniciando compilação do arquivo teste_erros_semanticos.cmm.
2026-05-19 14:37:54,947 - INFO - Token: <TIPO_INT, 'i', 1, 0>
2026-05-19 14:37:54,947 - INFO - Token: <ID, 'x', 1, 2>
2026-05-19 14:37:54,947 - INFO - Token: <ATRIBUICAO, '=', 1, 4>
2026-05-19 14:37:54,948 - INFO - Token: <NUMERO, '10', 1, 6>
2026-05-19 14:37:54,948 - INFO - Token: <PONTO_VIRGULA, ';', 1, 8>
2026-05-19 14:37:54,948 - INFO - Token: <TIPO_STR, 's', 2, 0>
2026-05-19 14:37:54,948 - INFO - Token: <ID, 'nome', 2, 2>
2026-05-19 14:37:54,948 - INFO - Token: <ATRIBUICAO, '=', 2, 7>
2026-05-19 14:37:54,948 - INFO - Token: <STRING, '"ana"', 2, 9>
2026-05-19 14:37:54,948 - INFO - Token: <PONTO_VIRGULA, ';', 2, 14>
2026-05-19 14:37:54,948 - INFO - Token: <PT, 'pt', 4, 0>
2026-05-19 14:37:54,948 - INFO - Token: <ABRE_PARENTESES, '(', 4, 2>
2026-05-19 14:37:54,948 - INFO - Token: <ID, 'y', 4, 3>
2026-05-19 14:37:54,948 - INFO - Token: <FECHA_PARENTESES, ')', 4, 4>
2026-05-19 14:37:54,949 - INFO - Token: <PONTO_VIRGULA, ';', 4, 5>
2026-05-19 14:37:54,949 - INFO - Token: <ID, 'x', 6, 0>
2026-05-19 14:37:54,949 - INFO - Token: <ATRIBUICAO, '=', 6, 2>
2026-05-19 14:37:54,949 - INFO - Token: <ID, 'nome', 6, 4>
2026-05-19 14:37:54,949 - INFO - Token: <PONTO_VIRGULA, ';', 6, 8>
2026-05-19 14:37:54,949 - INFO - Token: <ID, 'nome', 8, 0>
2026-05-19 14:37:54,949 - INFO - Token: <ATRIBUICAO, '=', 8, 5>
2026-05-19 14:37:54,949 - INFO - Token: <ID, 'x', 8, 7>
2026-05-19 14:37:54,949 - INFO - Token: <SOMA, '+', 8, 9>
2026-05-19 14:37:54,949 - INFO - Token: <NUMERO, '1', 8, 11>
2026-05-19 14:37:54,949 - INFO - Token: <PONTO_VIRGULA, ';', 8, 12>
2026-05-19 14:37:54,949 - INFO - Token: <ID, 'x', 10, 0>
2026-05-19 14:37:54,950 - INFO - Token: <ATRIBUICAO, '=', 10, 2>
2026-05-19 14:37:54,950 - INFO - Token: <NUMERO, '10', 10, 4>
2026-05-19 14:37:54,950 - INFO - Token: <DIVISAO, '/', 10, 7>
2026-05-19 14:37:54,950 - INFO - Token: <NUMERO, '0', 10, 9>
2026-05-19 14:37:54,950 - INFO - Token: <PONTO_VIRGULA, ';', 10, 10>
2026-05-19 14:37:54,950 - INFO - Token: <TIPO_INT, 'i', 12, 0>
2026-05-19 14:37:54,950 - INFO - Token: <ID, 'x', 12, 2>
2026-05-19 14:37:54,950 - INFO - Token: <ATRIBUICAO, '=', 12, 4>
2026-05-19 14:37:54,951 - INFO - Token: <NUMERO, '20', 12, 6>
2026-05-19 14:37:54,951 - INFO - Token: <PONTO_VIRGULA, ';', 12, 8>
2026-05-19 14:37:54,951 - INFO - Token: <PT, 'pt', 14, 0>
2026-05-19 14:37:54,951 - INFO - Token: <ABRE_PARENTESES, '(', 14, 2>
2026-05-19 14:37:54,951 - INFO - Token: <ID, 'nome', 14, 3>
2026-05-19 14:37:54,951 - INFO - Token: <SOMA, '+', 14, 8>
2026-05-19 14:37:54,951 - INFO - Token: <NUMERO, '2', 14, 10>
2026-05-19 14:37:54,951 - INFO - Token: <FECHA_PARENTESES, ')', 14, 11>
2026-05-19 14:37:54,951 - INFO - Token: <PONTO_VIRGULA, ';', 14, 12>
2026-05-19 14:37:54,951 - INFO - Token: <IF, 'if', 16, 0>
2026-05-19 14:37:54,951 - INFO - Token: <ID, 'x', 16, 3>
2026-05-19 14:37:54,951 - INFO - Token: <IGUAL, '==', 16, 5>
2026-05-19 14:37:54,952 - INFO - Token: <ID, 'nome', 16, 8>
2026-05-19 14:37:54,952 - INFO - Token: <ABRE_CHAVES, '{', 16, 13>
2026-05-19 14:37:54,952 - INFO - Token: <PT, 'pt', 17, 4>
2026-05-19 14:37:54,952 - INFO - Token: <ABRE_PARENTESES, '(', 17, 6>
2026-05-19 14:37:54,952 - INFO - Token: <ID, 'x', 17, 7>
2026-05-19 14:37:54,952 - INFO - Token: <FECHA_PARENTESES, ')', 17, 8>
2026-05-19 14:37:54,952 - INFO - Token: <PONTO_VIRGULA, ';', 17, 9>
2026-05-19 14:37:54,952 - INFO - Token: <FECHA_CHAVES, '}', 18, 0>
2026-05-19 14:37:54,952 - INFO - Token: <IF, 'if', 20, 0>
2026-05-19 14:37:54,952 - INFO - Token: <ID, 'nome', 20, 3>
2026-05-19 14:37:54,952 - INFO - Token: <MENOR, '<', 20, 8>
2026-05-19 14:37:54,952 - INFO - Token: <ID, 'x', 20, 10>
2026-05-19 14:37:54,952 - INFO - Token: <ABRE_CHAVES, '{', 20, 12>
2026-05-19 14:37:54,953 - INFO - Token: <PT, 'pt', 21, 4>
2026-05-19 14:37:54,953 - INFO - Token: <ABRE_PARENTESES, '(', 21, 6>
2026-05-19 14:37:54,953 - INFO - Token: <ID, 'nome', 21, 7>
2026-05-19 14:37:54,953 - INFO - Token: <FECHA_PARENTESES, ')', 21, 11>
2026-05-19 14:37:54,953 - INFO - Token: <PONTO_VIRGULA, ';', 21, 12>
2026-05-19 14:37:54,953 - INFO - Token: <FECHA_CHAVES, '}', 22, 0>
2026-05-19 14:37:54,953 - INFO - Iniciando análise sintática.
2026-05-19 14:37:54,962 - INFO - Análise sintática concluída.
2026-05-19 14:37:54,962 - INFO - Iniciando análise semântica.
2026-05-19 14:37:54,963 - ERROR - Análise semântica encontrou 8 erro(s).
2026-05-19 14:37:54,964 - ERROR - SEM-001 [Linha 4, Coluna 3] Lexema: 'y' | Contexto: uso de variável | Mensagem: Variável 'y' usada antes de ser declarada. | Sugestão: Declare 'y' antes de usar esse identificador em uma expressão.
2026-05-19 14:37:54,964 - ERROR - SEM-003 [Linha 6, Coluna 0] Lexema: 'x' | Contexto: atribuição | Mensagem: Variável 'x' é do tipo inteiro, mas recebeu expressão do tipo texto. | Sugestão: Atribua um valor compatível com o tipo declarado da variável.
2026-05-19 14:37:54,964 - ERROR - SEM-003 [Linha 8, Coluna 0] Lexema: 'nome' | Contexto: atribuição | Mensagem: Variável 'nome' é do tipo texto, mas recebeu expressão do tipo inteiro. | Sugestão: Atribua um valor compatível com o tipo declarado da variável.
2026-05-19 14:37:54,964 - ERROR - SEM-007 [Linha 10, Coluna 9] Lexema: '0' | Contexto: termo aritmético | Mensagem: Divisão por zero não é permitida. | Sugestão: Use um divisor diferente de zero.
2026-05-19 14:37:54,964 - ERROR - SEM-002 [Linha 12, Coluna 2] Lexema: 'x' | Contexto: declaração de variável | Mensagem: Variável 'x' já foi declarada neste escopo. | Sugestão: Use outro nome ou remova a declaração duplicada. A declaração anterior está na linha 1, coluna 2.
2026-05-19 14:37:54,964 - ERROR - SEM-005 [Linha 14, Coluna 3] Lexema: 'nome' | Contexto: expressão aritmética | Mensagem: Operadores '+' e '-' só podem ser usados com inteiros. | Sugestão: Remova strings da expressão ou use apenas variáveis inteiras.
2026-05-19 14:37:54,964 - ERROR - SEM-006 [Linha 16, Coluna 3] Lexema: 'x' | Contexto: comparação | Mensagem: Comparação '==' recebeu valores de tipos diferentes: inteiro e texto. | Sugestão: Compare valores do mesmo tipo.
2026-05-19 14:37:54,964 - ERROR - SEM-006 [Linha 20, Coluna 3] Lexema: 'nome' | Contexto: comparação | Mensagem: Comparação '<' só pode ser usada com inteiros. | Sugestão: Use '<' e '>' apenas entre números ou variáveis inteiras.
2026-05-19 14:37:54,964 - INFO - Análise semântica concluída.
2026-06-23 09:35:48,073 - INFO - Iniciando compilação do arquivo entrada.cmm.
2026-06-23 09:35:48,088 - INFO - Token: <TIPO_INT, 'i', 1, 0>
2026-06-23 09:35:48,088 - INFO - Token: <ID, 'x', 1, 2>
2026-06-23 09:35:48,088 - INFO - Token: <ATRIBUICAO, '=', 1, 4>
2026-06-23 09:35:48,088 - INFO - Token: <NUMERO, '1', 1, 6>
2026-06-23 09:35:48,088 - INFO - Token: <SOMA, '+', 1, 8>
2026-06-23 09:35:48,088 - INFO - Token: <NUMERO, '2', 1, 10>
2026-06-23 09:35:48,088 - INFO - Token: <SOMA, '+', 1, 12>
2026-06-23 09:35:48,088 - INFO - Token: <NUMERO, '3', 1, 14>
2026-06-23 09:35:48,088 - INFO - Token: <PONTO_VIRGULA, ';', 1, 15>
2026-06-23 09:35:48,088 - INFO - Token: <TIPO_INT, 'i', 2, 0>
2026-06-23 09:35:48,089 - INFO - Token: <ID, 'y', 2, 2>
2026-06-23 09:35:48,089 - INFO - Token: <ATRIBUICAO, '=', 2, 4>
2026-06-23 09:35:48,089 - INFO - Token: <NUMERO, '2', 2, 6>
2026-06-23 09:35:48,089 - INFO - Token: <MULTIPLICACAO, '*', 2, 8>
2026-06-23 09:35:48,089 - INFO - Token: <NUMERO, '3', 2, 10>
2026-06-23 09:35:48,089 - INFO - Token: <PONTO_VIRGULA, ';', 2, 11>
2026-06-23 09:35:48,089 - INFO - Token: <TIPO_INT, 'i', 3, 0>
2026-06-23 09:35:48,089 - INFO - Token: <ID, 'z', 3, 2>
2026-06-23 09:35:48,089 - INFO - Token: <ATRIBUICAO, '=', 3, 4>
2026-06-23 09:35:48,089 - INFO - Token: <NUMERO, '10', 3, 6>
2026-06-23 09:35:48,089 - INFO - Token: <DIVISAO, '/', 3, 9>
2026-06-23 09:35:48,089 - INFO - Token: <NUMERO, '2', 3, 11>
2026-06-23 09:35:48,089 - INFO - Token: <PONTO_VIRGULA, ';', 3, 12>
2026-06-23 09:35:48,089 - INFO - Token: <PT, 'pt', 5, 0>
2026-06-23 09:35:48,089 - INFO - Token: <ABRE_PARENTESES, '(', 5, 2>
2026-06-23 09:35:48,089 - INFO - Token: <ID, 'x', 5, 3>
2026-06-23 09:35:48,090 - INFO - Token: <FECHA_PARENTESES, ')', 5, 4>
2026-06-23 09:35:48,090 - INFO - Token: <PONTO_VIRGULA, ';', 5, 5>
2026-06-23 09:35:48,090 - INFO - Token: <PT, 'pt', 6, 0>
2026-06-23 09:35:48,090 - INFO - Token: <ABRE_PARENTESES, '(', 6, 2>
2026-06-23 09:35:48,090 - INFO - Token: <ID, 'y', 6, 3>
2026-06-23 09:35:48,090 - INFO - Token: <FECHA_PARENTESES, ')', 6, 4>
2026-06-23 09:35:48,090 - INFO - Token: <PONTO_VIRGULA, ';', 6, 5>
2026-06-23 09:35:48,090 - INFO - Token: <PT, 'pt', 7, 0>
2026-06-23 09:35:48,090 - INFO - Token: <ABRE_PARENTESES, '(', 7, 2>
2026-06-23 09:35:48,090 - INFO - Token: <ID, 'z', 7, 3>
2026-06-23 09:35:48,090 - INFO - Token: <FECHA_PARENTESES, ')', 7, 4>
2026-06-23 09:35:48,090 - INFO - Token: <PONTO_VIRGULA, ';', 7, 5>
2026-06-23 09:35:48,090 - INFO - Token: <TIPO_STR, 's', 8, 0>
2026-06-23 09:35:48,090 - INFO - Token: <ID, 'nome', 8, 2>
2026-06-23 09:35:48,090 - INFO - Token: <ATRIBUICAO, '=', 8, 7>
2026-06-23 09:35:48,090 - INFO - Token: <STRING, '"matheus"', 8, 9>
2026-06-23 09:35:48,090 - INFO - Token: <PONTO_VIRGULA, ';', 8, 18>
2026-06-23 09:35:48,091 - INFO - Token: <PT, 'pt', 9, 0>
2026-06-23 09:35:48,091 - INFO - Token: <ABRE_PARENTESES, '(', 9, 2>
2026-06-23 09:35:48,091 - INFO - Token: <ID, 'nome', 9, 3>
2026-06-23 09:35:48,091 - INFO - Token: <FECHA_PARENTESES, ')', 9, 7>
2026-06-23 09:35:48,091 - INFO - Token: <PONTO_VIRGULA, ';', 9, 8>
2026-06-23 09:35:48,091 - INFO - Token: <TIPO_INT, 'i', 11, 0>
2026-06-23 09:35:48,091 - INFO - Token: <ID, 'n', 11, 2>
2026-06-23 09:35:48,091 - INFO - Token: <ATRIBUICAO, '=', 11, 4>
2026-06-23 09:35:48,091 - INFO - Token: <NUMERO, '5', 11, 6>
2026-06-23 09:35:48,091 - INFO - Token: <PONTO_VIRGULA, ';', 11, 7>
2026-06-23 09:35:48,091 - INFO - Token: <TIPO_INT, 'i', 12, 0>
2026-06-23 09:35:48,091 - INFO - Token: <ID, 'r', 12, 2>
2026-06-23 09:35:48,091 - INFO - Token: <ATRIBUICAO, '=', 12, 4>
2026-06-23 09:35:48,091 - INFO - Token: <NUMERO, '0', 12, 6>
2026-06-23 09:35:48,091 - INFO - Token: <PONTO_VIRGULA, ';', 12, 7>
2026-06-23 09:35:48,091 - INFO - Token: <TIPO_INT, 'i', 13, 0>
2026-06-23 09:35:48,091 - INFO - Token: <ID, 'c', 13, 2>
2026-06-23 09:35:48,091 - INFO - Token: <ATRIBUICAO, '=', 13, 4>
2026-06-23 09:35:48,092 - INFO - Token: <NUMERO, '1', 13, 6>
2026-06-23 09:35:48,092 - INFO - Token: <PONTO_VIRGULA, ';', 13, 7>
2026-06-23 09:35:48,092 - INFO - Token: <TIPO_INT, 'i', 14, 0>
2026-06-23 09:35:48,092 - INFO - Token: <ID, 'k', 14, 2>
2026-06-23 09:35:48,092 - INFO - Token: <ATRIBUICAO, '=', 14, 4>
2026-06-23 09:35:48,092 - INFO - Token: <NUMERO, '0', 14, 6>
2026-06-23 09:35:48,092 - INFO - Token: <PONTO_VIRGULA, ';', 14, 7>
2026-06-23 09:35:48,092 - INFO - Token: <TIPO_INT, 'i', 15, 0>
2026-06-23 09:35:48,092 - INFO - Token: <ID, 'l', 15, 2>
2026-06-23 09:35:48,092 - INFO - Token: <ATRIBUICAO, '=', 15, 4>
2026-06-23 09:35:48,092 - INFO - Token: <NUMERO, '0', 15, 6>
2026-06-23 09:35:48,092 - INFO - Token: <PONTO_VIRGULA, ';', 15, 7>
2026-06-23 09:35:48,092 - INFO - Token: <TIPO_INT, 'i', 16, 0>
2026-06-23 09:35:48,092 - INFO - Token: <ID, 'd', 16, 2>
2026-06-23 09:35:48,092 - INFO - Token: <ATRIBUICAO, '=', 16, 4>
2026-06-23 09:35:48,092 - INFO - Token: <NUMERO, '0', 16, 6>
2026-06-23 09:35:48,092 - INFO - Token: <PONTO_VIRGULA, ';', 16, 7>
2026-06-23 09:35:48,093 - INFO - Token: <TIPO_INT, 'i', 17, 0>
2026-06-23 09:35:48,093 - INFO - Token: <ID, 'e', 17, 2>
2026-06-23 09:35:48,093 - INFO - Token: <ATRIBUICAO, '=', 17, 4>
2026-06-23 09:35:48,093 - INFO - Token: <NUMERO, '0', 17, 6>
2026-06-23 09:35:48,093 - INFO - Token: <PONTO_VIRGULA, ';', 17, 7>
2026-06-23 09:35:48,093 - INFO - Token: <WL, 'wl', 19, 0>
2026-06-23 09:35:48,093 - INFO - Token: <ID, 'r', 19, 3>
2026-06-23 09:35:48,093 - INFO - Token: <MENOR, '<', 19, 5>
2026-06-23 09:35:48,093 - INFO - Token: <ID, 'n', 19, 7>
2026-06-23 09:35:48,093 - INFO - Token: <DO, 'do', 19, 9>
2026-06-23 09:35:48,093 - INFO - Token: <ABRE_CHAVES, '{', 19, 12>
2026-06-23 09:35:48,093 - INFO - Token: <ID, 'c', 20, 4>
2026-06-23 09:35:48,093 - INFO - Token: <ATRIBUICAO, '=', 20, 6>
2026-06-23 09:35:48,093 - INFO - Token: <NUMERO, '1', 20, 8>
2026-06-23 09:35:48,093 - INFO - Token: <PONTO_VIRGULA, ';', 20, 9>
2026-06-23 09:35:48,093 - INFO - Token: <ID, 'k', 21, 4>
2026-06-23 09:35:48,093 - INFO - Token: <ATRIBUICAO, '=', 21, 6>
2026-06-23 09:35:48,093 - INFO - Token: <NUMERO, '0', 21, 8>
2026-06-23 09:35:48,094 - INFO - Token: <PONTO_VIRGULA, ';', 21, 9>
2026-06-23 09:35:48,094 - INFO - Token: <ID, 'l', 22, 4>
2026-06-23 09:35:48,094 - INFO - Token: <ATRIBUICAO, '=', 22, 6>
2026-06-23 09:35:48,094 - INFO - Token: <ID, 'r', 22, 8>
2026-06-23 09:35:48,094 - INFO - Token: <SOMA, '+', 22, 10>
2026-06-23 09:35:48,094 - INFO - Token: <NUMERO, '1', 22, 12>
2026-06-23 09:35:48,094 - INFO - Token: <PONTO_VIRGULA, ';', 22, 13>
2026-06-23 09:35:48,094 - INFO - Token: <WL, 'wl', 23, 4>
2026-06-23 09:35:48,094 - INFO - Token: <ID, 'k', 23, 7>
2026-06-23 09:35:48,094 - INFO - Token: <MENOR, '<', 23, 9>
2026-06-23 09:35:48,094 - INFO - Token: <ID, 'l', 23, 11>
2026-06-23 09:35:48,094 - INFO - Token: <DO, 'do', 23, 13>
2026-06-23 09:35:48,094 - INFO - Token: <ABRE_CHAVES, '{', 23, 16>
2026-06-23 09:35:48,094 - INFO - Token: <PT, 'pt', 25, 8>
2026-06-23 09:35:48,094 - INFO - Token: <ABRE_PARENTESES, '(', 25, 10>
2026-06-23 09:35:48,094 - INFO - Token: <ID, 'c', 25, 11>
2026-06-23 09:35:48,094 - INFO - Token: <FECHA_PARENTESES, ')', 25, 12>
2026-06-23 09:35:48,094 - INFO - Token: <PONTO_VIRGULA, ';', 25, 13>
2026-06-23 09:35:48,095 - INFO - Token: <ID, 'd', 26, 8>
2026-06-23 09:35:48,095 - INFO - Token: <ATRIBUICAO, '=', 26, 10>
2026-06-23 09:35:48,095 - INFO - Token: <ID, 'r', 26, 12>
2026-06-23 09:35:48,095 - INFO - Token: <SUBTRACAO, '-', 26, 14>
2026-06-23 09:35:48,095 - INFO - Token: <ID, 'k', 26, 16>
2026-06-23 09:35:48,095 - INFO - Token: <PONTO_VIRGULA, ';', 26, 17>
2026-06-23 09:35:48,095 - INFO - Token: <ID, 'e', 27, 8>
2026-06-23 09:35:48,095 - INFO - Token: <ATRIBUICAO, '=', 27, 10>
2026-06-23 09:35:48,095 - INFO - Token: <ID, 'k', 27, 12>
2026-06-23 09:35:48,095 - INFO - Token: <SOMA, '+', 27, 14>
2026-06-23 09:35:48,095 - INFO - Token: <NUMERO, '1', 27, 16>
2026-06-23 09:35:48,095 - INFO - Token: <PONTO_VIRGULA, ';', 27, 17>
2026-06-23 09:35:48,095 - INFO - Token: <ID, 'c', 28, 8>
2026-06-23 09:35:48,095 - INFO - Token: <ATRIBUICAO, '=', 28, 10>
2026-06-23 09:35:48,095 - INFO - Token: <ID, 'c', 28, 12>
2026-06-23 09:35:48,095 - INFO - Token: <MULTIPLICACAO, '*', 28, 14>
2026-06-23 09:35:48,095 - INFO - Token: <ID, 'd', 28, 16>
2026-06-23 09:35:48,096 - INFO - Token: <DIVISAO, '/', 28, 18>
2026-06-23 09:35:48,096 - INFO - Token: <ID, 'e', 28, 20>
2026-06-23 09:35:48,096 - INFO - Token: <PONTO_VIRGULA, ';', 28, 21>
2026-06-23 09:35:48,096 - INFO - Token: <ID, 'k', 30, 8>
2026-06-23 09:35:48,096 - INFO - Token: <ATRIBUICAO, '=', 30, 10>
2026-06-23 09:35:48,096 - INFO - Token: <ID, 'k', 30, 12>
2026-06-23 09:35:48,096 - INFO - Token: <SOMA, '+', 30, 14>
2026-06-23 09:35:48,096 - INFO - Token: <NUMERO, '1', 30, 16>
2026-06-23 09:35:48,096 - INFO - Token: <PONTO_VIRGULA, ';', 30, 17>
2026-06-23 09:35:48,096 - INFO - Token: <FECHA_CHAVES, '}', 31, 4>
2026-06-23 09:35:48,096 - INFO - Token: <PT, 'pt', 33, 4>
2026-06-23 09:35:48,096 - INFO - Token: <ABRE_PARENTESES, '(', 33, 6>
2026-06-23 09:35:48,096 - INFO - Token: <STRING, '"---"', 33, 7>
2026-06-23 09:35:48,096 - INFO - Token: <FECHA_PARENTESES, ')', 33, 12>
2026-06-23 09:35:48,096 - INFO - Token: <PONTO_VIRGULA, ';', 33, 13>
2026-06-23 09:35:48,096 - INFO - Token: <ID, 'r', 34, 4>
2026-06-23 09:35:48,096 - INFO - Token: <ATRIBUICAO, '=', 34, 6>
2026-06-23 09:35:48,097 - INFO - Token: <ID, 'r', 34, 8>
2026-06-23 09:35:48,097 - INFO - Token: <SOMA, '+', 34, 10>
2026-06-23 09:35:48,097 - INFO - Token: <NUMERO, '1', 34, 12>
2026-06-23 09:35:48,097 - INFO - Token: <PONTO_VIRGULA, ';', 34, 13>
2026-06-23 09:35:48,097 - INFO - Token: <FECHA_CHAVES, '}', 35, 0>
2026-06-23 09:35:48,097 - INFO - Iniciando análise sintática.
2026-06-23 09:35:48,105 - INFO - Análise sintática concluída.
2026-06-23 09:35:48,105 - INFO - Iniciando análise semântica.
2026-06-23 09:35:48,106 - INFO - Análise semântica concluída sem erros.
2026-06-23 09:35:48,106 - INFO - Análise semântica concluída.
2026-06-23 09:35:48,106 - INFO - Iniciando geração de código Python.
2026-06-23 09:35:48,107 - INFO - Código Python gerado em saida.py.
2026-06-23 09:36:01,662 - INFO - Iniciando compilação do arquivo teste_compilador.cmm.
2026-06-23 09:36:01,669 - INFO - Token: <TIPO_INT, 'i', 5, 0>
2026-06-23 09:36:01,670 - INFO - Token: <ID, 'x', 5, 2>
2026-06-23 09:36:01,670 - INFO - Token: <ATRIBUICAO, '=', 5, 4>
2026-06-23 09:36:01,670 - INFO - Token: <NUMERO, '10', 5, 6>
2026-06-23 09:36:01,670 - INFO - Token: <PONTO_VIRGULA, ';', 5, 8>
2026-06-23 09:36:01,670 - INFO - Token: <TIPO_INT, 'i', 6, 0>
2026-06-23 09:36:01,670 - INFO - Token: <ID, 'y', 6, 2>
2026-06-23 09:36:01,670 - INFO - Token: <ATRIBUICAO, '=', 6, 4>
2026-06-23 09:36:01,670 - INFO - Token: <NUMERO, '3', 6, 6>
2026-06-23 09:36:01,670 - INFO - Token: <PONTO_VIRGULA, ';', 6, 7>
2026-06-23 09:36:01,670 - INFO - Token: <TIPO_INT, 'i', 7, 0>
2026-06-23 09:36:01,670 - INFO - Token: <ID, 'soma', 7, 2>
2026-06-23 09:36:01,670 - INFO - Token: <ATRIBUICAO, '=', 7, 7>
2026-06-23 09:36:01,670 - INFO - Token: <ID, 'x', 7, 9>
2026-06-23 09:36:01,670 - INFO - Token: <SOMA, '+', 7, 11>
2026-06-23 09:36:01,670 - INFO - Token: <ID, 'y', 7, 13>
2026-06-23 09:36:01,670 - INFO - Token: <PONTO_VIRGULA, ';', 7, 14>
2026-06-23 09:36:01,670 - INFO - Token: <TIPO_INT, 'i', 8, 0>
2026-06-23 09:36:01,670 - INFO - Token: <ID, 'produto', 8, 2>
2026-06-23 09:36:01,670 - INFO - Token: <ATRIBUICAO, '=', 8, 10>
2026-06-23 09:36:01,670 - INFO - Token: <ID, 'x', 8, 12>
2026-06-23 09:36:01,670 - INFO - Token: <MULTIPLICACAO, '*', 8, 14>
2026-06-23 09:36:01,670 - INFO - Token: <ID, 'y', 8, 16>
2026-06-23 09:36:01,670 - INFO - Token: <PONTO_VIRGULA, ';', 8, 17>
2026-06-23 09:36:01,670 - INFO - Token: <TIPO_INT, 'i', 9, 0>
2026-06-23 09:36:01,670 - INFO - Token: <ID, 'contador', 9, 2>
2026-06-23 09:36:01,671 - INFO - Token: <ATRIBUICAO, '=', 9, 11>
2026-06-23 09:36:01,671 - INFO - Token: <NUMERO, '0', 9, 13>
2026-06-23 09:36:01,671 - INFO - Token: <PONTO_VIRGULA, ';', 9, 14>
2026-06-23 09:36:01,671 - INFO - Token: <TIPO_STR, 's', 10, 0>
2026-06-23 09:36:01,671 - INFO - Token: <ID, 'nome', 10, 2>
2026-06-23 09:36:01,671 - INFO - Token: <ATRIBUICAO, '=', 10, 7>
2026-06-23 09:36:01,671 - INFO - Token: <STRING, '"cmaismenos"', 10, 9>
2026-06-23 09:36:01,671 - INFO - Token: <PONTO_VIRGULA, ';', 10, 21>
2026-06-23 09:36:01,671 - INFO - Token: <PT, 'pt', 12, 0>
2026-06-23 09:36:01,671 - INFO - Token: <ABRE_PARENTESES, '(', 12, 2>
2026-06-23 09:36:01,671 - INFO - Token: <STRING, '"=== TESTE DO COMPILADOR ==="', 12, 3>
2026-06-23 09:36:01,671 - INFO - Token: <FECHA_PARENTESES, ')', 12, 32>
2026-06-23 09:36:01,671 - INFO - Token: <PONTO_VIRGULA, ';', 12, 33>
2026-06-23 09:36:01,671 - INFO - Token: <PT, 'pt', 13, 0>
2026-06-23 09:36:01,671 - INFO - Token: <ABRE_PARENTESES, '(', 13, 2>
2026-06-23 09:36:01,671 - INFO - Token: <ID, 'nome', 13, 3>
2026-06-23 09:36:01,671 - INFO - Token: <FECHA_PARENTESES, ')', 13, 7>
2026-06-23 09:36:01,671 - INFO - Token: <PONTO_VIRGULA, ';', 13, 8>
2026-06-23 09:36:01,671 - INFO - Token: <PT, 'pt', 14, 0>
2026-06-23 09:36:01,671 - INFO - Token: <ABRE_PARENTESES, '(', 14, 2>
2026-06-23 09:36:01,671 - INFO - Token: <ID, 'soma', 14, 3>
2026-06-23 09:36:01,671 - INFO - Token: <FECHA_PARENTESES, ')', 14, 7>
2026-06-23 09:36:01,671 - INFO - Token: <PONTO_VIRGULA, ';', 14, 8>
2026-06-23 09:36:01,671 - INFO - Token: <PT, 'pt', 15, 0>
2026-06-23 09:36:01,671 - INFO - Token: <ABRE_PARENTESES, '(', 15, 2>
2026-06-23 09:36:01,671 - INFO - Token: <ID, 'produto', 15, 3>
2026-06-23 09:36:01,672 - INFO - Token: <FECHA_PARENTESES, ')', 15, 10>
2026-06-23 09:36:01,672 - INFO - Token: <PONTO_VIRGULA, ';', 15, 11>
2026-06-23 09:36:01,672 - INFO - Token: <IF, 'if', 17, 0>
2026-06-23 09:36:01,672 - INFO - Token: <ID, 'soma', 17, 3>
2026-06-23 09:36:01,672 - INFO - Token: <MAIOR, '>', 17, 8>
2026-06-23 09:36:01,672 - INFO - Token: <ID, 'produto', 17, 10>
2026-06-23 09:36:01,672 - INFO - Token: <ABRE_CHAVES, '{', 17, 18>
2026-06-23 09:36:01,672 - INFO - Token: <PT, 'pt', 18, 4>
2026-06-23 09:36:01,672 - INFO - Token: <ABRE_PARENTESES, '(', 18, 6>
2026-06-23 09:36:01,672 - INFO - Token: <STRING, '"soma maior"', 18, 7>
2026-06-23 09:36:01,672 - INFO - Token: <FECHA_PARENTESES, ')', 18, 19>
2026-06-23 09:36:01,672 - INFO - Token: <PONTO_VIRGULA, ';', 18, 20>
2026-06-23 09:36:01,672 - INFO - Token: <FECHA_CHAVES, '}', 19, 0>
2026-06-23 09:36:01,672 - INFO - Token: <EL, 'el', 19, 2>
2026-06-23 09:36:01,672 - INFO - Token: <ABRE_CHAVES, '{', 19, 5>
2026-06-23 09:36:01,672 - INFO - Token: <PT, 'pt', 20, 4>
2026-06-23 09:36:01,672 - INFO - Token: <ABRE_PARENTESES, '(', 20, 6>
2026-06-23 09:36:01,672 - INFO - Token: <STRING, '"produto maior ou igual"', 20, 7>
2026-06-23 09:36:01,672 - INFO - Token: <FECHA_PARENTESES, ')', 20, 31>
2026-06-23 09:36:01,672 - INFO - Token: <PONTO_VIRGULA, ';', 20, 32>
2026-06-23 09:36:01,672 - INFO - Token: <FECHA_CHAVES, '}', 21, 0>
2026-06-23 09:36:01,672 - INFO - Token: <WL, 'wl', 23, 0>
2026-06-23 09:36:01,672 - INFO - Token: <ID, 'contador', 23, 3>
2026-06-23 09:36:01,672 - INFO - Token: <MENOR, '<', 23, 12>
2026-06-23 09:36:01,672 - INFO - Token: <NUMERO, '3', 23, 14>
2026-06-23 09:36:01,672 - INFO - Token: <DO, 'do', 23, 16>
2026-06-23 09:36:01,673 - INFO - Token: <ABRE_CHAVES, '{', 23, 19>
2026-06-23 09:36:01,673 - INFO - Token: <PT, 'pt', 24, 4>
2026-06-23 09:36:01,673 - INFO - Token: <ABRE_PARENTESES, '(', 24, 6>
2026-06-23 09:36:01,673 - INFO - Token: <ID, 'contador', 24, 7>
2026-06-23 09:36:01,673 - INFO - Token: <FECHA_PARENTESES, ')', 24, 15>
2026-06-23 09:36:01,673 - INFO - Token: <PONTO_VIRGULA, ';', 24, 16>
2026-06-23 09:36:01,673 - INFO - Token: <ID, 'contador', 25, 4>
2026-06-23 09:36:01,673 - INFO - Token: <ATRIBUICAO, '=', 25, 13>
2026-06-23 09:36:01,673 - INFO - Token: <ID, 'contador', 25, 15>
2026-06-23 09:36:01,673 - INFO - Token: <SOMA, '+', 25, 24>
2026-06-23 09:36:01,673 - INFO - Token: <NUMERO, '1', 25, 26>
2026-06-23 09:36:01,673 - INFO - Token: <PONTO_VIRGULA, ';', 25, 27>
2026-06-23 09:36:01,673 - INFO - Token: <FECHA_CHAVES, '}', 26, 0>
2026-06-23 09:36:01,673 - INFO - Token: <PT, 'pt', 28, 0>
2026-06-23 09:36:01,673 - INFO - Token: <ABRE_PARENTESES, '(', 28, 2>
2026-06-23 09:36:01,673 - INFO - Token: <STRING, '"=== FIM DO TESTE ==="', 28, 3>
2026-06-23 09:36:01,673 - INFO - Token: <FECHA_PARENTESES, ')', 28, 25>
2026-06-23 09:36:01,673 - INFO - Token: <PONTO_VIRGULA, ';', 28, 26>
2026-06-23 09:36:01,673 - INFO - Iniciando análise sintática.
2026-06-23 09:36:01,678 - INFO - Análise sintática concluída.
2026-06-23 09:36:01,678 - INFO - Iniciando análise semântica.
2026-06-23 09:36:01,679 - INFO - Análise semântica concluída sem erros.
2026-06-23 09:36:01,679 - INFO - Análise semântica concluída.
2026-06-23 09:36:01,679 - INFO - Iniciando geração de código Python.
2026-06-23 09:36:01,679 - INFO - Código Python gerado em teste_saida.py.
2026-06-23 09:43:25,841 - INFO - Iniciando compilação do arquivo /tmp/teste_elif.cmm.
2026-06-23 09:43:25,847 - INFO - Token: <TIPO_INT, 'i', 1, 0>
2026-06-23 09:43:25,847 - INFO - Token: <ID, 'x', 1, 2>
2026-06-23 09:43:25,847 - INFO - Token: <ATRIBUICAO, '=', 1, 4>
2026-06-23 09:43:25,847 - INFO - Token: <NUMERO, '5', 1, 6>
2026-06-23 09:43:25,847 - INFO - Token: <PONTO_VIRGULA, ';', 1, 7>
2026-06-23 09:43:25,847 - INFO - Token: <IF, 'if', 3, 0>
2026-06-23 09:43:25,847 - INFO - Token: <ID, 'x', 3, 3>
2026-06-23 09:43:25,847 - INFO - Token: <IGUAL, '==', 3, 5>
2026-06-23 09:43:25,847 - INFO - Token: <NUMERO, '1', 3, 8>
2026-06-23 09:43:25,847 - INFO - Token: <ABRE_CHAVES, '{', 3, 10>
2026-06-23 09:43:25,848 - INFO - Token: <PT, 'pt', 4, 4>
2026-06-23 09:43:25,848 - INFO - Token: <ABRE_PARENTESES, '(', 4, 6>
2026-06-23 09:43:25,848 - INFO - Token: <STRING, '"um"', 4, 7>
2026-06-23 09:43:25,848 - INFO - Token: <FECHA_PARENTESES, ')', 4, 11>
2026-06-23 09:43:25,848 - INFO - Token: <PONTO_VIRGULA, ';', 4, 12>
2026-06-23 09:43:25,848 - INFO - Token: <FECHA_CHAVES, '}', 5, 0>
2026-06-23 09:43:25,848 - INFO - Token: <EI, 'ei', 5, 2>
2026-06-23 09:43:25,848 - INFO - Token: <ID, 'x', 5, 5>
2026-06-23 09:43:25,848 - INFO - Token: <IGUAL, '==', 5, 7>
2026-06-23 09:43:25,848 - INFO - Token: <NUMERO, '5', 5, 10>
2026-06-23 09:43:25,848 - INFO - Token: <ABRE_CHAVES, '{', 5, 12>
2026-06-23 09:43:25,848 - INFO - Token: <PT, 'pt', 6, 4>
2026-06-23 09:43:25,848 - INFO - Token: <ABRE_PARENTESES, '(', 6, 6>
2026-06-23 09:43:25,848 - INFO - Token: <STRING, '"cinco"', 6, 7>
2026-06-23 09:43:25,849 - INFO - Token: <FECHA_PARENTESES, ')', 6, 14>
2026-06-23 09:43:25,849 - INFO - Token: <PONTO_VIRGULA, ';', 6, 15>
2026-06-23 09:43:25,849 - INFO - Token: <FECHA_CHAVES, '}', 7, 0>
2026-06-23 09:43:25,849 - INFO - Token: <EI, 'ei', 7, 2>
2026-06-23 09:43:25,849 - INFO - Token: <ID, 'x', 7, 5>
2026-06-23 09:43:25,849 - INFO - Token: <IGUAL, '==', 7, 7>
2026-06-23 09:43:25,849 - INFO - Token: <NUMERO, '10', 7, 10>
2026-06-23 09:43:25,849 - INFO - Token: <ABRE_CHAVES, '{', 7, 13>
2026-06-23 09:43:25,849 - INFO - Token: <PT, 'pt', 8, 4>
2026-06-23 09:43:25,849 - INFO - Token: <ABRE_PARENTESES, '(', 8, 6>
2026-06-23 09:43:25,849 - INFO - Token: <STRING, '"dez"', 8, 7>
2026-06-23 09:43:25,849 - INFO - Token: <FECHA_PARENTESES, ')', 8, 12>
2026-06-23 09:43:25,849 - INFO - Token: <PONTO_VIRGULA, ';', 8, 13>
2026-06-23 09:43:25,849 - INFO - Token: <FECHA_CHAVES, '}', 9, 0>
2026-06-23 09:43:25,849 - INFO - Token: <EL, 'el', 9, 2>
2026-06-23 09:43:25,850 - INFO - Token: <ABRE_CHAVES, '{', 9, 5>
2026-06-23 09:43:25,850 - INFO - Token: <PT, 'pt', 10, 4>
2026-06-23 09:43:25,850 - INFO - Token: <ABRE_PARENTESES, '(', 10, 6>
2026-06-23 09:43:25,850 - INFO - Token: <STRING, '"outro"', 10, 7>
2026-06-23 09:43:25,850 - INFO - Token: <FECHA_PARENTESES, ')', 10, 14>
2026-06-23 09:43:25,850 - INFO - Token: <PONTO_VIRGULA, ';', 10, 15>
2026-06-23 09:43:25,850 - INFO - Token: <FECHA_CHAVES, '}', 11, 0>
2026-06-23 09:43:25,850 - INFO - Iniciando análise sintática.
2026-06-23 09:43:25,856 - ERROR - ERRO SINTÁTICO [Linha 9, Coluna 2] Lexema: 'el' | Mensagem: entrada inesperada 'el' esperado {<EOF>, 'i', 's', 'rd', 'pt', 'if', 'wl', ID}
2026-06-23 09:43:25,857 - ERROR - ERRO SINTÁTICO [Linha 11, Coluna 0] Lexema: '}' | Mensagem: entrada inesperada '}' esperado {<EOF>, 'i', 's', 'rd', 'pt', 'if', 'wl', ID}
2026-06-23 09:43:25,857 - INFO - Análise sintática concluída.
2026-06-23 09:43:52,241 - INFO - Iniciando compilação do arquivo /tmp/teste_elif.cmm.
2026-06-23 09:43:52,244 - INFO - Token: <TIPO_INT, 'i', 1, 0>
2026-06-23 09:43:52,244 - INFO - Token: <ID, 'x', 1, 2>
2026-06-23 09:43:52,245 - INFO - Token: <ATRIBUICAO, '=', 1, 4>
2026-06-23 09:43:52,245 - INFO - Token: <NUMERO, '5', 1, 6>
2026-06-23 09:43:52,245 - INFO - Token: <PONTO_VIRGULA, ';', 1, 7>
2026-06-23 09:43:52,245 - INFO - Token: <IF, 'if', 3, 0>
2026-06-23 09:43:52,245 - INFO - Token: <ID, 'x', 3, 3>
2026-06-23 09:43:52,245 - INFO - Token: <IGUAL, '==', 3, 5>
2026-06-23 09:43:52,245 - INFO - Token: <NUMERO, '1', 3, 8>
2026-06-23 09:43:52,245 - INFO - Token: <ABRE_CHAVES, '{', 3, 10>
2026-06-23 09:43:52,245 - INFO - Token: <PT, 'pt', 4, 4>
2026-06-23 09:43:52,245 - INFO - Token: <ABRE_PARENTESES, '(', 4, 6>
2026-06-23 09:43:52,245 - INFO - Token: <STRING, '"um"', 4, 7>
2026-06-23 09:43:52,245 - INFO - Token: <FECHA_PARENTESES, ')', 4, 11>
2026-06-23 09:43:52,245 - INFO - Token: <PONTO_VIRGULA, ';', 4, 12>
2026-06-23 09:43:52,245 - INFO - Token: <FECHA_CHAVES, '}', 5, 0>
2026-06-23 09:43:52,245 - INFO - Token: <EI, 'ei', 5, 2>
2026-06-23 09:43:52,245 - INFO - Token: <ID, 'x', 5, 5>
2026-06-23 09:43:52,245 - INFO - Token: <IGUAL, '==', 5, 7>
2026-06-23 09:43:52,245 - INFO - Token: <NUMERO, '5', 5, 10>
2026-06-23 09:43:52,245 - INFO - Token: <ABRE_CHAVES, '{', 5, 12>
2026-06-23 09:43:52,245 - INFO - Token: <PT, 'pt', 6, 4>
2026-06-23 09:43:52,245 - INFO - Token: <ABRE_PARENTESES, '(', 6, 6>
2026-06-23 09:43:52,245 - INFO - Token: <STRING, '"cinco"', 6, 7>
2026-06-23 09:43:52,245 - INFO - Token: <FECHA_PARENTESES, ')', 6, 14>
2026-06-23 09:43:52,245 - INFO - Token: <PONTO_VIRGULA, ';', 6, 15>
2026-06-23 09:43:52,245 - INFO - Token: <FECHA_CHAVES, '}', 7, 0>
2026-06-23 09:43:52,246 - INFO - Token: <EI, 'ei', 7, 2>
2026-06-23 09:43:52,246 - INFO - Token: <ID, 'x', 7, 5>
2026-06-23 09:43:52,246 - INFO - Token: <IGUAL, '==', 7, 7>
2026-06-23 09:43:52,246 - INFO - Token: <NUMERO, '10', 7, 10>
2026-06-23 09:43:52,246 - INFO - Token: <ABRE_CHAVES, '{', 7, 13>
2026-06-23 09:43:52,246 - INFO - Token: <PT, 'pt', 8, 4>
2026-06-23 09:43:52,246 - INFO - Token: <ABRE_PARENTESES, '(', 8, 6>
2026-06-23 09:43:52,246 - INFO - Token: <STRING, '"dez"', 8, 7>
2026-06-23 09:43:52,246 - INFO - Token: <FECHA_PARENTESES, ')', 8, 12>
2026-06-23 09:43:52,246 - INFO - Token: <PONTO_VIRGULA, ';', 8, 13>
2026-06-23 09:43:52,246 - INFO - Token: <FECHA_CHAVES, '}', 9, 0>
2026-06-23 09:43:52,246 - INFO - Iniciando análise sintática.
2026-06-23 09:43:52,249 - INFO - Análise sintática concluída.
2026-06-23 09:43:52,250 - INFO - Iniciando análise semântica.
2026-06-23 09:43:52,250 - INFO - Análise semântica concluída sem erros.
2026-06-23 09:43:52,250 - INFO - Análise semântica concluída.
2026-06-23 09:43:52,250 - INFO - Iniciando geração de código Python.
2026-06-23 09:43:52,250 - INFO - Código Python gerado em /tmp/teste_elif.py.
2026-06-23 09:46:44,221 - INFO - Iniciando compilação do arquivo /tmp/teste_else_elif.cmm.
2026-06-23 09:46:44,225 - INFO - Token: <TIPO_INT, 'i', 1, 0>
2026-06-23 09:46:44,225 - INFO - Token: <ID, 'x', 1, 2>
2026-06-23 09:46:44,225 - INFO - Token: <ATRIBUICAO, '=', 1, 4>
2026-06-23 09:46:44,225 - INFO - Token: <NUMERO, '5', 1, 6>
2026-06-23 09:46:44,225 - INFO - Token: <PONTO_VIRGULA, ';', 1, 7>
2026-06-23 09:46:44,225 - INFO - Token: <IF, 'if', 3, 0>
2026-06-23 09:46:44,225 - INFO - Token: <ID, 'x', 3, 3>
2026-06-23 09:46:44,225 - INFO - Token: <IGUAL, '==', 3, 5>
2026-06-23 09:46:44,225 - INFO - Token: <NUMERO, '1', 3, 8>
2026-06-23 09:46:44,225 - INFO - Token: <ABRE_CHAVES, '{', 3, 10>
2026-06-23 09:46:44,225 - INFO - Token: <PT, 'pt', 4, 4>
2026-06-23 09:46:44,225 - INFO - Token: <ABRE_PARENTESES, '(', 4, 6>
2026-06-23 09:46:44,225 - INFO - Token: <STRING, '"um"', 4, 7>
2026-06-23 09:46:44,225 - INFO - Token: <FECHA_PARENTESES, ')', 4, 11>
2026-06-23 09:46:44,225 - INFO - Token: <PONTO_VIRGULA, ';', 4, 12>
2026-06-23 09:46:44,225 - INFO - Token: <FECHA_CHAVES, '}', 5, 0>
2026-06-23 09:46:44,225 - INFO - Token: <EL, 'el', 5, 2>
2026-06-23 09:46:44,225 - INFO - Token: <ABRE_CHAVES, '{', 5, 5>
2026-06-23 09:46:44,225 - INFO - Token: <PT, 'pt', 6, 4>
2026-06-23 09:46:44,226 - INFO - Token: <ABRE_PARENTESES, '(', 6, 6>
2026-06-23 09:46:44,226 - INFO - Token: <STRING, '"outro"', 6, 7>
2026-06-23 09:46:44,226 - INFO - Token: <FECHA_PARENTESES, ')', 6, 14>
2026-06-23 09:46:44,226 - INFO - Token: <PONTO_VIRGULA, ';', 6, 15>
2026-06-23 09:46:44,226 - INFO - Token: <FECHA_CHAVES, '}', 7, 0>
2026-06-23 09:46:44,226 - INFO - Token: <EI, 'ei', 7, 2>
2026-06-23 09:46:44,226 - INFO - Token: <ID, 'x', 7, 5>
2026-06-23 09:46:44,226 - INFO - Token: <IGUAL, '==', 7, 7>
2026-06-23 09:46:44,226 - INFO - Token: <NUMERO, '5', 7, 10>
2026-06-23 09:46:44,226 - INFO - Token: <ABRE_CHAVES, '{', 7, 12>
2026-06-23 09:46:44,226 - INFO - Token: <PT, 'pt', 8, 4>
2026-06-23 09:46:44,226 - INFO - Token: <ABRE_PARENTESES, '(', 8, 6>
2026-06-23 09:46:44,226 - INFO - Token: <STRING, '"cinco"', 8, 7>
2026-06-23 09:46:44,226 - INFO - Token: <FECHA_PARENTESES, ')', 8, 14>
2026-06-23 09:46:44,226 - INFO - Token: <PONTO_VIRGULA, ';', 8, 15>
2026-06-23 09:46:44,226 - INFO - Token: <FECHA_CHAVES, '}', 9, 0>
2026-06-23 09:46:44,226 - INFO - Iniciando análise sintática.
2026-06-23 09:46:44,230 - INFO - Análise sintática concluída.
2026-06-23 09:46:44,230 - INFO - Iniciando análise semântica.
2026-06-23 09:46:44,230 - INFO - Análise semântica concluída sem erros.
2026-06-23 09:46:44,230 - INFO - Análise semântica concluída.
2026-06-23 09:46:44,230 - INFO - Iniciando geração de código Python.
2026-06-23 09:46:44,230 - INFO - Código Python gerado em /tmp/teste_else_elif.py.
2026-06-23 09:49:33,086 - INFO - Iniciando compilação do arquivo /tmp/teste_logica.cmm.
2026-06-23 09:49:33,090 - INFO - Token: <TIPO_INT, 'i', 1, 0>
2026-06-23 09:49:33,090 - INFO - Token: <ID, 'x', 1, 2>
2026-06-23 09:49:33,090 - INFO - Token: <ATRIBUICAO, '=', 1, 4>
2026-06-23 09:49:33,090 - INFO - Token: <NUMERO, '10', 1, 6>
2026-06-23 09:49:33,090 - INFO - Token: <PONTO_VIRGULA, ';', 1, 8>
2026-06-23 09:49:33,090 - INFO - Token: <TIPO_INT, 'i', 2, 0>
2026-06-23 09:49:33,090 - INFO - Token: <ID, 'y', 2, 2>
2026-06-23 09:49:33,090 - INFO - Token: <ATRIBUICAO, '=', 2, 4>
2026-06-23 09:49:33,090 - INFO - Token: <NUMERO, '5', 2, 6>
2026-06-23 09:49:33,090 - INFO - Token: <PONTO_VIRGULA, ';', 2, 7>
2026-06-23 09:49:33,090 - INFO - Token: <IF, 'if', 4, 0>
2026-06-23 09:49:33,090 - INFO - Token: <ID, 'x', 4, 3>
2026-06-23 09:49:33,090 - INFO - Token: <MAIOR, '>', 4, 5>
2026-06-23 09:49:33,090 - INFO - Token: <NUMERO, '5', 4, 7>
2026-06-23 09:49:33,090 - INFO - Token: <AND, 'and', 4, 9>
2026-06-23 09:49:33,090 - INFO - Token: <ID, 'y', 4, 13>
2026-06-23 09:49:33,090 - INFO - Token: <MENOR, '<', 4, 15>
2026-06-23 09:49:33,091 - INFO - Token: <NUMERO, '10', 4, 17>
2026-06-23 09:49:33,091 - INFO - Token: <ABRE_CHAVES, '{', 4, 20>
2026-06-23 09:49:33,091 - INFO - Token: <PT, 'pt', 5, 4>
2026-06-23 09:49:33,091 - INFO - Token: <ABRE_PARENTESES, '(', 5, 6>
2026-06-23 09:49:33,091 - INFO - Token: <STRING, '"ambos verdadeiros"', 5, 7>
2026-06-23 09:49:33,091 - INFO - Token: <FECHA_PARENTESES, ')', 5, 26>
2026-06-23 09:49:33,091 - INFO - Token: <PONTO_VIRGULA, ';', 5, 27>
2026-06-23 09:49:33,091 - INFO - Token: <FECHA_CHAVES, '}', 6, 0>
2026-06-23 09:49:33,091 - INFO - Token: <IF, 'if', 8, 0>
2026-06-23 09:49:33,091 - INFO - Token: <ID, 'x', 8, 3>
2026-06-23 09:49:33,091 - INFO - Token: <IGUAL, '==', 8, 5>
2026-06-23 09:49:33,091 - INFO - Token: <NUMERO, '10', 8, 8>
2026-06-23 09:49:33,091 - INFO - Token: <OR, 'or', 8, 11>
2026-06-23 09:49:33,091 - INFO - Token: <ID, 'y', 8, 14>
2026-06-23 09:49:33,091 - INFO - Token: <IGUAL, '==', 8, 16>
2026-06-23 09:49:33,091 - INFO - Token: <NUMERO, '10', 8, 19>
2026-06-23 09:49:33,091 - INFO - Token: <ABRE_CHAVES, '{', 8, 22>
2026-06-23 09:49:33,091 - INFO - Token: <PT, 'pt', 9, 4>
2026-06-23 09:49:33,091 - INFO - Token: <ABRE_PARENTESES, '(', 9, 6>
2026-06-23 09:49:33,091 - INFO - Token: <STRING, '"pelo menos um verdadeiro"', 9, 7>
2026-06-23 09:49:33,091 - INFO - Token: <FECHA_PARENTESES, ')', 9, 33>
2026-06-23 09:49:33,091 - INFO - Token: <PONTO_VIRGULA, ';', 9, 34>
2026-06-23 09:49:33,091 - INFO - Token: <FECHA_CHAVES, '}', 10, 0>
2026-06-23 09:49:33,092 - INFO - Token: <IF, 'if', 12, 0>
2026-06-23 09:49:33,092 - INFO - Token: <NOT, '!', 12, 3>
2026-06-23 09:49:33,092 - INFO - Token: <ID, 'x', 12, 5>
2026-06-23 09:49:33,092 - INFO - Token: <IGUAL, '==', 12, 7>
2026-06-23 09:49:33,092 - INFO - Token: <NUMERO, '0', 12, 10>
2026-06-23 09:49:33,092 - INFO - Token: <ABRE_CHAVES, '{', 12, 12>
2026-06-23 09:49:33,092 - INFO - Token: <PT, 'pt', 13, 4>
2026-06-23 09:49:33,092 - INFO - Token: <ABRE_PARENTESES, '(', 13, 6>
2026-06-23 09:49:33,092 - INFO - Token: <STRING, '"x nao e zero"', 13, 7>
2026-06-23 09:49:33,092 - INFO - Token: <FECHA_PARENTESES, ')', 13, 21>
2026-06-23 09:49:33,092 - INFO - Token: <PONTO_VIRGULA, ';', 13, 22>
2026-06-23 09:49:33,092 - INFO - Token: <FECHA_CHAVES, '}', 14, 0>
2026-06-23 09:49:33,092 - INFO - Iniciando análise sintática.
2026-06-23 09:49:33,096 - INFO - Análise sintática concluída.
2026-06-23 09:49:33,096 - INFO - Iniciando análise semântica.
2026-06-23 09:49:33,097 - INFO - Análise semântica concluída sem erros.
2026-06-23 09:49:33,097 - INFO - Análise semântica concluída.
2026-06-23 09:49:33,097 - INFO - Iniciando geração de código Python.
2026-06-23 09:49:33,097 - INFO - Código Python gerado em /tmp/teste_logica.py.
2026-06-23 09:49:43,064 - INFO - Iniciando compilação do arquivo /tmp/teste_rd.cmm.
2026-06-23 09:49:43,066 - INFO - Token: <TIPO_INT, 'i', 1, 0>
2026-06-23 09:49:43,067 - INFO - Token: <ID, 'x', 1, 2>
2026-06-23 09:49:43,067 - INFO - Token: <ATRIBUICAO, '=', 1, 4>
2026-06-23 09:49:43,067 - INFO - Token: <NUMERO, '0', 1, 6>
2026-06-23 09:49:43,067 - INFO - Token: <PONTO_VIRGULA, ';', 1, 7>
2026-06-23 09:49:43,067 - INFO - Token: <TIPO_STR, 's', 2, 0>
2026-06-23 09:49:43,067 - INFO - Token: <ID, 'nome', 2, 2>
2026-06-23 09:49:43,067 - INFO - Token: <ATRIBUICAO, '=', 2, 7>
2026-06-23 09:49:43,067 - INFO - Token: <STRING, '""', 2, 9>
2026-06-23 09:49:43,067 - INFO - Token: <PONTO_VIRGULA, ';', 2, 11>
2026-06-23 09:49:43,067 - INFO - Token: <RD, 'rd', 4, 0>
2026-06-23 09:49:43,067 - INFO - Token: <ABRE_PARENTESES, '(', 4, 2>
2026-06-23 09:49:43,067 - INFO - Token: <ID, 'x', 4, 3>
2026-06-23 09:49:43,067 - INFO - Token: <FECHA_PARENTESES, ')', 4, 4>
2026-06-23 09:49:43,067 - INFO - Token: <PONTO_VIRGULA, ';', 4, 5>
2026-06-23 09:49:43,067 - INFO - Token: <RD, 'rd', 5, 0>
2026-06-23 09:49:43,067 - INFO - Token: <ABRE_PARENTESES, '(', 5, 2>
2026-06-23 09:49:43,067 - INFO - Token: <ID, 'nome', 5, 3>
2026-06-23 09:49:43,067 - INFO - Token: <FECHA_PARENTESES, ')', 5, 7>
2026-06-23 09:49:43,067 - INFO - Token: <PONTO_VIRGULA, ';', 5, 8>
2026-06-23 09:49:43,067 - INFO - Token: <PT, 'pt', 7, 0>
2026-06-23 09:49:43,067 - INFO - Token: <ABRE_PARENTESES, '(', 7, 2>
2026-06-23 09:49:43,067 - INFO - Token: <ID, 'x', 7, 3>
2026-06-23 09:49:43,068 - INFO - Token: <FECHA_PARENTESES, ')', 7, 4>
2026-06-23 09:49:43,068 - INFO - Token: <PONTO_VIRGULA, ';', 7, 5>
2026-06-23 09:49:43,068 - INFO - Token: <PT, 'pt', 8, 0>
2026-06-23 09:49:43,068 - INFO - Token: <ABRE_PARENTESES, '(', 8, 2>
2026-06-23 09:49:43,068 - INFO - Token: <ID, 'nome', 8, 3>
2026-06-23 09:49:43,068 - INFO - Token: <FECHA_PARENTESES, ')', 8, 7>
2026-06-23 09:49:43,068 - INFO - Token: <PONTO_VIRGULA, ';', 8, 8>
2026-06-23 09:49:43,068 - INFO - Iniciando análise sintática.
2026-06-23 09:49:43,069 - INFO - Análise sintática concluída.
2026-06-23 09:49:43,069 - INFO - Iniciando análise semântica.
2026-06-23 09:49:43,070 - INFO - Análise semântica concluída sem erros.
2026-06-23 09:49:43,070 - INFO - Análise semântica concluída.
2026-06-23 09:49:43,070 - INFO - Iniciando geração de código Python.
2026-06-23 09:49:43,070 - INFO - Código Python gerado em /tmp/teste_rd.py.
2026-06-23 10:00:29,411 - INFO - Iniciando compilação do arquivo entrada.cmm.
2026-06-23 10:00:29,419 - INFO - Token: <TIPO_INT, 'i', 1, 0>
2026-06-23 10:00:29,419 - INFO - Token: <ID, 'x', 1, 2>
2026-06-23 10:00:29,419 - INFO - Token: <ATRIBUICAO, '=', 1, 4>
2026-06-23 10:00:29,420 - INFO - Token: <NUMERO, '1', 1, 6>
2026-06-23 10:00:29,420 - INFO - Token: <SOMA, '+', 1, 8>
2026-06-23 10:00:29,420 - INFO - Token: <NUMERO, '2', 1, 10>
2026-06-23 10:00:29,420 - INFO - Token: <SOMA, '+', 1, 12>
2026-06-23 10:00:29,420 - INFO - Token: <NUMERO, '3', 1, 14>
2026-06-23 10:00:29,420 - INFO - Token: <PONTO_VIRGULA, ';', 1, 15>
2026-06-23 10:00:29,420 - INFO - Token: <TIPO_INT, 'i', 2, 0>
2026-06-23 10:00:29,420 - INFO - Token: <ID, 'y', 2, 2>
2026-06-23 10:00:29,420 - INFO - Token: <ATRIBUICAO, '=', 2, 4>
2026-06-23 10:00:29,420 - INFO - Token: <NUMERO, '2', 2, 6>
2026-06-23 10:00:29,420 - INFO - Token: <MULTIPLICACAO, '*', 2, 8>
2026-06-23 10:00:29,420 - INFO - Token: <NUMERO, '3', 2, 10>
2026-06-23 10:00:29,420 - INFO - Token: <PONTO_VIRGULA, ';', 2, 11>
2026-06-23 10:00:29,420 - INFO - Token: <TIPO_INT, 'i', 3, 0>
2026-06-23 10:00:29,420 - INFO - Token: <ID, 'z', 3, 2>
2026-06-23 10:00:29,420 - INFO - Token: <ATRIBUICAO, '=', 3, 4>
2026-06-23 10:00:29,420 - INFO - Token: <NUMERO, '10', 3, 6>
2026-06-23 10:00:29,420 - INFO - Token: <DIVISAO, '/', 3, 9>
2026-06-23 10:00:29,420 - INFO - Token: <NUMERO, '2', 3, 11>
2026-06-23 10:00:29,420 - INFO - Token: <PONTO_VIRGULA, ';', 3, 12>
2026-06-23 10:00:29,420 - INFO - Token: <PT, 'pt', 5, 0>
2026-06-23 10:00:29,420 - INFO - Token: <ABRE_PARENTESES, '(', 5, 2>
2026-06-23 10:00:29,420 - INFO - Token: <ID, 'x', 5, 3>
2026-06-23 10:00:29,420 - INFO - Token: <FECHA_PARENTESES, ')', 5, 4>
2026-06-23 10:00:29,420 - INFO - Token: <PONTO_VIRGULA, ';', 5, 5>
2026-06-23 10:00:29,421 - INFO - Token: <PT, 'pt', 6, 0>
2026-06-23 10:00:29,421 - INFO - Token: <ABRE_PARENTESES, '(', 6, 2>
2026-06-23 10:00:29,421 - INFO - Token: <ID, 'y', 6, 3>
2026-06-23 10:00:29,421 - INFO - Token: <FECHA_PARENTESES, ')', 6, 4>
2026-06-23 10:00:29,421 - INFO - Token: <PONTO_VIRGULA, ';', 6, 5>
2026-06-23 10:00:29,421 - INFO - Token: <PT, 'pt', 7, 0>
2026-06-23 10:00:29,421 - INFO - Token: <ABRE_PARENTESES, '(', 7, 2>
2026-06-23 10:00:29,421 - INFO - Token: <ID, 'z', 7, 3>
2026-06-23 10:00:29,421 - INFO - Token: <FECHA_PARENTESES, ')', 7, 4>
2026-06-23 10:00:29,421 - INFO - Token: <PONTO_VIRGULA, ';', 7, 5>
2026-06-23 10:00:29,421 - INFO - Token: <TIPO_STR, 's', 8, 0>
2026-06-23 10:00:29,421 - INFO - Token: <ID, 'nome', 8, 2>
2026-06-23 10:00:29,421 - INFO - Token: <ATRIBUICAO, '=', 8, 7>
2026-06-23 10:00:29,421 - INFO - Token: <STRING, '"matheus"', 8, 9>
2026-06-23 10:00:29,421 - INFO - Token: <PONTO_VIRGULA, ';', 8, 18>
2026-06-23 10:00:29,421 - INFO - Token: <PT, 'pt', 9, 0>
2026-06-23 10:00:29,421 - INFO - Token: <ABRE_PARENTESES, '(', 9, 2>
2026-06-23 10:00:29,421 - INFO - Token: <ID, 'nome', 9, 3>
2026-06-23 10:00:29,421 - INFO - Token: <FECHA_PARENTESES, ')', 9, 7>
2026-06-23 10:00:29,421 - INFO - Token: <PONTO_VIRGULA, ';', 9, 8>
2026-06-23 10:00:29,421 - INFO - Token: <TIPO_INT, 'i', 11, 0>
2026-06-23 10:00:29,421 - INFO - Token: <ID, 'n', 11, 2>
2026-06-23 10:00:29,421 - INFO - Token: <ATRIBUICAO, '=', 11, 4>
2026-06-23 10:00:29,421 - INFO - Token: <NUMERO, '5', 11, 6>
2026-06-23 10:00:29,421 - INFO - Token: <PONTO_VIRGULA, ';', 11, 7>
2026-06-23 10:00:29,421 - INFO - Token: <TIPO_INT, 'i', 12, 0>
2026-06-23 10:00:29,421 - INFO - Token: <ID, 'r', 12, 2>
2026-06-23 10:00:29,422 - INFO - Token: <ATRIBUICAO, '=', 12, 4>
2026-06-23 10:00:29,422 - INFO - Token: <NUMERO, '0', 12, 6>
2026-06-23 10:00:29,422 - INFO - Token: <PONTO_VIRGULA, ';', 12, 7>
2026-06-23 10:00:29,422 - INFO - Token: <TIPO_INT, 'i', 13, 0>
2026-06-23 10:00:29,422 - INFO - Token: <ID, 'c', 13, 2>
2026-06-23 10:00:29,422 - INFO - Token: <ATRIBUICAO, '=', 13, 4>
2026-06-23 10:00:29,422 - INFO - Token: <NUMERO, '1', 13, 6>
2026-06-23 10:00:29,422 - INFO - Token: <PONTO_VIRGULA, ';', 13, 7>
2026-06-23 10:00:29,422 - INFO - Token: <TIPO_INT, 'i', 14, 0>
2026-06-23 10:00:29,422 - INFO - Token: <ID, 'k', 14, 2>
2026-06-23 10:00:29,422 - INFO - Token: <ATRIBUICAO, '=', 14, 4>
2026-06-23 10:00:29,422 - INFO - Token: <NUMERO, '0', 14, 6>
2026-06-23 10:00:29,422 - INFO - Token: <PONTO_VIRGULA, ';', 14, 7>
2026-06-23 10:00:29,422 - INFO - Token: <TIPO_INT, 'i', 15, 0>
2026-06-23 10:00:29,422 - INFO - Token: <ID, 'l', 15, 2>
2026-06-23 10:00:29,422 - INFO - Token: <ATRIBUICAO, '=', 15, 4>
2026-06-23 10:00:29,422 - INFO - Token: <NUMERO, '0', 15, 6>
2026-06-23 10:00:29,422 - INFO - Token: <PONTO_VIRGULA, ';', 15, 7>
2026-06-23 10:00:29,422 - INFO - Token: <TIPO_INT, 'i', 16, 0>
2026-06-23 10:00:29,422 - INFO - Token: <ID, 'd', 16, 2>
2026-06-23 10:00:29,422 - INFO - Token: <ATRIBUICAO, '=', 16, 4>
2026-06-23 10:00:29,422 - INFO - Token: <NUMERO, '0', 16, 6>
2026-06-23 10:00:29,422 - INFO - Token: <PONTO_VIRGULA, ';', 16, 7>
2026-06-23 10:00:29,422 - INFO - Token: <TIPO_INT, 'i', 17, 0>
2026-06-23 10:00:29,422 - INFO - Token: <ID, 'e', 17, 2>
2026-06-23 10:00:29,422 - INFO - Token: <ATRIBUICAO, '=', 17, 4>
2026-06-23 10:00:29,423 - INFO - Token: <NUMERO, '0', 17, 6>
2026-06-23 10:00:29,423 - INFO - Token: <PONTO_VIRGULA, ';', 17, 7>
2026-06-23 10:00:29,423 - INFO - Token: <WL, 'wl', 19, 0>
2026-06-23 10:00:29,423 - INFO - Token: <ID, 'r', 19, 3>
2026-06-23 10:00:29,423 - INFO - Token: <MENOR, '<', 19, 5>
2026-06-23 10:00:29,423 - INFO - Token: <ID, 'n', 19, 7>
2026-06-23 10:00:29,423 - INFO - Token: <DO, 'do', 19, 9>
2026-06-23 10:00:29,423 - INFO - Token: <ABRE_CHAVES, '{', 19, 12>
2026-06-23 10:00:29,423 - INFO - Token: <ID, 'c', 20, 4>
2026-06-23 10:00:29,423 - INFO - Token: <ATRIBUICAO, '=', 20, 6>
2026-06-23 10:00:29,423 - INFO - Token: <NUMERO, '1', 20, 8>
2026-06-23 10:00:29,423 - INFO - Token: <PONTO_VIRGULA, ';', 20, 9>
2026-06-23 10:00:29,423 - INFO - Token: <ID, 'k', 21, 4>
2026-06-23 10:00:29,423 - INFO - Token: <ATRIBUICAO, '=', 21, 6>
2026-06-23 10:00:29,423 - INFO - Token: <NUMERO, '0', 21, 8>
2026-06-23 10:00:29,423 - INFO - Token: <PONTO_VIRGULA, ';', 21, 9>
2026-06-23 10:00:29,423 - INFO - Token: <ID, 'l', 22, 4>
2026-06-23 10:00:29,423 - INFO - Token: <ATRIBUICAO, '=', 22, 6>
2026-06-23 10:00:29,423 - INFO - Token: <ID, 'r', 22, 8>
2026-06-23 10:00:29,423 - INFO - Token: <SOMA, '+', 22, 10>
2026-06-23 10:00:29,423 - INFO - Token: <NUMERO, '1', 22, 12>
2026-06-23 10:00:29,423 - INFO - Token: <PONTO_VIRGULA, ';', 22, 13>
2026-06-23 10:00:29,423 - INFO - Token: <WL, 'wl', 23, 4>
2026-06-23 10:00:29,423 - INFO - Token: <ID, 'k', 23, 7>
2026-06-23 10:00:29,423 - INFO - Token: <MENOR, '<', 23, 9>
2026-06-23 10:00:29,423 - INFO - Token: <ID, 'l', 23, 11>
2026-06-23 10:00:29,423 - INFO - Token: <DO, 'do', 23, 13>
2026-06-23 10:00:29,423 - INFO - Token: <ABRE_CHAVES, '{', 23, 16>
2026-06-23 10:00:29,424 - INFO - Token: <PT, 'pt', 25, 8>
2026-06-23 10:00:29,424 - INFO - Token: <ABRE_PARENTESES, '(', 25, 10>
2026-06-23 10:00:29,424 - INFO - Token: <ID, 'c', 25, 11>
2026-06-23 10:00:29,424 - INFO - Token: <FECHA_PARENTESES, ')', 25, 12>
2026-06-23 10:00:29,424 - INFO - Token: <PONTO_VIRGULA, ';', 25, 13>
2026-06-23 10:00:29,424 - INFO - Token: <ID, 'd', 26, 8>
2026-06-23 10:00:29,424 - INFO - Token: <ATRIBUICAO, '=', 26, 10>
2026-06-23 10:00:29,424 - INFO - Token: <ID, 'r', 26, 12>
2026-06-23 10:00:29,424 - INFO - Token: <SUBTRACAO, '-', 26, 14>
2026-06-23 10:00:29,424 - INFO - Token: <ID, 'k', 26, 16>
2026-06-23 10:00:29,424 - INFO - Token: <PONTO_VIRGULA, ';', 26, 17>
2026-06-23 10:00:29,424 - INFO - Token: <ID, 'e', 27, 8>
2026-06-23 10:00:29,424 - INFO - Token: <ATRIBUICAO, '=', 27, 10>
2026-06-23 10:00:29,424 - INFO - Token: <ID, 'k', 27, 12>
2026-06-23 10:00:29,424 - INFO - Token: <SOMA, '+', 27, 14>
2026-06-23 10:00:29,424 - INFO - Token: <NUMERO, '1', 27, 16>
2026-06-23 10:00:29,424 - INFO - Token: <PONTO_VIRGULA, ';', 27, 17>
2026-06-23 10:00:29,424 - INFO - Token: <ID, 'c', 28, 8>
2026-06-23 10:00:29,424 - INFO - Token: <ATRIBUICAO, '=', 28, 10>
2026-06-23 10:00:29,424 - INFO - Token: <ID, 'c', 28, 12>
2026-06-23 10:00:29,424 - INFO - Token: <MULTIPLICACAO, '*', 28, 14>
2026-06-23 10:00:29,424 - INFO - Token: <ID, 'd', 28, 16>
2026-06-23 10:00:29,424 - INFO - Token: <DIVISAO, '/', 28, 18>
2026-06-23 10:00:29,424 - INFO - Token: <ID, 'e', 28, 20>
2026-06-23 10:00:29,424 - INFO - Token: <PONTO_VIRGULA, ';', 28, 21>
2026-06-23 10:00:29,424 - INFO - Token: <ID, 'k', 30, 8>
2026-06-23 10:00:29,424 - INFO - Token: <ATRIBUICAO, '=', 30, 10>
2026-06-23 10:00:29,425 - INFO - Token: <ID, 'k', 30, 12>
2026-06-23 10:00:29,425 - INFO - Token: <SOMA, '+', 30, 14>
2026-06-23 10:00:29,425 - INFO - Token: <NUMERO, '1', 30, 16>
2026-06-23 10:00:29,425 - INFO - Token: <PONTO_VIRGULA, ';', 30, 17>
2026-06-23 10:00:29,425 - INFO - Token: <FECHA_CHAVES, '}', 31, 4>
2026-06-23 10:00:29,425 - INFO - Token: <PT, 'pt', 33, 4>
2026-06-23 10:00:29,425 - INFO - Token: <ABRE_PARENTESES, '(', 33, 6>
2026-06-23 10:00:29,425 - INFO - Token: <STRING, '"---"', 33, 7>
2026-06-23 10:00:29,425 - INFO - Token: <FECHA_PARENTESES, ')', 33, 12>
2026-06-23 10:00:29,425 - INFO - Token: <PONTO_VIRGULA, ';', 33, 13>
2026-06-23 10:00:29,425 - INFO - Token: <ID, 'r', 34, 4>
2026-06-23 10:00:29,425 - INFO - Token: <ATRIBUICAO, '=', 34, 6>
2026-06-23 10:00:29,425 - INFO - Token: <ID, 'r', 34, 8>
2026-06-23 10:00:29,425 - INFO - Token: <SOMA, '+', 34, 10>
2026-06-23 10:00:29,425 - INFO - Token: <NUMERO, '1', 34, 12>
2026-06-23 10:00:29,425 - INFO - Token: <PONTO_VIRGULA, ';', 34, 13>
2026-06-23 10:00:29,425 - INFO - Token: <FECHA_CHAVES, '}', 35, 0>
2026-06-23 10:00:29,425 - INFO - Iniciando análise sintática.
2026-06-23 10:00:29,431 - INFO - Análise sintática concluída.
2026-06-23 10:00:29,431 - INFO - Iniciando análise semântica.
2026-06-23 10:00:29,431 - INFO - Análise semântica concluída sem erros.
2026-06-23 10:00:29,431 - INFO - Análise semântica concluída.
2026-06-23 10:00:29,431 - INFO - Iniciando geração de código Python.
2026-06-23 10:00:29,432 - INFO - Código Python gerado em saida.py.
2026-06-23 10:01:01,721 - INFO - Iniciando compilação do arquivo /tmp/teste_completo.cmm.
2026-06-23 10:01:01,731 - INFO - Token: <TIPO_INT, 'i', 3, 0>
2026-06-23 10:01:01,731 - INFO - Token: <ID, 'a', 3, 2>
2026-06-23 10:01:01,731 - INFO - Token: <ATRIBUICAO, '=', 3, 4>
2026-06-23 10:01:01,732 - INFO - Token: <NUMERO, '10', 3, 6>
2026-06-23 10:01:01,732 - INFO - Token: <PONTO_VIRGULA, ';', 3, 8>
2026-06-23 10:01:01,732 - INFO - Token: <TIPO_INT, 'i', 4, 0>
2026-06-23 10:01:01,732 - INFO - Token: <ID, 'b', 4, 2>
2026-06-23 10:01:01,732 - INFO - Token: <ATRIBUICAO, '=', 4, 4>
2026-06-23 10:01:01,732 - INFO - Token: <NUMERO, '3', 4, 6>
2026-06-23 10:01:01,732 - INFO - Token: <PONTO_VIRGULA, ';', 4, 7>
2026-06-23 10:01:01,732 - INFO - Token: <TIPO_INT, 'i', 5, 0>
2026-06-23 10:01:01,732 - INFO - Token: <ID, 'soma', 5, 2>
2026-06-23 10:01:01,732 - INFO - Token: <ATRIBUICAO, '=', 5, 7>
2026-06-23 10:01:01,732 - INFO - Token: <ID, 'a', 5, 9>
2026-06-23 10:01:01,732 - INFO - Token: <SOMA, '+', 5, 11>
2026-06-23 10:01:01,732 - INFO - Token: <ID, 'b', 5, 13>
2026-06-23 10:01:01,732 - INFO - Token: <PONTO_VIRGULA, ';', 5, 14>
2026-06-23 10:01:01,732 - INFO - Token: <TIPO_INT, 'i', 6, 0>
2026-06-23 10:01:01,732 - INFO - Token: <ID, 'produto', 6, 2>
2026-06-23 10:01:01,732 - INFO - Token: <ATRIBUICAO, '=', 6, 10>
2026-06-23 10:01:01,732 - INFO - Token: <ID, 'a', 6, 12>
2026-06-23 10:01:01,732 - INFO - Token: <MULTIPLICACAO, '*', 6, 14>
2026-06-23 10:01:01,732 - INFO - Token: <ID, 'b', 6, 16>
2026-06-23 10:01:01,732 - INFO - Token: <PONTO_VIRGULA, ';', 6, 17>
2026-06-23 10:01:01,732 - INFO - Token: <TIPO_INT, 'i', 7, 0>
2026-06-23 10:01:01,732 - INFO - Token: <ID, 'divisao', 7, 2>
2026-06-23 10:01:01,732 - INFO - Token: <ATRIBUICAO, '=', 7, 10>
2026-06-23 10:01:01,733 - INFO - Token: <ID, 'a', 7, 12>
2026-06-23 10:01:01,733 - INFO - Token: <DIVISAO, '/', 7, 14>
2026-06-23 10:01:01,733 - INFO - Token: <ID, 'b', 7, 16>
2026-06-23 10:01:01,733 - INFO - Token: <PONTO_VIRGULA, ';', 7, 17>
2026-06-23 10:01:01,733 - INFO - Token: <TIPO_STR, 's', 8, 0>
2026-06-23 10:01:01,733 - INFO - Token: <ID, 'mensagem', 8, 2>
2026-06-23 10:01:01,733 - INFO - Token: <ATRIBUICAO, '=', 8, 11>
2026-06-23 10:01:01,733 - INFO - Token: <STRING, '"resultado"', 8, 13>
2026-06-23 10:01:01,733 - INFO - Token: <PONTO_VIRGULA, ';', 8, 24>
2026-06-23 10:01:01,733 - INFO - Token: <PT, 'pt', 10, 0>
2026-06-23 10:01:01,733 - INFO - Token: <ABRE_PARENTESES, '(', 10, 2>
2026-06-23 10:01:01,733 - INFO - Token: <STRING, '"=== Operações aritméticas ==="', 10, 3>
2026-06-23 10:01:01,733 - INFO - Token: <FECHA_PARENTESES, ')', 10, 34>
2026-06-23 10:01:01,733 - INFO - Token: <PONTO_VIRGULA, ';', 10, 35>
2026-06-23 10:01:01,733 - INFO - Token: <PT, 'pt', 11, 0>
2026-06-23 10:01:01,733 - INFO - Token: <ABRE_PARENTESES, '(', 11, 2>
2026-06-23 10:01:01,733 - INFO - Token: <ID, 'soma', 11, 3>
2026-06-23 10:01:01,733 - INFO - Token: <FECHA_PARENTESES, ')', 11, 7>
2026-06-23 10:01:01,733 - INFO - Token: <PONTO_VIRGULA, ';', 11, 8>
2026-06-23 10:01:01,733 - INFO - Token: <PT, 'pt', 12, 0>
2026-06-23 10:01:01,733 - INFO - Token: <ABRE_PARENTESES, '(', 12, 2>
2026-06-23 10:01:01,733 - INFO - Token: <ID, 'produto', 12, 3>
2026-06-23 10:01:01,733 - INFO - Token: <FECHA_PARENTESES, ')', 12, 10>
2026-06-23 10:01:01,733 - INFO - Token: <PONTO_VIRGULA, ';', 12, 11>
2026-06-23 10:01:01,733 - INFO - Token: <PT, 'pt', 13, 0>
2026-06-23 10:01:01,733 - INFO - Token: <ABRE_PARENTESES, '(', 13, 2>
2026-06-23 10:01:01,734 - INFO - Token: <ID, 'divisao', 13, 3>
2026-06-23 10:01:01,734 - INFO - Token: <FECHA_PARENTESES, ')', 13, 10>
2026-06-23 10:01:01,734 - INFO - Token: <PONTO_VIRGULA, ';', 13, 11>
2026-06-23 10:01:01,734 - INFO - Token: <PT, 'pt', 15, 0>
2026-06-23 10:01:01,734 - INFO - Token: <ABRE_PARENTESES, '(', 15, 2>
2026-06-23 10:01:01,734 - INFO - Token: <STRING, '"=== Condicional simples ==="', 15, 3>
2026-06-23 10:01:01,734 - INFO - Token: <FECHA_PARENTESES, ')', 15, 32>
2026-06-23 10:01:01,734 - INFO - Token: <PONTO_VIRGULA, ';', 15, 33>
2026-06-23 10:01:01,734 - INFO - Token: <IF, 'if', 16, 0>
2026-06-23 10:01:01,734 - INFO - Token: <ID, 'soma', 16, 3>
2026-06-23 10:01:01,734 - INFO - Token: <MAIOR, '>', 16, 8>
2026-06-23 10:01:01,734 - INFO - Token: <NUMERO, '10', 16, 10>
2026-06-23 10:01:01,734 - INFO - Token: <ABRE_CHAVES, '{', 16, 13>
2026-06-23 10:01:01,734 - INFO - Token: <PT, 'pt', 17, 4>
2026-06-23 10:01:01,734 - INFO - Token: <ABRE_PARENTESES, '(', 17, 6>
2026-06-23 10:01:01,734 - INFO - Token: <STRING, '"soma maior que 10"', 17, 7>
2026-06-23 10:01:01,734 - INFO - Token: <FECHA_PARENTESES, ')', 17, 26>
2026-06-23 10:01:01,734 - INFO - Token: <PONTO_VIRGULA, ';', 17, 27>
2026-06-23 10:01:01,734 - INFO - Token: <FECHA_CHAVES, '}', 18, 0>
2026-06-23 10:01:01,734 - INFO - Token: <EL, 'el', 18, 2>
2026-06-23 10:01:01,734 - INFO - Token: <ABRE_CHAVES, '{', 18, 5>
2026-06-23 10:01:01,734 - INFO - Token: <PT, 'pt', 19, 4>
2026-06-23 10:01:01,734 - INFO - Token: <ABRE_PARENTESES, '(', 19, 6>
2026-06-23 10:01:01,734 - INFO - Token: <STRING, '"soma menor ou igual a 10"', 19, 7>
2026-06-23 10:01:01,734 - INFO - Token: <FECHA_PARENTESES, ')', 19, 33>
2026-06-23 10:01:01,735 - INFO - Token: <PONTO_VIRGULA, ';', 19, 34>
2026-06-23 10:01:01,735 - INFO - Token: <FECHA_CHAVES, '}', 20, 0>
2026-06-23 10:01:01,735 - INFO - Token: <PT, 'pt', 22, 0>
2026-06-23 10:01:01,735 - INFO - Token: <ABRE_PARENTESES, '(', 22, 2>
2026-06-23 10:01:01,735 - INFO - Token: <STRING, '"=== Condicional com elif ==="', 22, 3>
2026-06-23 10:01:01,735 - INFO - Token: <FECHA_PARENTESES, ')', 22, 33>
2026-06-23 10:01:01,735 - INFO - Token: <PONTO_VIRGULA, ';', 22, 34>
2026-06-23 10:01:01,735 - INFO - Token: <IF, 'if', 23, 0>
2026-06-23 10:01:01,735 - INFO - Token: <ID, 'a', 23, 3>
2026-06-23 10:01:01,735 - INFO - Token: <IGUAL, '==', 23, 5>
2026-06-23 10:01:01,735 - INFO - Token: <NUMERO, '5', 23, 8>
2026-06-23 10:01:01,735 - INFO - Token: <ABRE_CHAVES, '{', 23, 10>
2026-06-23 10:01:01,735 - INFO - Token: <PT, 'pt', 24, 4>
2026-06-23 10:01:01,735 - INFO - Token: <ABRE_PARENTESES, '(', 24, 6>
2026-06-23 10:01:01,735 - INFO - Token: <STRING, '"a é 5"', 24, 7>
2026-06-23 10:01:01,735 - INFO - Token: <FECHA_PARENTESES, ')', 24, 14>
2026-06-23 10:01:01,735 - INFO - Token: <PONTO_VIRGULA, ';', 24, 15>
2026-06-23 10:01:01,735 - INFO - Token: <FECHA_CHAVES, '}', 25, 0>
2026-06-23 10:01:01,735 - INFO - Token: <EI, 'ei', 25, 2>
2026-06-23 10:01:01,735 - INFO - Token: <ID, 'a', 25, 5>
2026-06-23 10:01:01,735 - INFO - Token: <IGUAL, '==', 25, 7>
2026-06-23 10:01:01,735 - INFO - Token: <NUMERO, '10', 25, 10>
2026-06-23 10:01:01,735 - INFO - Token: <ABRE_CHAVES, '{', 25, 13>
2026-06-23 10:01:01,735 - INFO - Token: <PT, 'pt', 26, 4>
2026-06-23 10:01:01,735 - INFO - Token: <ABRE_PARENTESES, '(', 26, 6>
2026-06-23 10:01:01,736 - INFO - Token: <STRING, '"a é 10"', 26, 7>
2026-06-23 10:01:01,736 - INFO - Token: <FECHA_PARENTESES, ')', 26, 15>
2026-06-23 10:01:01,736 - INFO - Token: <PONTO_VIRGULA, ';', 26, 16>
2026-06-23 10:01:01,736 - INFO - Token: <FECHA_CHAVES, '}', 27, 0>
2026-06-23 10:01:01,736 - INFO - Token: <EL, 'el', 27, 2>
2026-06-23 10:01:01,736 - INFO - Token: <ABRE_CHAVES, '{', 27, 5>
2026-06-23 10:01:01,736 - INFO - Token: <PT, 'pt', 28, 4>
2026-06-23 10:01:01,736 - INFO - Token: <ABRE_PARENTESES, '(', 28, 6>
2026-06-23 10:01:01,736 - INFO - Token: <STRING, '"a é outro valor"', 28, 7>
2026-06-23 10:01:01,736 - INFO - Token: <FECHA_PARENTESES, ')', 28, 24>
2026-06-23 10:01:01,736 - INFO - Token: <PONTO_VIRGULA, ';', 28, 25>
2026-06-23 10:01:01,736 - INFO - Token: <FECHA_CHAVES, '}', 29, 0>
2026-06-23 10:01:01,736 - INFO - Token: <PT, 'pt', 31, 0>
2026-06-23 10:01:01,736 - INFO - Token: <ABRE_PARENTESES, '(', 31, 2>
2026-06-23 10:01:01,736 - INFO - Token: <STRING, '"=== While ==="', 31, 3>
2026-06-23 10:01:01,736 - INFO - Token: <FECHA_PARENTESES, ')', 31, 18>
2026-06-23 10:01:01,736 - INFO - Token: <PONTO_VIRGULA, ';', 31, 19>
2026-06-23 10:01:01,736 - INFO - Token: <TIPO_INT, 'i', 32, 0>
2026-06-23 10:01:01,736 - INFO - Token: <ID, 'contador', 32, 2>
2026-06-23 10:01:01,736 - INFO - Token: <ATRIBUICAO, '=', 32, 11>
2026-06-23 10:01:01,736 - INFO - Token: <NUMERO, '0', 32, 13>
2026-06-23 10:01:01,736 - INFO - Token: <PONTO_VIRGULA, ';', 32, 14>
2026-06-23 10:01:01,736 - INFO - Token: <WL, 'wl', 33, 0>
2026-06-23 10:01:01,736 - INFO - Token: <ID, 'contador', 33, 3>
2026-06-23 10:01:01,737 - INFO - Token: <MENOR, '<', 33, 12>
2026-06-23 10:01:01,737 - INFO - Token: <NUMERO, '5', 33, 14>
2026-06-23 10:01:01,737 - INFO - Token: <DO, 'do', 33, 16>
2026-06-23 10:01:01,737 - INFO - Token: <ABRE_CHAVES, '{', 33, 19>
2026-06-23 10:01:01,737 - INFO - Token: <PT, 'pt', 34, 4>
2026-06-23 10:01:01,737 - INFO - Token: <ABRE_PARENTESES, '(', 34, 6>
2026-06-23 10:01:01,737 - INFO - Token: <ID, 'contador', 34, 7>
2026-06-23 10:01:01,737 - INFO - Token: <FECHA_PARENTESES, ')', 34, 15>
2026-06-23 10:01:01,737 - INFO - Token: <PONTO_VIRGULA, ';', 34, 16>
2026-06-23 10:01:01,737 - INFO - Token: <ID, 'contador', 35, 4>
2026-06-23 10:01:01,737 - INFO - Token: <ATRIBUICAO, '=', 35, 13>
2026-06-23 10:01:01,737 - INFO - Token: <ID, 'contador', 35, 15>
2026-06-23 10:01:01,737 - INFO - Token: <SOMA, '+', 35, 24>
2026-06-23 10:01:01,737 - INFO - Token: <NUMERO, '1', 35, 26>
2026-06-23 10:01:01,737 - INFO - Token: <PONTO_VIRGULA, ';', 35, 27>
2026-06-23 10:01:01,737 - INFO - Token: <FECHA_CHAVES, '}', 36, 0>
2026-06-23 10:01:01,737 - INFO - Token: <PT, 'pt', 38, 0>
2026-06-23 10:01:01,737 - INFO - Token: <ABRE_PARENTESES, '(', 38, 2>
2026-06-23 10:01:01,737 - INFO - Token: <STRING, '"=== Expressões lógicas ==="', 38, 3>
2026-06-23 10:01:01,737 - INFO - Token: <FECHA_PARENTESES, ')', 38, 31>
2026-06-23 10:01:01,737 - INFO - Token: <PONTO_VIRGULA, ';', 38, 32>
2026-06-23 10:01:01,737 - INFO - Token: <IF, 'if', 39, 0>
2026-06-23 10:01:01,737 - INFO - Token: <ID, 'a', 39, 3>
2026-06-23 10:01:01,737 - INFO - Token: <MAIOR, '>', 39, 5>
2026-06-23 10:01:01,737 - INFO - Token: <NUMERO, '5', 39, 7>
2026-06-23 10:01:01,738 - INFO - Token: <AND, 'and', 39, 9>
2026-06-23 10:01:01,738 - INFO - Token: <ID, 'b', 39, 13>
2026-06-23 10:01:01,738 - INFO - Token: <MENOR, '<', 39, 15>
2026-06-23 10:01:01,738 - INFO - Token: <NUMERO, '10', 39, 17>
2026-06-23 10:01:01,738 - INFO - Token: <ABRE_CHAVES, '{', 39, 20>
2026-06-23 10:01:01,738 - INFO - Token: <PT, 'pt', 40, 4>
2026-06-23 10:01:01,738 - INFO - Token: <ABRE_PARENTESES, '(', 40, 6>
2026-06-23 10:01:01,738 - INFO - Token: <STRING, '"ambos verdadeiros"', 40, 7>
2026-06-23 10:01:01,738 - INFO - Token: <FECHA_PARENTESES, ')', 40, 26>
2026-06-23 10:01:01,738 - INFO - Token: <PONTO_VIRGULA, ';', 40, 27>
2026-06-23 10:01:01,738 - INFO - Token: <FECHA_CHAVES, '}', 41, 0>
2026-06-23 10:01:01,738 - INFO - Token: <IF, 'if', 43, 0>
2026-06-23 10:01:01,738 - INFO - Token: <ID, 'a', 43, 3>
2026-06-23 10:01:01,738 - INFO - Token: <IGUAL, '==', 43, 5>
2026-06-23 10:01:01,738 - INFO - Token: <NUMERO, '10', 43, 8>
2026-06-23 10:01:01,738 - INFO - Token: <OR, 'or', 43, 11>
2026-06-23 10:01:01,738 - INFO - Token: <ID, 'b', 43, 14>
2026-06-23 10:01:01,738 - INFO - Token: <IGUAL, '==', 43, 16>
2026-06-23 10:01:01,738 - INFO - Token: <NUMERO, '10', 43, 19>
2026-06-23 10:01:01,738 - INFO - Token: <ABRE_CHAVES, '{', 43, 22>
2026-06-23 10:01:01,738 - INFO - Token: <PT, 'pt', 44, 4>
2026-06-23 10:01:01,738 - INFO - Token: <ABRE_PARENTESES, '(', 44, 6>
2026-06-23 10:01:01,738 - INFO - Token: <STRING, '"pelo menos um verdadeiro"', 44, 7>
2026-06-23 10:01:01,738 - INFO - Token: <FECHA_PARENTESES, ')', 44, 33>
2026-06-23 10:01:01,738 - INFO - Token: <PONTO_VIRGULA, ';', 44, 34>
2026-06-23 10:01:01,739 - INFO - Token: <FECHA_CHAVES, '}', 45, 0>
2026-06-23 10:01:01,739 - INFO - Token: <IF, 'if', 47, 0>
2026-06-23 10:01:01,739 - INFO - Token: <NOT, '!', 47, 3>
2026-06-23 10:01:01,739 - INFO - Token: <ID, 'b', 47, 5>
2026-06-23 10:01:01,739 - INFO - Token: <IGUAL, '==', 47, 7>
2026-06-23 10:01:01,739 - INFO - Token: <NUMERO, '10', 47, 10>
2026-06-23 10:01:01,739 - INFO - Token: <ABRE_CHAVES, '{', 47, 13>
2026-06-23 10:01:01,739 - INFO - Token: <PT, 'pt', 48, 4>
2026-06-23 10:01:01,739 - INFO - Token: <ABRE_PARENTESES, '(', 48, 6>
2026-06-23 10:01:01,739 - INFO - Token: <STRING, '"b não é 10"', 48, 7>
2026-06-23 10:01:01,739 - INFO - Token: <FECHA_PARENTESES, ')', 48, 19>
2026-06-23 10:01:01,739 - INFO - Token: <PONTO_VIRGULA, ';', 48, 20>
2026-06-23 10:01:01,739 - INFO - Token: <FECHA_CHAVES, '}', 49, 0>
2026-06-23 10:01:01,739 - INFO - Token: <PT, 'pt', 51, 0>
2026-06-23 10:01:01,739 - INFO - Token: <ABRE_PARENTESES, '(', 51, 2>
2026-06-23 10:01:01,739 - INFO - Token: <STRING, '"=== While aninhado ==="', 51, 3>
2026-06-23 10:01:01,739 - INFO - Token: <FECHA_PARENTESES, ')', 51, 27>
2026-06-23 10:01:01,739 - INFO - Token: <PONTO_VIRGULA, ';', 51, 28>
2026-06-23 10:01:01,739 - INFO - Token: <TIPO_INT, 'i', 52, 0>
2026-06-23 10:01:01,739 - INFO - Token: <TIPO_INT, 'i', 52, 2>
2026-06-23 10:01:01,739 - INFO - Token: <ATRIBUICAO, '=', 52, 4>
2026-06-23 10:01:01,739 - INFO - Token: <NUMERO, '0', 52, 6>
2026-06-23 10:01:01,739 - INFO - Token: <PONTO_VIRGULA, ';', 52, 7>
2026-06-23 10:01:01,739 - INFO - Token: <WL, 'wl', 53, 0>
2026-06-23 10:01:01,739 - INFO - Token: <TIPO_INT, 'i', 53, 3>
2026-06-23 10:01:01,739 - INFO - Token: <MENOR, '<', 53, 5>
2026-06-23 10:01:01,740 - INFO - Token: <NUMERO, '3', 53, 7>
2026-06-23 10:01:01,740 - INFO - Token: <DO, 'do', 53, 9>
2026-06-23 10:01:01,740 - INFO - Token: <ABRE_CHAVES, '{', 53, 12>
2026-06-23 10:01:01,740 - INFO - Token: <TIPO_INT, 'i', 54, 4>
2026-06-23 10:01:01,740 - INFO - Token: <ID, 'j', 54, 6>
2026-06-23 10:01:01,740 - INFO - Token: <ATRIBUICAO, '=', 54, 8>
2026-06-23 10:01:01,740 - INFO - Token: <NUMERO, '0', 54, 10>
2026-06-23 10:01:01,740 - INFO - Token: <PONTO_VIRGULA, ';', 54, 11>
2026-06-23 10:01:01,740 - INFO - Token: <WL, 'wl', 55, 4>
2026-06-23 10:01:01,740 - INFO - Token: <ID, 'j', 55, 7>
2026-06-23 10:01:01,740 - INFO - Token: <MENOR, '<', 55, 9>
2026-06-23 10:01:01,740 - INFO - Token: <NUMERO, '2', 55, 11>
2026-06-23 10:01:01,740 - INFO - Token: <DO, 'do', 55, 13>
2026-06-23 10:01:01,740 - INFO - Token: <ABRE_CHAVES, '{', 55, 16>
2026-06-23 10:01:01,740 - INFO - Token: <PT, 'pt', 56, 8>
2026-06-23 10:01:01,740 - INFO - Token: <ABRE_PARENTESES, '(', 56, 10>
2026-06-23 10:01:01,740 - INFO - Token: <TIPO_INT, 'i', 56, 11>
2026-06-23 10:01:01,740 - INFO - Token: <MULTIPLICACAO, '*', 56, 13>
2026-06-23 10:01:01,740 - INFO - Token: <NUMERO, '10', 56, 15>
2026-06-23 10:01:01,740 - INFO - Token: <SOMA, '+', 56, 18>
2026-06-23 10:01:01,740 - INFO - Token: <ID, 'j', 56, 20>
2026-06-23 10:01:01,740 - INFO - Token: <FECHA_PARENTESES, ')', 56, 21>
2026-06-23 10:01:01,740 - INFO - Token: <PONTO_VIRGULA, ';', 56, 22>
2026-06-23 10:01:01,740 - INFO - Token: <ID, 'j', 57, 8>
2026-06-23 10:01:01,740 - INFO - Token: <ATRIBUICAO, '=', 57, 10>
2026-06-23 10:01:01,740 - INFO - Token: <ID, 'j', 57, 12>
2026-06-23 10:01:01,740 - INFO - Token: <SOMA, '+', 57, 14>
2026-06-23 10:01:01,741 - INFO - Token: <NUMERO, '1', 57, 16>
2026-06-23 10:01:01,741 - INFO - Token: <PONTO_VIRGULA, ';', 57, 17>
2026-06-23 10:01:01,741 - INFO - Token: <FECHA_CHAVES, '}', 58, 4>
2026-06-23 10:01:01,741 - INFO - Token: <TIPO_INT, 'i', 59, 4>
2026-06-23 10:01:01,741 - INFO - Token: <ATRIBUICAO, '=', 59, 6>
2026-06-23 10:01:01,741 - INFO - Token: <TIPO_INT, 'i', 59, 8>
2026-06-23 10:01:01,741 - INFO - Token: <SOMA, '+', 59, 10>
2026-06-23 10:01:01,741 - INFO - Token: <NUMERO, '1', 59, 12>
2026-06-23 10:01:01,741 - INFO - Token: <PONTO_VIRGULA, ';', 59, 13>
2026-06-23 10:01:01,741 - INFO - Token: <FECHA_CHAVES, '}', 60, 0>
2026-06-23 10:01:01,741 - INFO - Token: <PT, 'pt', 62, 0>
2026-06-23 10:01:01,741 - INFO - Token: <ABRE_PARENTESES, '(', 62, 2>
2026-06-23 10:01:01,741 - INFO - Token: <STRING, '"=== Fim do teste ==="', 62, 3>
2026-06-23 10:01:01,741 - INFO - Token: <FECHA_PARENTESES, ')', 62, 25>
2026-06-23 10:01:01,741 - INFO - Token: <PONTO_VIRGULA, ';', 62, 26>
2026-06-23 10:01:01,741 - INFO - Iniciando análise sintática.
2026-06-23 10:01:01,746 - ERROR - ERRO SINTÁTICO [Linha 27, Coluna 2] Lexema: 'el' | Mensagem: entrada inesperada 'el' esperado {<EOF>, 'i', 's', 'rd', 'pt', 'if', 'wl', ID}
2026-06-23 10:01:01,746 - ERROR - ERRO SINTÁTICO [Linha 29, Coluna 0] Lexema: '}' | Mensagem: entrada inesperada '}' esperado {<EOF>, 'i', 's', 'rd', 'pt', 'if', 'wl', ID}
2026-06-23 10:01:01,748 - ERROR - ERRO SINTÁTICO [Linha 52, Coluna 2] Lexema: 'i' | Mensagem: A palavra 'i' é reservada da linguagem e não pode ser usada como nome de variável.
2026-06-23 10:01:01,748 - ERROR - ERRO SINTÁTICO [Linha 52, Coluna 4] Lexema: '=' | Mensagem: faltando ID at '='
2026-06-23 10:01:01,748 - ERROR - ERRO SINTÁTICO [Linha 53, Coluna 3] Lexema: 'i' | Mensagem: entrada incompatível 'i' esperado {'(', '!', ID, NUMERO}
2026-06-23 10:01:01,748 - ERROR - ERRO SINTÁTICO [Linha 53, Coluna 5] Lexema: '<' | Mensagem: entrada incompatível '<' esperado ID
2026-06-23 10:01:01,749 - ERROR - ERRO SINTÁTICO [Linha 56, Coluna 11] Lexema: 'i' | Mensagem: entrada incompatível 'i' esperado {'(', STRING, ID, NUMERO}
2026-06-23 10:01:01,749 - ERROR - ERRO SINTÁTICO [Linha 56, Coluna 13] Lexema: '*' | Mensagem: entrada incompatível '*' esperado ID
2026-06-23 10:01:01,749 - ERROR - ERRO SINTÁTICO [Linha 56, Coluna 21] Lexema: ')' | Mensagem: entrada incompatível ')' esperado '='
2026-06-23 10:01:01,750 - ERROR - ERRO SINTÁTICO [Linha 59, Coluna 6] Lexema: '=' | Mensagem: faltando ID at '='
2026-06-23 10:01:01,750 - ERROR - ERRO SINTÁTICO [Linha 59, Coluna 8] Lexema: 'i' | Mensagem: entrada incompatível 'i' esperado {'(', ID, NUMERO}
2026-06-23 10:01:01,750 - ERROR - ERRO SINTÁTICO [Linha 59, Coluna 10] Lexema: '+' | Mensagem: entrada incompatível '+' esperado ID
2026-06-23 10:01:01,750 - INFO - Análise sintática concluída.
2026-06-23 10:03:24,864 - INFO - Iniciando compilação do arquivo /tmp/teste_completo.cmm.
2026-06-23 10:03:24,875 - INFO - Token: <TIPO_INT, 'i', 3, 0>
2026-06-23 10:03:24,875 - INFO - Token: <ID, 'a', 3, 2>
2026-06-23 10:03:24,875 - INFO - Token: <ATRIBUICAO, '=', 3, 4>
2026-06-23 10:03:24,875 - INFO - Token: <NUMERO, '10', 3, 6>
2026-06-23 10:03:24,875 - INFO - Token: <PONTO_VIRGULA, ';', 3, 8>
2026-06-23 10:03:24,875 - INFO - Token: <TIPO_INT, 'i', 4, 0>
2026-06-23 10:03:24,875 - INFO - Token: <ID, 'b', 4, 2>
2026-06-23 10:03:24,875 - INFO - Token: <ATRIBUICAO, '=', 4, 4>
2026-06-23 10:03:24,875 - INFO - Token: <NUMERO, '3', 4, 6>
2026-06-23 10:03:24,875 - INFO - Token: <PONTO_VIRGULA, ';', 4, 7>
2026-06-23 10:03:24,875 - INFO - Token: <TIPO_INT, 'i', 5, 0>
2026-06-23 10:03:24,875 - INFO - Token: <ID, 'soma', 5, 2>
2026-06-23 10:03:24,875 - INFO - Token: <ATRIBUICAO, '=', 5, 7>
2026-06-23 10:03:24,875 - INFO - Token: <ID, 'a', 5, 9>
2026-06-23 10:03:24,875 - INFO - Token: <SOMA, '+', 5, 11>
2026-06-23 10:03:24,875 - INFO - Token: <ID, 'b', 5, 13>
2026-06-23 10:03:24,875 - INFO - Token: <PONTO_VIRGULA, ';', 5, 14>
2026-06-23 10:03:24,876 - INFO - Token: <TIPO_INT, 'i', 6, 0>
2026-06-23 10:03:24,876 - INFO - Token: <ID, 'produto', 6, 2>
2026-06-23 10:03:24,876 - INFO - Token: <ATRIBUICAO, '=', 6, 10>
2026-06-23 10:03:24,876 - INFO - Token: <ID, 'a', 6, 12>
2026-06-23 10:03:24,876 - INFO - Token: <MULTIPLICACAO, '*', 6, 14>
2026-06-23 10:03:24,876 - INFO - Token: <ID, 'b', 6, 16>
2026-06-23 10:03:24,876 - INFO - Token: <PONTO_VIRGULA, ';', 6, 17>
2026-06-23 10:03:24,876 - INFO - Token: <TIPO_INT, 'i', 7, 0>
2026-06-23 10:03:24,876 - INFO - Token: <ID, 'divisao', 7, 2>
2026-06-23 10:03:24,876 - INFO - Token: <ATRIBUICAO, '=', 7, 10>
2026-06-23 10:03:24,876 - INFO - Token: <ID, 'a', 7, 12>
2026-06-23 10:03:24,876 - INFO - Token: <DIVISAO, '/', 7, 14>
2026-06-23 10:03:24,876 - INFO - Token: <ID, 'b', 7, 16>
2026-06-23 10:03:24,876 - INFO - Token: <PONTO_VIRGULA, ';', 7, 17>
2026-06-23 10:03:24,876 - INFO - Token: <TIPO_STR, 's', 8, 0>
2026-06-23 10:03:24,876 - INFO - Token: <ID, 'mensagem', 8, 2>
2026-06-23 10:03:24,876 - INFO - Token: <ATRIBUICAO, '=', 8, 11>
2026-06-23 10:03:24,876 - INFO - Token: <STRING, '"resultado"', 8, 13>
2026-06-23 10:03:24,876 - INFO - Token: <PONTO_VIRGULA, ';', 8, 24>
2026-06-23 10:03:24,876 - INFO - Token: <PT, 'pt', 10, 0>
2026-06-23 10:03:24,876 - INFO - Token: <ABRE_PARENTESES, '(', 10, 2>
2026-06-23 10:03:24,876 - INFO - Token: <STRING, '"=== Operações aritméticas ==="', 10, 3>
2026-06-23 10:03:24,876 - INFO - Token: <FECHA_PARENTESES, ')', 10, 34>
2026-06-23 10:03:24,876 - INFO - Token: <PONTO_VIRGULA, ';', 10, 35>
2026-06-23 10:03:24,876 - INFO - Token: <PT, 'pt', 11, 0>
2026-06-23 10:03:24,876 - INFO - Token: <ABRE_PARENTESES, '(', 11, 2>
2026-06-23 10:03:24,877 - INFO - Token: <ID, 'soma', 11, 3>
2026-06-23 10:03:24,877 - INFO - Token: <FECHA_PARENTESES, ')', 11, 7>
2026-06-23 10:03:24,877 - INFO - Token: <PONTO_VIRGULA, ';', 11, 8>
2026-06-23 10:03:24,877 - INFO - Token: <PT, 'pt', 12, 0>
2026-06-23 10:03:24,877 - INFO - Token: <ABRE_PARENTESES, '(', 12, 2>
2026-06-23 10:03:24,877 - INFO - Token: <ID, 'produto', 12, 3>
2026-06-23 10:03:24,877 - INFO - Token: <FECHA_PARENTESES, ')', 12, 10>
2026-06-23 10:03:24,877 - INFO - Token: <PONTO_VIRGULA, ';', 12, 11>
2026-06-23 10:03:24,877 - INFO - Token: <PT, 'pt', 13, 0>
2026-06-23 10:03:24,877 - INFO - Token: <ABRE_PARENTESES, '(', 13, 2>
2026-06-23 10:03:24,877 - INFO - Token: <ID, 'divisao', 13, 3>
2026-06-23 10:03:24,877 - INFO - Token: <FECHA_PARENTESES, ')', 13, 10>
2026-06-23 10:03:24,877 - INFO - Token: <PONTO_VIRGULA, ';', 13, 11>
2026-06-23 10:03:24,877 - INFO - Token: <PT, 'pt', 15, 0>
2026-06-23 10:03:24,877 - INFO - Token: <ABRE_PARENTESES, '(', 15, 2>
2026-06-23 10:03:24,877 - INFO - Token: <STRING, '"=== Condicional simples ==="', 15, 3>
2026-06-23 10:03:24,877 - INFO - Token: <FECHA_PARENTESES, ')', 15, 32>
2026-06-23 10:03:24,877 - INFO - Token: <PONTO_VIRGULA, ';', 15, 33>
2026-06-23 10:03:24,877 - INFO - Token: <IF, 'if', 16, 0>
2026-06-23 10:03:24,877 - INFO - Token: <ID, 'soma', 16, 3>
2026-06-23 10:03:24,877 - INFO - Token: <MAIOR, '>', 16, 8>
2026-06-23 10:03:24,877 - INFO - Token: <NUMERO, '10', 16, 10>
2026-06-23 10:03:24,877 - INFO - Token: <ABRE_CHAVES, '{', 16, 13>
2026-06-23 10:03:24,877 - INFO - Token: <PT, 'pt', 17, 4>
2026-06-23 10:03:24,877 - INFO - Token: <ABRE_PARENTESES, '(', 17, 6>
2026-06-23 10:03:24,877 - INFO - Token: <STRING, '"soma maior que 10"', 17, 7>
2026-06-23 10:03:24,877 - INFO - Token: <FECHA_PARENTESES, ')', 17, 26>
2026-06-23 10:03:24,878 - INFO - Token: <PONTO_VIRGULA, ';', 17, 27>
2026-06-23 10:03:24,878 - INFO - Token: <FECHA_CHAVES, '}', 18, 0>
2026-06-23 10:03:24,878 - INFO - Token: <EL, 'el', 18, 2>
2026-06-23 10:03:24,878 - INFO - Token: <ABRE_CHAVES, '{', 18, 5>
2026-06-23 10:03:24,878 - INFO - Token: <PT, 'pt', 19, 4>
2026-06-23 10:03:24,878 - INFO - Token: <ABRE_PARENTESES, '(', 19, 6>
2026-06-23 10:03:24,878 - INFO - Token: <STRING, '"soma menor ou igual a 10"', 19, 7>
2026-06-23 10:03:24,878 - INFO - Token: <FECHA_PARENTESES, ')', 19, 33>
2026-06-23 10:03:24,878 - INFO - Token: <PONTO_VIRGULA, ';', 19, 34>
2026-06-23 10:03:24,878 - INFO - Token: <FECHA_CHAVES, '}', 20, 0>
2026-06-23 10:03:24,878 - INFO - Token: <PT, 'pt', 22, 0>
2026-06-23 10:03:24,878 - INFO - Token: <ABRE_PARENTESES, '(', 22, 2>
2026-06-23 10:03:24,878 - INFO - Token: <STRING, '"=== Condicional com elif ==="', 22, 3>
2026-06-23 10:03:24,878 - INFO - Token: <FECHA_PARENTESES, ')', 22, 33>
2026-06-23 10:03:24,878 - INFO - Token: <PONTO_VIRGULA, ';', 22, 34>
2026-06-23 10:03:24,878 - INFO - Token: <IF, 'if', 23, 0>
2026-06-23 10:03:24,878 - INFO - Token: <ID, 'a', 23, 3>
2026-06-23 10:03:24,878 - INFO - Token: <IGUAL, '==', 23, 5>
2026-06-23 10:03:24,878 - INFO - Token: <NUMERO, '5', 23, 8>
2026-06-23 10:03:24,878 - INFO - Token: <ABRE_CHAVES, '{', 23, 10>
2026-06-23 10:03:24,878 - INFO - Token: <PT, 'pt', 24, 4>
2026-06-23 10:03:24,878 - INFO - Token: <ABRE_PARENTESES, '(', 24, 6>
2026-06-23 10:03:24,878 - INFO - Token: <STRING, '"a é 5"', 24, 7>
2026-06-23 10:03:24,878 - INFO - Token: <FECHA_PARENTESES, ')', 24, 14>
2026-06-23 10:03:24,878 - INFO - Token: <PONTO_VIRGULA, ';', 24, 15>
2026-06-23 10:03:24,878 - INFO - Token: <FECHA_CHAVES, '}', 25, 0>
2026-06-23 10:03:24,878 - INFO - Token: <EI, 'ei', 25, 2>
2026-06-23 10:03:24,879 - INFO - Token: <ID, 'a', 25, 5>
2026-06-23 10:03:24,879 - INFO - Token: <IGUAL, '==', 25, 7>
2026-06-23 10:03:24,879 - INFO - Token: <NUMERO, '10', 25, 10>
2026-06-23 10:03:24,879 - INFO - Token: <ABRE_CHAVES, '{', 25, 13>
2026-06-23 10:03:24,879 - INFO - Token: <PT, 'pt', 26, 4>
2026-06-23 10:03:24,879 - INFO - Token: <ABRE_PARENTESES, '(', 26, 6>
2026-06-23 10:03:24,879 - INFO - Token: <STRING, '"a é 10"', 26, 7>
2026-06-23 10:03:24,879 - INFO - Token: <FECHA_PARENTESES, ')', 26, 15>
2026-06-23 10:03:24,879 - INFO - Token: <PONTO_VIRGULA, ';', 26, 16>
2026-06-23 10:03:24,879 - INFO - Token: <FECHA_CHAVES, '}', 27, 0>
2026-06-23 10:03:24,879 - INFO - Token: <EI, 'ei', 27, 2>
2026-06-23 10:03:24,879 - INFO - Token: <ID, 'a', 27, 5>
2026-06-23 10:03:24,879 - INFO - Token: <IGUAL, '==', 27, 7>
2026-06-23 10:03:24,879 - INFO - Token: <NUMERO, '20', 27, 10>
2026-06-23 10:03:24,879 - INFO - Token: <ABRE_CHAVES, '{', 27, 13>
2026-06-23 10:03:24,879 - INFO - Token: <PT, 'pt', 28, 4>
2026-06-23 10:03:24,879 - INFO - Token: <ABRE_PARENTESES, '(', 28, 6>
2026-06-23 10:03:24,879 - INFO - Token: <STRING, '"a é 20"', 28, 7>
2026-06-23 10:03:24,879 - INFO - Token: <FECHA_PARENTESES, ')', 28, 15>
2026-06-23 10:03:24,879 - INFO - Token: <PONTO_VIRGULA, ';', 28, 16>
2026-06-23 10:03:24,879 - INFO - Token: <FECHA_CHAVES, '}', 29, 0>
2026-06-23 10:03:24,879 - INFO - Token: <PT, 'pt', 31, 0>
2026-06-23 10:03:24,879 - INFO - Token: <ABRE_PARENTESES, '(', 31, 2>
2026-06-23 10:03:24,879 - INFO - Token: <STRING, '"=== While ==="', 31, 3>
2026-06-23 10:03:24,879 - INFO - Token: <FECHA_PARENTESES, ')', 31, 18>
2026-06-23 10:03:24,879 - INFO - Token: <PONTO_VIRGULA, ';', 31, 19>
2026-06-23 10:03:24,880 - INFO - Token: <TIPO_INT, 'i', 32, 0>
2026-06-23 10:03:24,880 - INFO - Token: <ID, 'contador', 32, 2>
2026-06-23 10:03:24,880 - INFO - Token: <ATRIBUICAO, '=', 32, 11>
2026-06-23 10:03:24,880 - INFO - Token: <NUMERO, '0', 32, 13>
2026-06-23 10:03:24,880 - INFO - Token: <PONTO_VIRGULA, ';', 32, 14>
2026-06-23 10:03:24,880 - INFO - Token: <WL, 'wl', 33, 0>
2026-06-23 10:03:24,880 - INFO - Token: <ID, 'contador', 33, 3>
2026-06-23 10:03:24,880 - INFO - Token: <MENOR, '<', 33, 12>
2026-06-23 10:03:24,880 - INFO - Token: <NUMERO, '5', 33, 14>
2026-06-23 10:03:24,880 - INFO - Token: <DO, 'do', 33, 16>
2026-06-23 10:03:24,880 - INFO - Token: <ABRE_CHAVES, '{', 33, 19>
2026-06-23 10:03:24,880 - INFO - Token: <PT, 'pt', 34, 4>
2026-06-23 10:03:24,880 - INFO - Token: <ABRE_PARENTESES, '(', 34, 6>
2026-06-23 10:03:24,880 - INFO - Token: <ID, 'contador', 34, 7>
2026-06-23 10:03:24,880 - INFO - Token: <FECHA_PARENTESES, ')', 34, 15>
2026-06-23 10:03:24,880 - INFO - Token: <PONTO_VIRGULA, ';', 34, 16>
2026-06-23 10:03:24,880 - INFO - Token: <ID, 'contador', 35, 4>
2026-06-23 10:03:24,880 - INFO - Token: <ATRIBUICAO, '=', 35, 13>
2026-06-23 10:03:24,880 - INFO - Token: <ID, 'contador', 35, 15>
2026-06-23 10:03:24,880 - INFO - Token: <SOMA, '+', 35, 24>
2026-06-23 10:03:24,880 - INFO - Token: <NUMERO, '1', 35, 26>
2026-06-23 10:03:24,880 - INFO - Token: <PONTO_VIRGULA, ';', 35, 27>
2026-06-23 10:03:24,880 - INFO - Token: <FECHA_CHAVES, '}', 36, 0>
2026-06-23 10:03:24,880 - INFO - Token: <PT, 'pt', 38, 0>
2026-06-23 10:03:24,880 - INFO - Token: <ABRE_PARENTESES, '(', 38, 2>
2026-06-23 10:03:24,880 - INFO - Token: <STRING, '"=== Expressões lógicas ==="', 38, 3>
2026-06-23 10:03:24,880 - INFO - Token: <FECHA_PARENTESES, ')', 38, 31>
2026-06-23 10:03:24,881 - INFO - Token: <PONTO_VIRGULA, ';', 38, 32>
2026-06-23 10:03:24,881 - INFO - Token: <IF, 'if', 39, 0>
2026-06-23 10:03:24,881 - INFO - Token: <ID, 'a', 39, 3>
2026-06-23 10:03:24,881 - INFO - Token: <MAIOR, '>', 39, 5>
2026-06-23 10:03:24,881 - INFO - Token: <NUMERO, '5', 39, 7>
2026-06-23 10:03:24,881 - INFO - Token: <AND, 'and', 39, 9>
2026-06-23 10:03:24,881 - INFO - Token: <ID, 'b', 39, 13>
2026-06-23 10:03:24,881 - INFO - Token: <MENOR, '<', 39, 15>
2026-06-23 10:03:24,881 - INFO - Token: <NUMERO, '10', 39, 17>
2026-06-23 10:03:24,881 - INFO - Token: <ABRE_CHAVES, '{', 39, 20>
2026-06-23 10:03:24,881 - INFO - Token: <PT, 'pt', 40, 4>
2026-06-23 10:03:24,881 - INFO - Token: <ABRE_PARENTESES, '(', 40, 6>
2026-06-23 10:03:24,881 - INFO - Token: <STRING, '"ambos verdadeiros"', 40, 7>
2026-06-23 10:03:24,881 - INFO - Token: <FECHA_PARENTESES, ')', 40, 26>
2026-06-23 10:03:24,881 - INFO - Token: <PONTO_VIRGULA, ';', 40, 27>
2026-06-23 10:03:24,881 - INFO - Token: <FECHA_CHAVES, '}', 41, 0>
2026-06-23 10:03:24,881 - INFO - Token: <IF, 'if', 43, 0>
2026-06-23 10:03:24,881 - INFO - Token: <ID, 'a', 43, 3>
2026-06-23 10:03:24,881 - INFO - Token: <IGUAL, '==', 43, 5>
2026-06-23 10:03:24,881 - INFO - Token: <NUMERO, '10', 43, 8>
2026-06-23 10:03:24,881 - INFO - Token: <OR, 'or', 43, 11>
2026-06-23 10:03:24,881 - INFO - Token: <ID, 'b', 43, 14>
2026-06-23 10:03:24,881 - INFO - Token: <IGUAL, '==', 43, 16>
2026-06-23 10:03:24,881 - INFO - Token: <NUMERO, '10', 43, 19>
2026-06-23 10:03:24,881 - INFO - Token: <ABRE_CHAVES, '{', 43, 22>
2026-06-23 10:03:24,881 - INFO - Token: <PT, 'pt', 44, 4>
2026-06-23 10:03:24,881 - INFO - Token: <ABRE_PARENTESES, '(', 44, 6>
2026-06-23 10:03:24,882 - INFO - Token: <STRING, '"pelo menos um verdadeiro"', 44, 7>
2026-06-23 10:03:24,882 - INFO - Token: <FECHA_PARENTESES, ')', 44, 33>
2026-06-23 10:03:24,882 - INFO - Token: <PONTO_VIRGULA, ';', 44, 34>
2026-06-23 10:03:24,882 - INFO - Token: <FECHA_CHAVES, '}', 45, 0>
2026-06-23 10:03:24,882 - INFO - Token: <IF, 'if', 47, 0>
2026-06-23 10:03:24,882 - INFO - Token: <NOT, '!', 47, 3>
2026-06-23 10:03:24,882 - INFO - Token: <ID, 'b', 47, 5>
2026-06-23 10:03:24,882 - INFO - Token: <IGUAL, '==', 47, 7>
2026-06-23 10:03:24,882 - INFO - Token: <NUMERO, '10', 47, 10>
2026-06-23 10:03:24,882 - INFO - Token: <ABRE_CHAVES, '{', 47, 13>
2026-06-23 10:03:24,882 - INFO - Token: <PT, 'pt', 48, 4>
2026-06-23 10:03:24,882 - INFO - Token: <ABRE_PARENTESES, '(', 48, 6>
2026-06-23 10:03:24,882 - INFO - Token: <STRING, '"b não é 10"', 48, 7>
2026-06-23 10:03:24,882 - INFO - Token: <FECHA_PARENTESES, ')', 48, 19>
2026-06-23 10:03:24,882 - INFO - Token: <PONTO_VIRGULA, ';', 48, 20>
2026-06-23 10:03:24,882 - INFO - Token: <FECHA_CHAVES, '}', 49, 0>
2026-06-23 10:03:24,882 - INFO - Token: <PT, 'pt', 51, 0>
2026-06-23 10:03:24,882 - INFO - Token: <ABRE_PARENTESES, '(', 51, 2>
2026-06-23 10:03:24,882 - INFO - Token: <STRING, '"=== While aninhado ==="', 51, 3>
2026-06-23 10:03:24,882 - INFO - Token: <FECHA_PARENTESES, ')', 51, 27>
2026-06-23 10:03:24,882 - INFO - Token: <PONTO_VIRGULA, ';', 51, 28>
2026-06-23 10:03:24,882 - INFO - Token: <TIPO_INT, 'i', 52, 0>
2026-06-23 10:03:24,882 - INFO - Token: <ID, 'x', 52, 2>
2026-06-23 10:03:24,882 - INFO - Token: <ATRIBUICAO, '=', 52, 4>
2026-06-23 10:03:24,882 - INFO - Token: <NUMERO, '0', 52, 6>
2026-06-23 10:03:24,882 - INFO - Token: <PONTO_VIRGULA, ';', 52, 7>
2026-06-23 10:03:24,883 - INFO - Token: <WL, 'wl', 53, 0>
2026-06-23 10:03:24,883 - INFO - Token: <ID, 'x', 53, 3>
2026-06-23 10:03:24,883 - INFO - Token: <MENOR, '<', 53, 5>
2026-06-23 10:03:24,883 - INFO - Token: <NUMERO, '3', 53, 7>
2026-06-23 10:03:24,883 - INFO - Token: <DO, 'do', 53, 9>
2026-06-23 10:03:24,883 - INFO - Token: <ABRE_CHAVES, '{', 53, 12>
2026-06-23 10:03:24,883 - INFO - Token: <TIPO_INT, 'i', 54, 4>
2026-06-23 10:03:24,883 - INFO - Token: <ID, 'j', 54, 6>
2026-06-23 10:03:24,883 - INFO - Token: <ATRIBUICAO, '=', 54, 8>
2026-06-23 10:03:24,883 - INFO - Token: <NUMERO, '0', 54, 10>
2026-06-23 10:03:24,883 - INFO - Token: <PONTO_VIRGULA, ';', 54, 11>
2026-06-23 10:03:24,883 - INFO - Token: <WL, 'wl', 55, 4>
2026-06-23 10:03:24,883 - INFO - Token: <ID, 'j', 55, 7>
2026-06-23 10:03:24,883 - INFO - Token: <MENOR, '<', 55, 9>
2026-06-23 10:03:24,883 - INFO - Token: <NUMERO, '2', 55, 11>
2026-06-23 10:03:24,883 - INFO - Token: <DO, 'do', 55, 13>
2026-06-23 10:03:24,883 - INFO - Token: <ABRE_CHAVES, '{', 55, 16>
2026-06-23 10:03:24,883 - INFO - Token: <PT, 'pt', 56, 8>
2026-06-23 10:03:24,883 - INFO - Token: <ABRE_PARENTESES, '(', 56, 10>
2026-06-23 10:03:24,883 - INFO - Token: <ID, 'x', 56, 11>
2026-06-23 10:03:24,883 - INFO - Token: <MULTIPLICACAO, '*', 56, 13>
2026-06-23 10:03:24,883 - INFO - Token: <NUMERO, '10', 56, 15>
2026-06-23 10:03:24,883 - INFO - Token: <SOMA, '+', 56, 18>
2026-06-23 10:03:24,883 - INFO - Token: <ID, 'j', 56, 20>
2026-06-23 10:03:24,883 - INFO - Token: <FECHA_PARENTESES, ')', 56, 21>
2026-06-23 10:03:24,883 - INFO - Token: <PONTO_VIRGULA, ';', 56, 22>
2026-06-23 10:03:24,883 - INFO - Token: <ID, 'j', 57, 8>
2026-06-23 10:03:24,884 - INFO - Token: <ATRIBUICAO, '=', 57, 10>
2026-06-23 10:03:24,884 - INFO - Token: <ID, 'j', 57, 12>
2026-06-23 10:03:24,884 - INFO - Token: <SOMA, '+', 57, 14>
2026-06-23 10:03:24,884 - INFO - Token: <NUMERO, '1', 57, 16>
2026-06-23 10:03:24,884 - INFO - Token: <PONTO_VIRGULA, ';', 57, 17>
2026-06-23 10:03:24,884 - INFO - Token: <FECHA_CHAVES, '}', 58, 4>
2026-06-23 10:03:24,884 - INFO - Token: <ID, 'x', 59, 4>
2026-06-23 10:03:24,884 - INFO - Token: <ATRIBUICAO, '=', 59, 6>
2026-06-23 10:03:24,884 - INFO - Token: <ID, 'x', 59, 8>
2026-06-23 10:03:24,884 - INFO - Token: <SOMA, '+', 59, 10>
2026-06-23 10:03:24,884 - INFO - Token: <NUMERO, '1', 59, 12>
2026-06-23 10:03:24,884 - INFO - Token: <PONTO_VIRGULA, ';', 59, 13>
2026-06-23 10:03:24,884 - INFO - Token: <FECHA_CHAVES, '}', 60, 0>
2026-06-23 10:03:24,884 - INFO - Token: <PT, 'pt', 62, 0>
2026-06-23 10:03:24,884 - INFO - Token: <ABRE_PARENTESES, '(', 62, 2>
2026-06-23 10:03:24,884 - INFO - Token: <STRING, '"=== Fim do teste ==="', 62, 3>
2026-06-23 10:03:24,884 - INFO - Token: <FECHA_PARENTESES, ')', 62, 25>
2026-06-23 10:03:24,884 - INFO - Token: <PONTO_VIRGULA, ';', 62, 26>
2026-06-23 10:03:24,884 - INFO - Iniciando análise sintática.
2026-06-23 10:03:24,891 - INFO - Análise sintática concluída.
2026-06-23 10:03:24,891 - INFO - Iniciando análise semântica.
2026-06-23 10:03:24,892 - INFO - Análise semântica concluída sem erros.
2026-06-23 10:03:24,892 - INFO - Análise semântica concluída.
2026-06-23 10:03:24,892 - INFO - Iniciando geração de código Python.
2026-06-23 10:03:24,893 - INFO - Código Python gerado em /tmp/teste_completo.py.
2026-06-23 10:20:45,853 - INFO - Iniciando compilação do arquivo teste_compilador.cmm.
2026-06-23 10:20:45,861 - INFO - Token: <TIPO_INT, 'i', 5, 0>
2026-06-23 10:20:45,861 - INFO - Token: <ID, 'x', 5, 2>
2026-06-23 10:20:45,861 - INFO - Token: <ATRIBUICAO, '=', 5, 4>
2026-06-23 10:20:45,861 - INFO - Token: <NUMERO, '10', 5, 6>
2026-06-23 10:20:45,861 - INFO - Token: <PONTO_VIRGULA, ';', 5, 8>
2026-06-23 10:20:45,861 - INFO - Token: <TIPO_INT, 'i', 6, 0>
2026-06-23 10:20:45,861 - INFO - Token: <ID, 'y', 6, 2>
2026-06-23 10:20:45,861 - INFO - Token: <ATRIBUICAO, '=', 6, 4>
2026-06-23 10:20:45,861 - INFO - Token: <NUMERO, '3', 6, 6>
2026-06-23 10:20:45,863 - INFO - Token: <PONTO_VIRGULA, ';', 6, 7>
2026-06-23 10:20:45,863 - INFO - Token: <TIPO_INT, 'i', 7, 0>
2026-06-23 10:20:45,863 - INFO - Token: <ID, 'soma', 7, 2>
2026-06-23 10:20:45,863 - INFO - Token: <ATRIBUICAO, '=', 7, 7>
2026-06-23 10:20:45,863 - INFO - Token: <ID, 'x', 7, 9>
2026-06-23 10:20:45,863 - INFO - Token: <SOMA, '+', 7, 11>
2026-06-23 10:20:45,864 - INFO - Token: <ID, 'y', 7, 13>
2026-06-23 10:20:45,864 - INFO - Token: <PONTO_VIRGULA, ';', 7, 14>
2026-06-23 10:20:45,864 - INFO - Token: <TIPO_INT, 'i', 8, 0>
2026-06-23 10:20:45,864 - INFO - Token: <ID, 'produto', 8, 2>
2026-06-23 10:20:45,864 - INFO - Token: <ATRIBUICAO, '=', 8, 10>
2026-06-23 10:20:45,864 - INFO - Token: <ID, 'x', 8, 12>
2026-06-23 10:20:45,864 - INFO - Token: <MULTIPLICACAO, '*', 8, 14>
2026-06-23 10:20:45,864 - INFO - Token: <ID, 'y', 8, 16>
2026-06-23 10:20:45,864 - INFO - Token: <PONTO_VIRGULA, ';', 8, 17>
2026-06-23 10:20:45,864 - INFO - Token: <TIPO_INT, 'i', 9, 0>
2026-06-23 10:20:45,864 - INFO - Token: <ID, 'contador', 9, 2>
2026-06-23 10:20:45,864 - INFO - Token: <ATRIBUICAO, '=', 9, 11>
2026-06-23 10:20:45,864 - INFO - Token: <NUMERO, '0', 9, 13>
2026-06-23 10:20:45,864 - INFO - Token: <PONTO_VIRGULA, ';', 9, 14>
2026-06-23 10:20:45,864 - INFO - Token: <TIPO_STR, 's', 10, 0>
2026-06-23 10:20:45,864 - INFO - Token: <ID, 'nome', 10, 2>
2026-06-23 10:20:45,864 - INFO - Token: <ATRIBUICAO, '=', 10, 7>
2026-06-23 10:20:45,864 - INFO - Token: <STRING, '"cmaismenos"', 10, 9>
2026-06-23 10:20:45,864 - INFO - Token: <PONTO_VIRGULA, ';', 10, 21>
2026-06-23 10:20:45,864 - INFO - Token: <PT, 'pt', 12, 0>
2026-06-23 10:20:45,864 - INFO - Token: <ABRE_PARENTESES, '(', 12, 2>
2026-06-23 10:20:45,864 - INFO - Token: <STRING, '"=== TESTE DO COMPILADOR ==="', 12, 3>
2026-06-23 10:20:45,865 - INFO - Token: <FECHA_PARENTESES, ')', 12, 32>
2026-06-23 10:20:45,865 - INFO - Token: <PONTO_VIRGULA, ';', 12, 33>
2026-06-23 10:20:45,865 - INFO - Token: <PT, 'pt', 13, 0>
2026-06-23 10:20:45,865 - INFO - Token: <ABRE_PARENTESES, '(', 13, 2>
2026-06-23 10:20:45,865 - INFO - Token: <ID, 'nome', 13, 3>
2026-06-23 10:20:45,865 - INFO - Token: <FECHA_PARENTESES, ')', 13, 7>
2026-06-23 10:20:45,865 - INFO - Token: <PONTO_VIRGULA, ';', 13, 8>
2026-06-23 10:20:45,865 - INFO - Token: <PT, 'pt', 14, 0>
2026-06-23 10:20:45,865 - INFO - Token: <ABRE_PARENTESES, '(', 14, 2>
2026-06-23 10:20:45,865 - INFO - Token: <ID, 'soma', 14, 3>
2026-06-23 10:20:45,865 - INFO - Token: <FECHA_PARENTESES, ')', 14, 7>
2026-06-23 10:20:45,865 - INFO - Token: <PONTO_VIRGULA, ';', 14, 8>
2026-06-23 10:20:45,865 - INFO - Token: <PT, 'pt', 15, 0>
2026-06-23 10:20:45,865 - INFO - Token: <ABRE_PARENTESES, '(', 15, 2>
2026-06-23 10:20:45,865 - INFO - Token: <ID, 'produto', 15, 3>
2026-06-23 10:20:45,865 - INFO - Token: <FECHA_PARENTESES, ')', 15, 10>
2026-06-23 10:20:45,865 - INFO - Token: <PONTO_VIRGULA, ';', 15, 11>
2026-06-23 10:20:45,865 - INFO - Token: <IF, 'if', 17, 0>
2026-06-23 10:20:45,865 - INFO - Token: <ID, 'soma', 17, 3>
2026-06-23 10:20:45,865 - INFO - Token: <MAIOR, '>', 17, 8>
2026-06-23 10:20:45,865 - INFO - Token: <ID, 'produto', 17, 10>
2026-06-23 10:20:45,866 - INFO - Token: <ABRE_CHAVES, '{', 17, 18>
2026-06-23 10:20:45,866 - INFO - Token: <PT, 'pt', 18, 4>
2026-06-23 10:20:45,866 - INFO - Token: <ABRE_PARENTESES, '(', 18, 6>
2026-06-23 10:20:45,866 - INFO - Token: <STRING, '"soma maior"', 18, 7>
2026-06-23 10:20:45,866 - INFO - Token: <FECHA_PARENTESES, ')', 18, 19>
2026-06-23 10:20:45,866 - INFO - Token: <PONTO_VIRGULA, ';', 18, 20>
2026-06-23 10:20:45,866 - INFO - Token: <FECHA_CHAVES, '}', 19, 0>
2026-06-23 10:20:45,866 - INFO - Token: <EL, 'el', 19, 2>
2026-06-23 10:20:45,866 - INFO - Token: <ABRE_CHAVES, '{', 19, 5>
2026-06-23 10:20:45,866 - INFO - Token: <PT, 'pt', 20, 4>
2026-06-23 10:20:45,866 - INFO - Token: <ABRE_PARENTESES, '(', 20, 6>
2026-06-23 10:20:45,866 - INFO - Token: <STRING, '"produto maior ou igual"', 20, 7>
2026-06-23 10:20:45,866 - INFO - Token: <FECHA_PARENTESES, ')', 20, 31>
2026-06-23 10:20:45,866 - INFO - Token: <PONTO_VIRGULA, ';', 20, 32>
2026-06-23 10:20:45,866 - INFO - Token: <FECHA_CHAVES, '}', 21, 0>
2026-06-23 10:20:45,866 - INFO - Token: <WL, 'wl', 23, 0>
2026-06-23 10:20:45,866 - INFO - Token: <ID, 'contador', 23, 3>
2026-06-23 10:20:45,866 - INFO - Token: <MENOR, '<', 23, 12>
2026-06-23 10:20:45,866 - INFO - Token: <NUMERO, '3', 23, 14>
2026-06-23 10:20:45,866 - INFO - Token: <DO, 'do', 23, 16>
2026-06-23 10:20:45,867 - INFO - Token: <ABRE_CHAVES, '{', 23, 19>
2026-06-23 10:20:45,867 - INFO - Token: <PT, 'pt', 24, 4>
2026-06-23 10:20:45,867 - INFO - Token: <ABRE_PARENTESES, '(', 24, 6>
2026-06-23 10:20:45,867 - INFO - Token: <ID, 'contador', 24, 7>
2026-06-23 10:20:45,867 - INFO - Token: <FECHA_PARENTESES, ')', 24, 15>
2026-06-23 10:20:45,867 - INFO - Token: <PONTO_VIRGULA, ';', 24, 16>
2026-06-23 10:20:45,867 - INFO - Token: <ID, 'contador', 25, 4>
2026-06-23 10:20:45,867 - INFO - Token: <ATRIBUICAO, '=', 25, 13>
2026-06-23 10:20:45,867 - INFO - Token: <ID, 'contador', 25, 15>
2026-06-23 10:20:45,867 - INFO - Token: <SOMA, '+', 25, 24>
2026-06-23 10:20:45,867 - INFO - Token: <NUMERO, '1', 25, 26>
2026-06-23 10:20:45,867 - INFO - Token: <PONTO_VIRGULA, ';', 25, 27>
2026-06-23 10:20:45,867 - INFO - Token: <FECHA_CHAVES, '}', 26, 0>
2026-06-23 10:20:45,867 - INFO - Token: <PT, 'pt', 28, 0>
2026-06-23 10:20:45,867 - INFO - Token: <ABRE_PARENTESES, '(', 28, 2>
2026-06-23 10:20:45,867 - INFO - Token: <STRING, '"=== FIM DO TESTE ==="', 28, 3>
2026-06-23 10:20:45,867 - INFO - Token: <FECHA_PARENTESES, ')', 28, 25>
2026-06-23 10:20:45,867 - INFO - Token: <PONTO_VIRGULA, ';', 28, 26>
2026-06-23 10:20:45,867 - INFO - Iniciando análise sintática.
2026-06-23 10:20:45,872 - INFO - Análise sintática concluída.
2026-06-23 10:20:45,872 - INFO - Iniciando análise semântica.
2026-06-23 10:20:45,872 - INFO - Análise semântica concluída sem erros.
2026-06-23 10:20:45,872 - INFO - Análise semântica concluída.
2026-06-23 10:20:45,872 - INFO - Iniciando geração de código Python.
2026-06-23 10:20:45,873 - INFO - Código Python gerado em saida.py.
2026-06-23 10:20:51,018 - INFO - Iniciando compilação do arquivo teste_erros_semanticos.cmm.
2026-06-23 10:20:51,023 - INFO - Token: <TIPO_INT, 'i', 1, 0>
2026-06-23 10:20:51,023 - INFO - Token: <ID, 'x', 1, 2>
2026-06-23 10:20:51,023 - INFO - Token: <ATRIBUICAO, '=', 1, 4>
2026-06-23 10:20:51,023 - INFO - Token: <NUMERO, '10', 1, 6>
2026-06-23 10:20:51,023 - INFO - Token: <PONTO_VIRGULA, ';', 1, 8>
2026-06-23 10:20:51,023 - INFO - Token: <TIPO_STR, 's', 2, 0>
2026-06-23 10:20:51,023 - INFO - Token: <ID, 'nome', 2, 2>
2026-06-23 10:20:51,023 - INFO - Token: <ATRIBUICAO, '=', 2, 7>
2026-06-23 10:20:51,023 - INFO - Token: <STRING, '"ana"', 2, 9>
2026-06-23 10:20:51,023 - INFO - Token: <PONTO_VIRGULA, ';', 2, 14>
2026-06-23 10:20:51,023 - INFO - Token: <PT, 'pt', 4, 0>
2026-06-23 10:20:51,023 - INFO - Token: <ABRE_PARENTESES, '(', 4, 2>
2026-06-23 10:20:51,023 - INFO - Token: <ID, 'y', 4, 3>
2026-06-23 10:20:51,023 - INFO - Token: <FECHA_PARENTESES, ')', 4, 4>
2026-06-23 10:20:51,023 - INFO - Token: <PONTO_VIRGULA, ';', 4, 5>
2026-06-23 10:20:51,024 - INFO - Token: <ID, 'x', 6, 0>
2026-06-23 10:20:51,024 - INFO - Token: <ATRIBUICAO, '=', 6, 2>
2026-06-23 10:20:51,024 - INFO - Token: <ID, 'nome', 6, 4>
2026-06-23 10:20:51,024 - INFO - Token: <PONTO_VIRGULA, ';', 6, 8>
2026-06-23 10:20:51,024 - INFO - Token: <ID, 'nome', 8, 0>
2026-06-23 10:20:51,024 - INFO - Token: <ATRIBUICAO, '=', 8, 5>
2026-06-23 10:20:51,024 - INFO - Token: <ID, 'x', 8, 7>
2026-06-23 10:20:51,024 - INFO - Token: <SOMA, '+', 8, 9>
2026-06-23 10:20:51,024 - INFO - Token: <NUMERO, '1', 8, 11>
2026-06-23 10:20:51,024 - INFO - Token: <PONTO_VIRGULA, ';', 8, 12>
2026-06-23 10:20:51,024 - INFO - Token: <ID, 'x', 10, 0>
2026-06-23 10:20:51,024 - INFO - Token: <ATRIBUICAO, '=', 10, 2>
2026-06-23 10:20:51,024 - INFO - Token: <NUMERO, '10', 10, 4>
2026-06-23 10:20:51,024 - INFO - Token: <DIVISAO, '/', 10, 7>
2026-06-23 10:20:51,024 - INFO - Token: <NUMERO, '0', 10, 9>
2026-06-23 10:20:51,024 - INFO - Token: <PONTO_VIRGULA, ';', 10, 10>
2026-06-23 10:20:51,024 - INFO - Token: <TIPO_INT, 'i', 12, 0>
2026-06-23 10:20:51,024 - INFO - Token: <ID, 'x', 12, 2>
2026-06-23 10:20:51,024 - INFO - Token: <ATRIBUICAO, '=', 12, 4>
2026-06-23 10:20:51,024 - INFO - Token: <NUMERO, '20', 12, 6>
2026-06-23 10:20:51,024 - INFO - Token: <PONTO_VIRGULA, ';', 12, 8>
2026-06-23 10:20:51,024 - INFO - Token: <PT, 'pt', 14, 0>
2026-06-23 10:20:51,024 - INFO - Token: <ABRE_PARENTESES, '(', 14, 2>
2026-06-23 10:20:51,024 - INFO - Token: <ID, 'nome', 14, 3>
2026-06-23 10:20:51,024 - INFO - Token: <SOMA, '+', 14, 8>
2026-06-23 10:20:51,024 - INFO - Token: <NUMERO, '2', 14, 10>
2026-06-23 10:20:51,025 - INFO - Token: <FECHA_PARENTESES, ')', 14, 11>
2026-06-23 10:20:51,025 - INFO - Token: <PONTO_VIRGULA, ';', 14, 12>
2026-06-23 10:20:51,025 - INFO - Token: <IF, 'if', 16, 0>
2026-06-23 10:20:51,025 - INFO - Token: <ID, 'x', 16, 3>
2026-06-23 10:20:51,025 - INFO - Token: <IGUAL, '==', 16, 5>
2026-06-23 10:20:51,025 - INFO - Token: <ID, 'nome', 16, 8>
2026-06-23 10:20:51,025 - INFO - Token: <ABRE_CHAVES, '{', 16, 13>
2026-06-23 10:20:51,025 - INFO - Token: <PT, 'pt', 17, 4>
2026-06-23 10:20:51,025 - INFO - Token: <ABRE_PARENTESES, '(', 17, 6>
2026-06-23 10:20:51,025 - INFO - Token: <ID, 'x', 17, 7>
2026-06-23 10:20:51,025 - INFO - Token: <FECHA_PARENTESES, ')', 17, 8>
2026-06-23 10:20:51,025 - INFO - Token: <PONTO_VIRGULA, ';', 17, 9>
2026-06-23 10:20:51,025 - INFO - Token: <FECHA_CHAVES, '}', 18, 0>
2026-06-23 10:20:51,025 - INFO - Token: <IF, 'if', 20, 0>
2026-06-23 10:20:51,025 - INFO - Token: <ID, 'nome', 20, 3>
2026-06-23 10:20:51,025 - INFO - Token: <MENOR, '<', 20, 8>
2026-06-23 10:20:51,025 - INFO - Token: <ID, 'x', 20, 10>
2026-06-23 10:20:51,025 - INFO - Token: <ABRE_CHAVES, '{', 20, 12>
2026-06-23 10:20:51,025 - INFO - Token: <PT, 'pt', 21, 4>
2026-06-23 10:20:51,025 - INFO - Token: <ABRE_PARENTESES, '(', 21, 6>
2026-06-23 10:20:51,025 - INFO - Token: <ID, 'nome', 21, 7>
2026-06-23 10:20:51,025 - INFO - Token: <FECHA_PARENTESES, ')', 21, 11>
2026-06-23 10:20:51,025 - INFO - Token: <PONTO_VIRGULA, ';', 21, 12>
2026-06-23 10:20:51,025 - INFO - Token: <FECHA_CHAVES, '}', 22, 0>
2026-06-23 10:20:51,025 - INFO - Iniciando análise sintática.
2026-06-23 10:20:51,029 - INFO - Análise sintática concluída.
2026-06-23 10:20:51,029 - INFO - Iniciando análise semântica.
2026-06-23 10:20:51,030 - ERROR - Análise semântica encontrou 8 erro(s).
2026-06-23 10:20:51,030 - ERROR - SEM-001 [Linha 4, Coluna 3] Lexema: 'y' | Contexto: uso de variável | Mensagem: Variável 'y' usada antes de ser declarada. | Sugestão: Declare 'y' antes de usar esse identificador em uma expressão.
2026-06-23 10:20:51,030 - ERROR - SEM-003 [Linha 6, Coluna 0] Lexema: 'x' | Contexto: atribuição | Mensagem: Variável 'x' é do tipo inteiro, mas recebeu expressão do tipo texto. | Sugestão: Atribua um valor compatível com o tipo declarado da variável.
2026-06-23 10:20:51,030 - ERROR - SEM-003 [Linha 8, Coluna 0] Lexema: 'nome' | Contexto: atribuição | Mensagem: Variável 'nome' é do tipo texto, mas recebeu expressão do tipo inteiro. | Sugestão: Atribua um valor compatível com o tipo declarado da variável.
2026-06-23 10:20:51,030 - ERROR - SEM-007 [Linha 10, Coluna 9] Lexema: '0' | Contexto: termo aritmético | Mensagem: Divisão por zero não é permitida. | Sugestão: Use um divisor diferente de zero.
2026-06-23 10:20:51,030 - ERROR - SEM-002 [Linha 12, Coluna 2] Lexema: 'x' | Contexto: declaração de variável | Mensagem: Variável 'x' já foi declarada neste escopo. | Sugestão: Use outro nome ou remova a declaração duplicada. A declaração anterior está na linha 1, coluna 2.
2026-06-23 10:20:51,030 - ERROR - SEM-005 [Linha 14, Coluna 3] Lexema: 'nome' | Contexto: expressão aritmética | Mensagem: Operadores '+' e '-' só podem ser usados com inteiros. | Sugestão: Remova strings da expressão ou use apenas variáveis inteiras.
2026-06-23 10:20:51,030 - ERROR - SEM-006 [Linha 16, Coluna 3] Lexema: 'x' | Contexto: comparação | Mensagem: Comparação '==' recebeu valores de tipos diferentes: inteiro e texto. | Sugestão: Compare valores do mesmo tipo.
2026-06-23 10:20:51,030 - ERROR - SEM-006 [Linha 20, Coluna 3] Lexema: 'nome' | Contexto: comparação | Mensagem: Comparação '<' só pode ser usada com inteiros. | Sugestão: Use '<' e '>' apenas entre números ou variáveis inteiras.
2026-06-23 10:20:51,030 - INFO - Análise semântica concluída.
2026-06-23 10:29:40,131 - INFO - Iniciando compilação do arquivo entrada.cmm.
2026-06-23 10:29:40,141 - INFO - Token: <TIPO_INT, 'i', 1, 0>
2026-06-23 10:29:40,141 - INFO - Token: <ID, 'x', 1, 2>
2026-06-23 10:29:40,141 - INFO - Token: <ATRIBUICAO, '=', 1, 4>
2026-06-23 10:29:40,141 - INFO - Token: <NUMERO, '1', 1, 6>
2026-06-23 10:29:40,141 - INFO - Token: <SOMA, '+', 1, 8>
2026-06-23 10:29:40,141 - INFO - Token: <NUMERO, '2', 1, 10>
2026-06-23 10:29:40,141 - INFO - Token: <SOMA, '+', 1, 12>
2026-06-23 10:29:40,141 - INFO - Token: <NUMERO, '3', 1, 14>
2026-06-23 10:29:40,141 - INFO - Token: <PONTO_VIRGULA, ';', 1, 15>
2026-06-23 10:29:40,141 - INFO - Token: <TIPO_INT, 'i', 2, 0>
2026-06-23 10:29:40,141 - INFO - Token: <ID, 'y', 2, 2>
2026-06-23 10:29:40,141 - INFO - Token: <ATRIBUICAO, '=', 2, 4>
2026-06-23 10:29:40,141 - INFO - Token: <NUMERO, '2', 2, 6>
2026-06-23 10:29:40,141 - INFO - Token: <MULTIPLICACAO, '*', 2, 8>
2026-06-23 10:29:40,142 - INFO - Token: <NUMERO, '3', 2, 10>
2026-06-23 10:29:40,142 - INFO - Token: <PONTO_VIRGULA, ';', 2, 11>
2026-06-23 10:29:40,142 - INFO - Token: <TIPO_INT, 'i', 3, 0>
2026-06-23 10:29:40,142 - INFO - Token: <ID, 'z', 3, 2>
2026-06-23 10:29:40,142 - INFO - Token: <ATRIBUICAO, '=', 3, 4>
2026-06-23 10:29:40,142 - INFO - Token: <NUMERO, '10', 3, 6>
2026-06-23 10:29:40,142 - INFO - Token: <DIVISAO, '/', 3, 9>
2026-06-23 10:29:40,142 - INFO - Token: <NUMERO, '2', 3, 11>
2026-06-23 10:29:40,142 - INFO - Token: <PONTO_VIRGULA, ';', 3, 12>
2026-06-23 10:29:40,142 - INFO - Token: <PT, 'pt', 5, 0>
2026-06-23 10:29:40,142 - INFO - Token: <ABRE_PARENTESES, '(', 5, 2>
2026-06-23 10:29:40,142 - INFO - Token: <ID, 'x', 5, 3>
2026-06-23 10:29:40,142 - INFO - Token: <FECHA_PARENTESES, ')', 5, 4>
2026-06-23 10:29:40,142 - INFO - Token: <PONTO_VIRGULA, ';', 5, 5>
2026-06-23 10:29:40,142 - INFO - Token: <PT, 'pt', 6, 0>
2026-06-23 10:29:40,142 - INFO - Token: <ABRE_PARENTESES, '(', 6, 2>
2026-06-23 10:29:40,142 - INFO - Token: <ID, 'y', 6, 3>
2026-06-23 10:29:40,142 - INFO - Token: <FECHA_PARENTESES, ')', 6, 4>
2026-06-23 10:29:40,142 - INFO - Token: <PONTO_VIRGULA, ';', 6, 5>
2026-06-23 10:29:40,142 - INFO - Token: <PT, 'pt', 7, 0>
2026-06-23 10:29:40,142 - INFO - Token: <ABRE_PARENTESES, '(', 7, 2>
2026-06-23 10:29:40,142 - INFO - Token: <ID, 'z', 7, 3>
2026-06-23 10:29:40,143 - INFO - Token: <FECHA_PARENTESES, ')', 7, 4>
2026-06-23 10:29:40,143 - INFO - Token: <PONTO_VIRGULA, ';', 7, 5>
2026-06-23 10:29:40,143 - INFO - Token: <TIPO_STR, 's', 8, 0>
2026-06-23 10:29:40,143 - INFO - Token: <ID, 'nome', 8, 2>
2026-06-23 10:29:40,143 - INFO - Token: <ATRIBUICAO, '=', 8, 7>
2026-06-23 10:29:40,143 - INFO - Token: <STRING, '"matheus"', 8, 9>
2026-06-23 10:29:40,143 - INFO - Token: <PONTO_VIRGULA, ';', 8, 18>
2026-06-23 10:29:40,143 - INFO - Token: <PT, 'pt', 9, 0>
2026-06-23 10:29:40,143 - INFO - Token: <ABRE_PARENTESES, '(', 9, 2>
2026-06-23 10:29:40,143 - INFO - Token: <ID, 'nome', 9, 3>
2026-06-23 10:29:40,143 - INFO - Token: <FECHA_PARENTESES, ')', 9, 7>
2026-06-23 10:29:40,143 - INFO - Token: <PONTO_VIRGULA, ';', 9, 8>
2026-06-23 10:29:40,143 - INFO - Token: <TIPO_INT, 'i', 11, 0>
2026-06-23 10:29:40,143 - INFO - Token: <ID, 'n', 11, 2>
2026-06-23 10:29:40,143 - INFO - Token: <ATRIBUICAO, '=', 11, 4>
2026-06-23 10:29:40,143 - INFO - Token: <NUMERO, '5', 11, 6>
2026-06-23 10:29:40,143 - INFO - Token: <PONTO_VIRGULA, ';', 11, 7>
2026-06-23 10:29:40,143 - INFO - Token: <TIPO_INT, 'i', 12, 0>
2026-06-23 10:29:40,143 - INFO - Token: <ID, 'r', 12, 2>
2026-06-23 10:29:40,143 - INFO - Token: <ATRIBUICAO, '=', 12, 4>
2026-06-23 10:29:40,144 - INFO - Token: <NUMERO, '0', 12, 6>
2026-06-23 10:29:40,144 - INFO - Token: <PONTO_VIRGULA, ';', 12, 7>
2026-06-23 10:29:40,144 - INFO - Token: <TIPO_INT, 'i', 13, 0>
2026-06-23 10:29:40,144 - INFO - Token: <ID, 'c', 13, 2>
2026-06-23 10:29:40,144 - INFO - Token: <ATRIBUICAO, '=', 13, 4>
2026-06-23 10:29:40,144 - INFO - Token: <NUMERO, '1', 13, 6>
2026-06-23 10:29:40,144 - INFO - Token: <PONTO_VIRGULA, ';', 13, 7>
2026-06-23 10:29:40,144 - INFO - Token: <TIPO_INT, 'i', 14, 0>
2026-06-23 10:29:40,144 - INFO - Token: <ID, 'k', 14, 2>
2026-06-23 10:29:40,144 - INFO - Token: <ATRIBUICAO, '=', 14, 4>
2026-06-23 10:29:40,144 - INFO - Token: <NUMERO, '0', 14, 6>
2026-06-23 10:29:40,144 - INFO - Token: <PONTO_VIRGULA, ';', 14, 7>
2026-06-23 10:29:40,144 - INFO - Token: <TIPO_INT, 'i', 15, 0>
2026-06-23 10:29:40,144 - INFO - Token: <ID, 'l', 15, 2>
2026-06-23 10:29:40,144 - INFO - Token: <ATRIBUICAO, '=', 15, 4>
2026-06-23 10:29:40,144 - INFO - Token: <NUMERO, '0', 15, 6>
2026-06-23 10:29:40,144 - INFO - Token: <PONTO_VIRGULA, ';', 15, 7>
2026-06-23 10:29:40,144 - INFO - Token: <TIPO_INT, 'i', 16, 0>
2026-06-23 10:29:40,145 - INFO - Token: <ID, 'd', 16, 2>
2026-06-23 10:29:40,145 - INFO - Token: <ATRIBUICAO, '=', 16, 4>
2026-06-23 10:29:40,145 - INFO - Token: <NUMERO, '0', 16, 6>
2026-06-23 10:29:40,145 - INFO - Token: <PONTO_VIRGULA, ';', 16, 7>
2026-06-23 10:29:40,145 - INFO - Token: <TIPO_INT, 'i', 17, 0>
2026-06-23 10:29:40,145 - INFO - Token: <ID, 'e', 17, 2>
2026-06-23 10:29:40,145 - INFO - Token: <ATRIBUICAO, '=', 17, 4>
2026-06-23 10:29:40,145 - INFO - Token: <NUMERO, '0', 17, 6>
2026-06-23 10:29:40,145 - INFO - Token: <PONTO_VIRGULA, ';', 17, 7>
2026-06-23 10:29:40,145 - INFO - Token: <WL, 'wl', 19, 0>
2026-06-23 10:29:40,145 - INFO - Token: <ID, 'r', 19, 3>
2026-06-23 10:29:40,145 - INFO - Token: <MENOR, '<', 19, 5>
2026-06-23 10:29:40,145 - INFO - Token: <ID, 'n', 19, 7>
2026-06-23 10:29:40,145 - INFO - Token: <DO, 'do', 19, 9>
2026-06-23 10:29:40,145 - INFO - Token: <ABRE_CHAVES, '{', 19, 12>
2026-06-23 10:29:40,145 - INFO - Token: <ID, 'c', 20, 4>
2026-06-23 10:29:40,145 - INFO - Token: <ATRIBUICAO, '=', 20, 6>
2026-06-23 10:29:40,145 - INFO - Token: <NUMERO, '1', 20, 8>
2026-06-23 10:29:40,145 - INFO - Token: <PONTO_VIRGULA, ';', 20, 9>
2026-06-23 10:29:40,146 - INFO - Token: <ID, 'k', 21, 4>
2026-06-23 10:29:40,146 - INFO - Token: <ATRIBUICAO, '=', 21, 6>
2026-06-23 10:29:40,146 - INFO - Token: <NUMERO, '0', 21, 8>
2026-06-23 10:29:40,146 - INFO - Token: <PONTO_VIRGULA, ';', 21, 9>
2026-06-23 10:29:40,146 - INFO - Token: <ID, 'l', 22, 4>
2026-06-23 10:29:40,146 - INFO - Token: <ATRIBUICAO, '=', 22, 6>
2026-06-23 10:29:40,146 - INFO - Token: <ID, 'r', 22, 8>
2026-06-23 10:29:40,146 - INFO - Token: <SOMA, '+', 22, 10>
2026-06-23 10:29:40,146 - INFO - Token: <NUMERO, '1', 22, 12>
2026-06-23 10:29:40,146 - INFO - Token: <PONTO_VIRGULA, ';', 22, 13>
2026-06-23 10:29:40,146 - INFO - Token: <WL, 'wl', 23, 4>
2026-06-23 10:29:40,146 - INFO - Token: <ID, 'k', 23, 7>
2026-06-23 10:29:40,146 - INFO - Token: <MENOR, '<', 23, 9>
2026-06-23 10:29:40,146 - INFO - Token: <ID, 'l', 23, 11>
2026-06-23 10:29:40,146 - INFO - Token: <DO, 'do', 23, 13>
2026-06-23 10:29:40,146 - INFO - Token: <ABRE_CHAVES, '{', 23, 16>
2026-06-23 10:29:40,146 - INFO - Token: <PT, 'pt', 25, 8>
2026-06-23 10:29:40,147 - INFO - Token: <ABRE_PARENTESES, '(', 25, 10>
2026-06-23 10:29:40,147 - INFO - Token: <ID, 'c', 25, 11>
2026-06-23 10:29:40,147 - INFO - Token: <FECHA_PARENTESES, ')', 25, 12>
2026-06-23 10:29:40,147 - INFO - Token: <PONTO_VIRGULA, ';', 25, 13>
2026-06-23 10:29:40,147 - INFO - Token: <ID, 'd', 26, 8>
2026-06-23 10:29:40,147 - INFO - Token: <ATRIBUICAO, '=', 26, 10>
2026-06-23 10:29:40,147 - INFO - Token: <ID, 'r', 26, 12>
2026-06-23 10:29:40,147 - INFO - Token: <SUBTRACAO, '-', 26, 14>
2026-06-23 10:29:40,147 - INFO - Token: <ID, 'k', 26, 16>
2026-06-23 10:29:40,147 - INFO - Token: <PONTO_VIRGULA, ';', 26, 17>
2026-06-23 10:29:40,147 - INFO - Token: <ID, 'e', 27, 8>
2026-06-23 10:29:40,147 - INFO - Token: <ATRIBUICAO, '=', 27, 10>
2026-06-23 10:29:40,147 - INFO - Token: <ID, 'k', 27, 12>
2026-06-23 10:29:40,147 - INFO - Token: <SOMA, '+', 27, 14>
2026-06-23 10:29:40,147 - INFO - Token: <NUMERO, '1', 27, 16>
2026-06-23 10:29:40,147 - INFO - Token: <PONTO_VIRGULA, ';', 27, 17>
2026-06-23 10:29:40,148 - INFO - Token: <ID, 'c', 28, 8>
2026-06-23 10:29:40,148 - INFO - Token: <ATRIBUICAO, '=', 28, 10>
2026-06-23 10:29:40,148 - INFO - Token: <ID, 'c', 28, 12>
2026-06-23 10:29:40,148 - INFO - Token: <MULTIPLICACAO, '*', 28, 14>
2026-06-23 10:29:40,148 - INFO - Token: <ID, 'd', 28, 16>
2026-06-23 10:29:40,148 - INFO - Token: <DIVISAO, '/', 28, 18>
2026-06-23 10:29:40,148 - INFO - Token: <ID, 'e', 28, 20>
2026-06-23 10:29:40,148 - INFO - Token: <PONTO_VIRGULA, ';', 28, 21>
2026-06-23 10:29:40,148 - INFO - Token: <ID, 'k', 30, 8>
2026-06-23 10:29:40,148 - INFO - Token: <ATRIBUICAO, '=', 30, 10>
2026-06-23 10:29:40,148 - INFO - Token: <ID, 'k', 30, 12>
2026-06-23 10:29:40,148 - INFO - Token: <SOMA, '+', 30, 14>
2026-06-23 10:29:40,148 - INFO - Token: <NUMERO, '1', 30, 16>
2026-06-23 10:29:40,148 - INFO - Token: <PONTO_VIRGULA, ';', 30, 17>
2026-06-23 10:29:40,148 - INFO - Token: <FECHA_CHAVES, '}', 31, 4>
2026-06-23 10:29:40,148 - INFO - Token: <PT, 'pt', 33, 4>
2026-06-23 10:29:40,149 - INFO - Token: <ABRE_PARENTESES, '(', 33, 6>
2026-06-23 10:29:40,149 - INFO - Token: <STRING, '"---"', 33, 7>
2026-06-23 10:29:40,149 - INFO - Token: <FECHA_PARENTESES, ')', 33, 12>
2026-06-23 10:29:40,149 - INFO - Token: <PONTO_VIRGULA, ';', 33, 13>
2026-06-23 10:29:40,149 - INFO - Token: <ID, 'r', 34, 4>
2026-06-23 10:29:40,149 - INFO - Token: <ATRIBUICAO, '=', 34, 6>
2026-06-23 10:29:40,149 - INFO - Token: <ID, 'r', 34, 8>
2026-06-23 10:29:40,149 - INFO - Token: <SOMA, '+', 34, 10>
2026-06-23 10:29:40,149 - INFO - Token: <NUMERO, '1', 34, 12>
2026-06-23 10:29:40,149 - INFO - Token: <PONTO_VIRGULA, ';', 34, 13>
2026-06-23 10:29:40,149 - INFO - Token: <FECHA_CHAVES, '}', 35, 0>
2026-06-23 10:29:40,149 - INFO - Iniciando análise sintática.
2026-06-23 10:29:40,159 - INFO - Análise sintática concluída.
2026-06-23 10:29:40,159 - INFO - Iniciando análise semântica.
2026-06-23 10:29:40,160 - INFO - Análise semântica concluída sem erros.
2026-06-23 10:29:40,160 - INFO - Análise semântica concluída.
2026-06-23 10:29:40,160 - INFO - Iniciando geração de código Python.
2026-06-23 10:29:40,161 - INFO - Código Python gerado em saida.py.
